VehicleID,Timestamp,Latitude,Longitude,Speed
1,2026-07-01 00:00:00,28.605441002363857,77.19998580711156,46
1,2026-07-01 00:05:00,28.605720043656056,77.20099632239636,48
1,2026-07-01 00:10:00,28.60523742485961,77.2011604872162,50
1,2026-07-01 00:15:00,28.604767950473676,77.20170304725978,49
1,2026-07-01 00:20:00,28.606230328594023,77.20324176222739,52
1,2026-07-01 00:25:00,28.607046773674973,77.20171788622977,56
1,2026-07-01 00:30:00,28.60679572970689,77.20155401911327,53
1,2026-07-01 00:35:00,28.606938194309276,77.20151936692905,56
1,2026-07-01 00:40:00,28.6070604134745,77.20100393126695,55
1,2026-07-01 00:45:00,28.606767014328142,77.20097409269759,58
1,2026-07-01 00:50:00,28.606166375638225,77.2006823989478,56
1,2026-07-01 00:55:00,28.60694556827274,77.19958130119146,58
1,2026-07-01 01:00:00,28.607768113184843,77.19836045754148,54
1,2026-07-01 01:05:00,28.60639017388102,77.19800734088948,52
1,2026-07-01 01:10:00,28.606608812197074,77.19888910192843,54
1,2026-07-01 01:15:00,28.607394344321573,77.2015451120197,56
1,2026-07-01 01:20:00,28.607867537571032,77.20220430261813,55
1,2026-07-01 01:25:00,28.60832835387118,77.20229022608976,58
1,2026-07-01 01:30:00,28.60748493394782,77.20177690068437,61
1,2026-07-01 01:35:00,28.608067056742534,77.20266464914395,58
1,2026-07-01 01:40:00,28.60854309932996,77.20396831041235,62
1,2026-07-01 01:45:00,28.60770388180674,77.2036590980365,63
1,2026-07-01 01:50:00,28.60753567671864,77.204823866682,58
1,2026-07-01 01:55:00,28.60735794459737,77.20441348337332,60
1,2026-07-01 02:00:00,28.608307949992877,77.2061399998419,60
1,2026-07-01 02:05:00,28.608235939871296,77.20714353273979,59
1,2026-07-01 02:10:00,28.607302177030384,77.20792774092745,60
1,2026-07-01 02:15:00,28.607151643172124,77.20696218325556,57
1,2026-07-01 02:20:00,28.60723869024036,77.20666317590509,55
1,2026-07-01 02:25:00,28.60903297108337,77.20724386544683,54
1,2026-07-01 02:30:00,28.608498554629694,77.20574881157602,59
1,2026-07-01 02:35:00,28.610121475129034,77.20657254465299,55
1,2026-07-01 02:40:00,28.608654507243855,77.2074651741245,54
1,2026-07-01 02:45:00,28.60891162411391,77.20777968702036,52
1,2026-07-01 02:50:00,28.60900870166326,77.2087483320109,56
1,2026-07-01 02:55:00,28.608681076479982,77.20788673395666,51
1,2026-07-01 03:00:00,28.609530997684043,77.2065754097309,54
1,2026-07-01 03:05:00,28.609827117961107,77.20683646500308,55
1,2026-07-01 03:10:00,28.609954130200478,77.20558702128028,54
1,2026-07-01 03:15:00,28.608857864405195,77.20650190560221,56
1,2026-07-01 03:20:00,28.60869657869353,77.20690595645902,58
1,2026-07-01 03:25:00,28.607753521885062,77.20830991519769,53
1,2026-07-01 03:30:00,28.606907504868605,77.2074874258289,54
1,2026-07-01 03:35:00,28.604988733653308,77.20746091195345,49
1,2026-07-01 03:40:00,28.604924355602506,77.20780581428849,50
1,2026-07-01 03:45:00,28.605402109701938,77.20754678564376,47
1,2026-07-01 03:50:00,28.605740132360815,77.20952135684071,51
1,2026-07-01 03:55:00,28.60688295517533,77.2102732898734,56
1,2026-07-01 04:00:00,28.607610788289495,77.20965422051304,55
1,2026-07-01 04:05:00,28.609015993595374,77.21104654626653,60
1,2026-07-01 04:10:00,28.609528417327745,77.21159003495777,63
1,2026-07-01 04:15:00,28.608537881002615,77.21102373722816,60
1,2026-07-01 04:20:00,28.610244485956294,77.2118973266438,57
1,2026-07-01 04:25:00,28.61113199757071,77.21250280977465,55
1,2026-07-01 04:30:00,28.610069693856982,77.21297640220529,50
1,2026-07-01 04:35:00,28.61049770669797,77.21050670334022,52
1,2026-07-01 04:40:00,28.61010944229899,77.20962119096639,55
1,2026-07-01 04:45:00,28.610315092432998,77.2081777076147,59
1,2026-07-01 04:50:00,28.61112860965037,77.20694684329825,63
1,2026-07-01 04:55:00,28.611141643550134,77.20732461289023,58
1,2026-07-01 05:00:00,28.610817152592304,77.20711874617314,57
1,2026-07-01 05:05:00,28.611077035386554,77.20790056904491,60
1,2026-07-01 05:10:00,28.612041845968882,77.20683573789205,57
1,2026-07-01 05:15:00,28.611756356667897,77.2079010303609,52
1,2026-07-01 05:20:00,28.611076331946318,77.20813328405806,54
1,2026-07-01 05:25:00,28.61172938025737,77.20923597152353,51
1,2026-07-01 05:30:00,28.612296274328155,77.20907147108936,54
1,2026-07-01 05:35:00,28.6141620488393,77.20954530401028,57
1,2026-07-01 05:40:00,28.612831974773787,77.2095200163847,59
1,2026-07-01 05:45:00,28.613795350903032,77.20993279731164,54
1,2026-07-01 05:50:00,28.61421346942499,77.20804626926585,59
1,2026-07-01 05:55:00,28.612843598368272,77.20727448851636,59
1,2026-07-01 06:00:00,28.612832154920802,77.20768784260399,61
1,2026-07-01 06:05:00,28.614041536891488,77.20822580260769,56
1,2026-07-01 06:10:00,28.61377688005825,77.21094597177428,55
1,2026-07-01 06:15:00,28.613772184063578,77.20937515979075,53
1,2026-07-01 06:20:00,28.613814164128048,77.20923788797366,48
1,2026-07-01 06:25:00,28.613802580808265,77.20942848667877,47
1,2026-07-01 06:30:00,28.614129804194633,77.20993506198045,46
1,2026-07-01 06:35:00,28.61400567180575,77.21067540279839,45
1,2026-07-01 06:40:00,28.614342070569535,77.2107260326093,43
1,2026-07-01 06:45:00,28.613495276851467,77.20921118538462,44
1,2026-07-01 06:50:00,28.613384072851655,77.20746211595045,40
1,2026-07-01 06:55:00,28.614094182092018,77.207554594822,44
1,2026-07-01 07:00:00,28.61472929464292,77.20647439395196,45
1,2026-07-01 07:05:00,28.614787503361367,77.20533142365413,41
1,2026-07-01 07:10:00,28.615670341021875,77.20488211926804,44
1,2026-07-01 07:15:00,28.61471133292545,77.2062641238722,48
1,2026-07-01 07:20:00,28.61522636819266,77.20677790982312,51
1,2026-07-01 07:25:00,28.614493417057616,77.20697325629567,52
1,2026-07-01 07:30:00,28.61593077338595,77.2069805626684,47
1,2026-07-01 07:35:00,28.615765463771396,77.20629338749308,44
1,2026-07-01 07:40:00,28.614612898399734,77.20479261909986,40
1,2026-07-01 07:45:00,28.61650244605586,77.20411681436565,37
1,2026-07-01 07:50:00,28.618817104622536,77.20224954917306,37
1,2026-07-01 07:55:00,28.618402572817146,77.2023297478856,35
1,2026-07-01 08:00:00,28.616411035030616,77.20275577375243,37
1,2026-07-01 08:05:00,28.615695731321356,77.20343537150137,36
1,2026-07-01 08:10:00,28.616906129954494,77.20328413553588,34
1,2026-07-01 08:15:00,28.618569899743942,77.20254489910442,36
1,2026-07-01 08:20:00,28.616544757157286,77.2027313534192,31
1,2026-07-01 08:25:00,28.615236842857616,77.20074075386962,35
1,2026-07-01 08:30:00,28.61446502377986,77.20240205560023,39
1,2026-07-01 08:35:00,28.614349550369937,77.20323376417721,39
1,2026-07-01 08:40:00,28.615294932060024,77.20450017103259,38
1,2026-07-01 08:45:00,28.615565993808765,77.2067449776386,37
1,2026-07-01 08:50:00,28.61423916204263,77.20858869343635,41
1,2026-07-01 08:55:00,28.615506073191817,77.20788102397074,44
1,2026-07-01 09:00:00,28.6148260688577,77.20761761812588,39
1,2026-07-01 09:05:00,28.61552516123956,77.2082175147596,37
1,2026-07-01 09:10:00,28.615272593088168,77.20696973157763,38
1,2026-07-01 09:15:00,28.6149481976406,77.20749434057826,42
1,2026-07-01 09:20:00,28.615006706542907,77.20984233750671,37
1,2026-07-01 09:25:00,28.616940249172337,77.21025621234396,39
1,2026-07-01 09:30:00,28.61728431730374,77.21118244488684,37
1,2026-07-01 09:35:00,28.61538694032125,77.21246298564853,32
1,2026-07-01 09:40:00,28.617519973695906,77.210510897849,31
1,2026-07-01 09:45:00,28.618656991114538,77.21095778799378,33
1,2026-07-01 09:50:00,28.618170558348485,77.21116538625506,35
1,2026-07-01 09:55:00,28.61972548102512,77.21018418591983,31
1,2026-07-01 10:00:00,28.61969705956752,77.20846776147388,35
1,2026-07-01 10:05:00,28.62064907066137,77.20992031172135,37
1,2026-07-01 10:10:00,28.621461932780207,77.21054994056327,40
1,2026-07-01 10:15:00,28.619245171725723,77.21193950690189,42
1,2026-07-01 10:20:00,28.61745750011379,77.2107189367976,43
1,2026-07-01 10:25:00,28.61850117575916,77.2109479153358,42
1,2026-07-01 10:30:00,28.619265653994486,77.20983675152306,43
1,2026-07-01 10:35:00,28.618857738641715,77.21009837457903,38
1,2026-07-01 10:40:00,28.618531765500734,77.21335235970513,41
1,2026-07-01 10:45:00,28.61921371847203,77.21304209294853,36
1,2026-07-01 10:50:00,28.61880242788137,77.21402611649309,34
1,2026-07-01 10:55:00,28.62071474552121,77.21509134357564,33
1,2026-07-01 11:00:00,28.62091665296301,77.21428660689057,31
1,2026-07-01 11:05:00,28.622074763836512,77.21507826958452,32
1,2026-07-01 11:10:00,28.62173217496828,77.21532758412614,31
1,2026-07-01 11:15:00,28.621033028390187,77.21531876707989,35
1,2026-07-01 11:20:00,28.622008148123605,77.2151717096984,40
1,2026-07-01 11:25:00,28.622897132417883,77.21566777393163,35
1,2026-07-01 11:30:00,28.62246382901098,77.21587159665916,31
1,2026-07-01 11:35:00,28.620882175085363,77.2159506056734,33
1,2026-07-01 11:40:00,28.619434090743866,77.21454314189903,31
1,2026-07-01 11:45:00,28.619723973555402,77.21435591694268,29
1,2026-07-01 11:50:00,28.62105047744284,77.21340152681411,26
1,2026-07-01 11:55:00,28.621361385008438,77.21487688303105,31
1,2026-07-01 12:00:00,28.620569665029784,77.2137049061766,28
1,2026-07-01 12:05:00,28.619995463580977,77.21221293185114,32
1,2026-07-01 12:10:00,28.620847408048544,77.21298127130545,35
1,2026-07-01 12:15:00,28.621687579207823,77.21411461333052,38
1,2026-07-01 12:20:00,28.62024196923535,77.21327047641701,40
1,2026-07-01 12:25:00,28.61767762725389,77.2144132023003,44
1,2026-07-01 12:30:00,28.617901719735702,77.21442579470109,43
1,2026-07-01 12:35:00,28.618745293758483,77.21335947322285,46
1,2026-07-01 12:40:00,28.62102105505605,77.2137656999079,41
1,2026-07-01 12:45:00,28.622221466604465,77.21558178769814,42
1,2026-07-01 12:50:00,28.62441126953768,77.21477348941279,44
1,2026-07-01 12:55:00,28.624873993851324,77.21373263925952,46
1,2026-07-01 13:00:00,28.62590659425534,77.21192250793452,45
1,2026-07-01 13:05:00,28.62624835023112,77.21379867877373,40
1,2026-07-01 13:10:00,28.627976097858554,77.21230607740931,37
1,2026-07-01 13:15:00,28.628718060875084,77.21378273603474,33
1,2026-07-01 13:20:00,28.627486330107573,77.21397232095491,35
1,2026-07-01 13:25:00,28.628665770228295,77.21350314530281,30
1,2026-07-01 13:30:00,28.63003814802484,77.21282535920982,33
1,2026-07-01 13:35:00,28.62992360817959,77.21406317552179,30
1,2026-07-01 13:40:00,28.630142291271863,77.21357879982982,29
1,2026-07-01 13:45:00,28.631658524594798,77.21389125831092,28
1,2026-07-01 13:50:00,28.63101424941463,77.21524722869623,27
1,2026-07-01 13:55:00,28.62994662898525,77.2151048492112,24
1,2026-07-01 14:00:00,28.629074525219846,77.21443382530005,19
1,2026-07-01 14:05:00,28.630134972033957,77.21597519629697,21
1,2026-07-01 14:10:00,28.630133336067313,77.2155491639584,21
1,2026-07-01 14:15:00,28.630248197535526,77.21710042681313,16
1,2026-07-01 14:20:00,28.63230894546041,77.21885576765557,21
1,2026-07-01 14:25:00,28.631288562213147,77.21858667321764,22
1,2026-07-01 14:30:00,28.63193393816273,77.21995530477517,18
1,2026-07-01 14:35:00,28.63213705171068,77.22000487750446,14
1,2026-07-01 14:40:00,28.63040617860691,77.22144921629645,19
1,2026-07-01 14:45:00,28.63065737357913,77.22099541963148,22
1,2026-07-01 14:50:00,28.632159730631226,77.2210695144119,23
1,2026-07-01 14:55:00,28.634065637868154,77.22129711673283,21
1,2026-07-01 15:00:00,28.63527779430138,77.22115306743456,16
1,2026-07-01 15:05:00,28.63499640919483,77.21948837423837,12
1,2026-07-01 15:10:00,28.633473248324357,77.2206942894456,17
1,2026-07-01 15:15:00,28.631653947874828,77.2216088949612,20
1,2026-07-01 15:20:00,28.63399592307734,77.22050704016121,25
1,2026-07-01 15:25:00,28.634362521323435,77.21956716037488,27
1,2026-07-01 15:30:00,28.633610074623107,77.22124090853427,24
1,2026-07-01 15:35:00,28.634077854169316,77.22125597291586,28
1,2026-07-01 15:40:00,28.634693960823334,77.22072724893036,24
1,2026-07-01 15:45:00,28.633878461750047,77.22016822343713,23
1,2026-07-01 15:50:00,28.63556138821442,77.22254986023164,27
1,2026-07-01 15:55:00,28.634342898573134,77.22138953520637,31
1,2026-07-01 16:00:00,28.634857487563824,77.22259417027895,33
1,2026-07-01 16:05:00,28.634745159514132,77.22237320067941,28
1,2026-07-01 16:10:00,28.634926666491758,77.22159796888575,26
1,2026-07-01 16:15:00,28.63437938665542,77.22036991486662,26
1,2026-07-01 16:20:00,28.63514811414757,77.21958957151257,28
1,2026-07-01 16:25:00,28.634895194843462,77.21971700591924,33
1,2026-07-01 16:30:00,28.635746596935842,77.21872907007344,34
1,2026-07-01 16:35:00,28.638825477744298,77.21984864498486,30
2,2026-07-01 00:00:00,28.61553154012555,77.1749437596079,18
2,2026-07-01 00:05:00,28.616721139906833,77.1751670957666,18
2,2026-07-01 00:10:00,28.61594791493638,77.17481630652142,13
2,2026-07-01 00:15:00,28.615598131175425,77.17270560700027,17
2,2026-07-01 00:20:00,28.615590158534108,77.17418555113916,15
2,2026-07-01 00:25:00,28.6179644879376,77.17520008383185,17
2,2026-07-01 00:30:00,28.61944392186543,77.17718622023808,21
2,2026-07-01 00:35:00,28.618568303612044,77.17580342050712,25
2,2026-07-01 00:40:00,28.617153101092526,77.17639882164283,30
2,2026-07-01 00:45:00,28.617180792024143,77.17652618712137,25
2,2026-07-01 00:50:00,28.616974553065187,77.17424823670356,30
2,2026-07-01 00:55:00,28.617148519394355,77.17515610865081,35
2,2026-07-01 01:00:00,28.617385843779115,77.17542968605395,30
2,2026-07-01 01:05:00,28.619181008335755,77.17535517840741,33
2,2026-07-01 01:10:00,28.619466988501944,77.17713829124278,37
2,2026-07-01 01:15:00,28.620400000642334,77.17637655632706,37
2,2026-07-01 01:20:00,28.621040582649282,77.17556177219906,32
2,2026-07-01 01:25:00,28.619516292116113,77.17635950851364,31
2,2026-07-01 01:30:00,28.620280544314724,77.17637030667845,36
2,2026-07-01 01:35:00,28.618550964221715,77.17761202063811,38
2,2026-07-01 01:40:00,28.617948995542818,77.17837227173274,37
2,2026-07-01 01:45:00,28.620338873815037,77.17776785725461,34
2,2026-07-01 01:50:00,28.62091594594222,77.17756481186856,30
2,2026-07-01 01:55:00,28.62128709181559,77.17696082668185,33
2,2026-07-01 02:00:00,28.620778685860696,77.17571898616514,28
2,2026-07-01 02:05:00,28.621266729940075,77.17729912026022,30
2,2026-07-01 02:10:00,28.621798646832293,77.17799547138686,27
2,2026-07-01 02:15:00,28.62219309897467,77.17757448690604,32
2,2026-07-01 02:20:00,28.62293546389093,77.17781794341674,35
2,2026-07-01 02:25:00,28.62266526057225,77.1787655603544,37
2,2026-07-01 02:30:00,28.62443763855923,77.17836718696422,34
2,2026-07-01 02:35:00,28.6251455629262,77.1805756374901,29
2,2026-07-01 02:40:00,28.625472490299963,77.18035653696128,30
2,2026-07-01 02:45:00,28.62472538241102,77.18041145625993,32
2,2026-07-01 02:50:00,28.623840566469102,77.18069839752116,32
2,2026-07-01 02:55:00,28.625055288528788,77.17981753387667,36
2,2026-07-01 03:00:00,28.625393784936282,77.17940224596278,31
2,2026-07-01 03:05:00,28.626359706944243,77.17948430083393,29
2,2026-07-01 03:10:00,28.627329784722157,77.18020507388307,24
2,2026-07-01 03:15:00,28.627401350959378,77.17972741643631,28
2,2026-07-01 03:20:00,28.629043447130485,77.17968860415358,28
2,2026-07-01 03:25:00,28.630330422094335,77.17924396659534,27
2,2026-07-01 03:30:00,28.62775749085295,77.17885842835537,23
2,2026-07-01 03:35:00,28.62778475555777,77.17872332804745,21
2,2026-07-01 03:40:00,28.62615253747834,77.17900429236838,20
2,2026-07-01 03:45:00,28.624974751936847,77.17832403078118,21
2,2026-07-01 03:50:00,28.625629117593203,77.17826844611028,25
2,2026-07-01 03:55:00,28.62580964843501,77.18091201769369,28
2,2026-07-01 04:00:00,28.626677497471672,77.17997550367619,33
2,2026-07-01 04:05:00,28.626786892266278,77.18070127030009,31
2,2026-07-01 04:10:00,28.62799186291358,77.18137369531898,35
2,2026-07-01 04:15:00,28.6273644440292,77.18087830607605,33
2,2026-07-01 04:20:00,28.62742016894149,77.18197249759453,35
2,2026-07-01 04:25:00,28.62583676222045,77.18338798039704,34
2,2026-07-01 04:30:00,28.626907758687658,77.18280517979564,33
2,2026-07-01 04:35:00,28.62599251730766,77.18305128347792,31
2,2026-07-01 04:40:00,28.626815687891625,77.18312460144512,27
2,2026-07-01 04:45:00,28.625259937915754,77.18033996580033,32
2,2026-07-01 04:50:00,28.623757172898124,77.18007923063544,37
2,2026-07-01 04:55:00,28.62351142983404,77.17980650706569,38
2,2026-07-01 05:00:00,28.624550255979152,77.17910829103738,43
2,2026-07-01 05:05:00,28.623533063808605,77.17962496034603,41
2,2026-07-01 05:10:00,28.625809715435004,77.17799565773548,41
2,2026-07-01 05:15:00,28.628383075238254,77.1780548761695,42
2,2026-07-01 05:20:00,28.629732779865567,77.17772525882769,37
2,2026-07-01 05:25:00,28.62970002659535,77.17718183405655,39
2,2026-07-01 05:30:00,28.628049290875904,77.177882776318,36
2,2026-07-01 05:35:00,28.629437873144944,77.17522342496095,31
2,2026-07-01 05:40:00,28.630683958337443,77.17315003472854,29
2,2026-07-01 05:45:00,28.630973800601613,77.17289521346017,30
2,2026-07-01 05:50:00,28.630145142565276,77.17381684817852,27
2,2026-07-01 05:55:00,28.62903456671981,77.17556911862194,28
2,2026-07-01 06:00:00,28.628777749691885,77.17659340520372,31
2,2026-07-01 06:05:00,28.628073279588424,77.17586509005378,36
2,2026-07-01 06:10:00,28.630644651948113,77.17601409542068,39
2,2026-07-01 06:15:00,28.630120131681835,77.17650346998191,34
2,2026-07-01 06:20:00,28.63183678945829,77.17694443816377,31
2,2026-07-01 06:25:00,28.632650653366415,77.1760040243892,33
2,2026-07-01 06:30:00,28.630957387191707,77.17510349150402,29
2,2026-07-01 06:35:00,28.631283520213948,77.17385237792763,25
2,2026-07-01 06:40:00,28.630042018982998,77.17303607251857,21
2,2026-07-01 06:45:00,28.62971268798468,77.17293924648118,19
2,2026-07-01 06:50:00,28.62843225863218,77.17469404066317,22
2,2026-07-01 06:55:00,28.62667878921593,77.1741491184282,20
2,2026-07-01 07:00:00,28.62684520436469,77.17317313861992,25
2,2026-07-01 07:05:00,28.626959432013354,77.17332344038138,20
2,2026-07-01 07:10:00,28.629237910741544,77.17053943615258,23
2,2026-07-01 07:15:00,28.631393150279976,77.17121169343699,24
2,2026-07-01 07:20:00,28.632010540089695,77.17001152344059,22
2,2026-07-01 07:25:00,28.633113565356474,77.17116294881505,22
2,2026-07-01 07:30:00,28.631483972370496,77.17171481247036,17
2,2026-07-01 07:35:00,28.63141499171015,77.16913659704069,18
2,2026-07-01 07:40:00,28.63051619180191,77.1682269631432,23
2,2026-07-01 07:45:00,28.632136725247076,77.16979745777846,26
2,2026-07-01 07:50:00,28.6348974871828,77.16958177225156,21
2,2026-07-01 07:55:00,28.63305661295147,77.16830219528482,25
2,2026-07-01 08:00:00,28.63120182714731,77.16731261222725,25
2,2026-07-01 08:05:00,28.630853814061016,77.16751117059015,23
2,2026-07-01 08:10:00,28.630628808157645,77.16871876276058,21
2,2026-07-01 08:15:00,28.62965293490467,77.16977240455718,18
2,2026-07-01 08:20:00,28.629525239054058,77.1703275498459,20
2,2026-07-01 08:25:00,28.629620559861007,77.17050658664245,15
2,2026-07-01 08:30:00,28.629918320111926,77.16878704563574,12
2,2026-07-01 08:35:00,28.62934268228569,77.16890905545038,17
2,2026-07-01 08:40:00,28.62765312505961,77.16989617765051,21
2,2026-07-01 08:45:00,28.62553376769157,77.16954531234354,23
2,2026-07-01 08:50:00,28.625498779201074,77.17131611297918,28
2,2026-07-01 08:55:00,28.624554088513538,77.17361902487691,25
2,2026-07-01 09:00:00,28.625053826133648,77.17415161998629,22
2,2026-07-01 09:05:00,28.625675636095867,77.1725813952664,19
2,2026-07-01 09:10:00,28.62666135881269,77.17198693071826,14
2,2026-07-01 09:15:00,28.625342010923553,77.17176068549925,16
2,2026-07-01 09:20:00,28.626033631604503,77.17304683395436,11
2,2026-07-01 09:25:00,28.62731990021791,77.17410904380527,11
2,2026-07-01 09:30:00,28.62867474539028,77.17513768643558,14
2,2026-07-01 09:35:00,28.629104363609414,77.17534537412274,15
2,2026-07-01 09:40:00,28.627853367278433,77.1779513515897,16
2,2026-07-01 09:45:00,28.62830000700995,77.17773807921374,12
2,2026-07-01 09:50:00,28.62965686378417,77.17737864193971,10
2,2026-07-01 09:55:00,28.629191413601767,77.17826515935228,14
2,2026-07-01 10:00:00,28.630539269383096,77.17956256546714,16
2,2026-07-01 10:05:00,28.630104773155665,77.17925339334367,12
2,2026-07-01 10:10:00,28.63018443101319,77.18026670937972,16
2,2026-07-01 10:15:00,28.629923403759946,77.18040169410054,18
2,2026-07-01 10:20:00,28.6313703816443,77.18059824887705,21
2,2026-07-01 10:25:00,28.63151567788404,77.18231182286787,25
2,2026-07-01 10:30:00,28.631297573985666,77.1833076803966,22
2,2026-07-01 10:35:00,28.63137985797494,77.18437316077166,19
2,2026-07-01 10:40:00,28.63135558069505,77.18381793677253,21
2,2026-07-01 10:45:00,28.630677871689425,77.18229669189793,24
2,2026-07-01 10:50:00,28.630964845647878,77.18021147425436,19
2,2026-07-01 10:55:00,28.630544658830782,77.1799296896455,21
2,2026-07-01 11:00:00,28.6295385429377,77.17887877768767,20
2,2026-07-01 11:05:00,28.629503858050313,77.17911299242022,15
2,2026-07-01 11:10:00,28.62855039887934,77.17883786843387,20
2,2026-07-01 11:15:00,28.628384675826194,77.17801228359086,22
2,2026-07-01 11:20:00,28.628628171565,77.17894038136748,18
2,2026-07-01 11:25:00,28.629795274479385,77.18056148992527,22
2,2026-07-01 11:30:00,28.62966706295329,77.18006034995798,25
2,2026-07-01 11:35:00,28.630222439770094,77.17943747946155,25
2,2026-07-01 11:40:00,28.63073771262308,77.1806316614241,26
2,2026-07-01 11:45:00,28.63215821687107,77.18006091513035,21
2,2026-07-01 11:50:00,28.632501835460605,77.17968436247934,21
2,2026-07-01 11:55:00,28.633880110246942,77.18036794822454,24
2,2026-07-01 12:00:00,28.635427615448272,77.18216382589763,20
2,2026-07-01 12:05:00,28.633181948249277,77.18128545471053,25
2,2026-07-01 12:10:00,28.633725447352067,77.18236906436444,24
2,2026-07-01 12:15:00,28.632819411557563,77.18334391464913,24
2,2026-07-01 12:20:00,28.63370351239412,77.18239323085773,28
2,2026-07-01 12:25:00,28.634254580139597,77.18243210846565,27
2,2026-07-01 12:30:00,28.63429785183434,77.18346258188609,24
2,2026-07-01 12:35:00,28.633808412391822,77.18450674276316,20
2,2026-07-01 12:40:00,28.634912126261213,77.18463930883112,15
2,2026-07-01 12:45:00,28.6351521489989,77.1849448631515,17
2,2026-07-01 12:50:00,28.634514295902168,77.18447071757038,20
2,2026-07-01 12:55:00,28.633345399636426,77.18372820321952,19
2,2026-07-01 13:00:00,28.634353920461205,77.18525989202075,19
2,2026-07-01 13:05:00,28.634548773282408,77.18510121757704,23
2,2026-07-01 13:10:00,28.63558897921063,77.18500646420347,27
2,2026-07-01 13:15:00,28.635218655842035,77.18417290521619,28
2,2026-07-01 13:20:00,28.63558732915091,77.18377956640386,29
2,2026-07-01 13:25:00,28.63623986384467,77.18188702041856,31
2,2026-07-01 13:30:00,28.636993168113747,77.18053677200662,33
2,2026-07-01 13:35:00,28.63677197078202,77.18072649289017,30
2,2026-07-01 13:40:00,28.637021354465734,77.18230394616994,26
2,2026-07-01 13:45:00,28.63823033640984,77.18086245192187,25
2,2026-07-01 13:50:00,28.63778390279529,77.18105654191477,30
2,2026-07-01 13:55:00,28.638274322366993,77.18045276167571,25
2,2026-07-01 14:00:00,28.63646436346601,77.18141777663678,29
2,2026-07-01 14:05:00,28.638484765429695,77.18067790236032,27
2,2026-07-01 14:10:00,28.64005028945893,77.18061215209924,31
2,2026-07-01 14:15:00,28.64072858887012,77.18056412256853,28
2,2026-07-01 14:20:00,28.639498719491883,77.18038638224704,29
2,2026-07-01 14:25:00,28.638956114650124,77.18126348422582,25
2,2026-07-01 14:30:00,28.63823267783602,77.18199462975508,30
2,2026-07-01 14:35:00,28.638010265057563,77.18084767112634,29
2,2026-07-01 14:40:00,28.63616349262309,77.18028100171384,33
2,2026-07-01 14:45:00,28.635922256565234,77.18063305711036,30
2,2026-07-01 14:50:00,28.635996462779033,77.18040365450763,26
2,2026-07-01 14:55:00,28.63591431160064,77.18152095033922,28
2,2026-07-01 15:00:00,28.635495391481392,77.18103917707623,27
2,2026-07-01 15:05:00,28.635336735985522,77.17985253555887,23
2,2026-07-01 15:10:00,28.63597945874539,77.181181688089,22
2,2026-07-01 15:15:00,28.635817832999926,77.17984041341798,23
2,2026-07-01 15:20:00,28.636192810938265,77.17908301390108,21
2,2026-07-01 15:25:00,28.634706040155564,77.17939943997413,21
2,2026-07-01 15:30:00,28.63311463550807,77.17996414103666,23
2,2026-07-01 15:35:00,28.633411094442067,77.17992328310307,18
2,2026-07-01 15:40:00,28.632958788122817,77.17749940377644,18
2,2026-07-01 15:45:00,28.633982309645283,77.17640577483037,13
2,2026-07-01 15:50:00,28.634922157748814,77.17725178837505,16
2,2026-07-01 15:55:00,28.634918555209723,77.17609342368586,16
2,2026-07-01 16:00:00,28.634309059627906,77.17494693247825,18
2,2026-07-01 16:05:00,28.633432740959933,77.17498459271141,13
2,2026-07-01 16:10:00,28.63296163278763,77.17605971698663,14
2,2026-07-01 16:15:00,28.633157043072625,77.17499708420921,18
2,2026-07-01 16:20:00,28.63258586408284,77.17556966699057,19
2,2026-07-01 16:25:00,28.63293775515075,77.17570244768883,16
2,2026-07-01 16:30:00,28.633148323128378,77.17658274393808,19
2,2026-07-01 16:35:00,28.6332079534983,77.17593580716039,15
3,2026-07-01 00:00:00,28.612766505882455,77.20654373755828,50
3,2026-07-01 00:05:00,28.61266568289227,77.20804230239715,53
3,2026-07-01 00:10:00,28.612443770439477,77.2068277834415,49
3,2026-07-01 00:15:00,28.611412194192607,77.20629848520394,50
3,2026-07-01 00:20:00,28.61084920052107,77.20621663447245,46
3,2026-07-01 00:25:00,28.61135519163103,77.204219223129,51
3,2026-07-01 00:30:00,28.61022736441053,77.20478350051702,48
3,2026-07-01 00:35:00,28.609815051291797,77.20337153954048,43
3,2026-07-01 00:40:00,28.609478428564476,77.20372329421708,42
3,2026-07-01 00:45:00,28.610411307648803,77.2045964527657,40
3,2026-07-01 00:50:00,28.61179574976049,77.20535390851502,38
3,2026-07-01 00:55:00,28.614900617188955,77.20570131115167,35
3,2026-07-01 01:00:00,28.61333881032756,77.2077030482542,34
3,2026-07-01 01:05:00,28.61490751933857,77.20615951044236,30
3,2026-07-01 01:10:00,28.615507303194534,77.20729305721686,27
3,2026-07-01 01:15:00,28.6163078014363,77.20747233182128,24
3,2026-07-01 01:20:00,28.617784341786024,77.20885242317543,19
3,2026-07-01 01:25:00,28.618185967291517,77.20816681289435,20
3,2026-07-01 01:30:00,28.616800382205035,77.20961112447806,16
3,2026-07-01 01:35:00,28.617124182332642,77.20931963449907,19
3,2026-07-01 01:40:00,28.617667782487235,77.20894902016698,21
3,2026-07-01 01:45:00,28.619479474543354,77.20983374658874,22
3,2026-07-01 01:50:00,28.619117033601952,77.20871407669412,25
3,2026-07-01 01:55:00,28.620164042776597,77.20841881446141,24
3,2026-07-01 02:00:00,28.62127176322688,77.20771073559521,26
3,2026-07-01 02:05:00,28.619865478598296,77.2071581076003,31
3,2026-07-01 02:10:00,28.619715058743836,77.20815365618567,35
3,2026-07-01 02:15:00,28.621666093041856,77.20756367759526,38
3,2026-07-01 02:20:00,28.6201095111432,77.20713556243429,43
3,2026-07-01 02:25:00,28.618813009375717,77.20562296693345,48
3,2026-07-01 02:30:00,28.619660088385704,77.20684546784834,47
3,2026-07-01 02:35:00,28.620367300068715,77.20781576673559,49
3,2026-07-01 02:40:00,28.621397583522747,77.20805455589462,54
3,2026-07-01 02:45:00,28.62107070274307,77.20750360778015,50
3,2026-07-01 02:50:00,28.620749079607023,77.20705260275003,54
3,2026-07-01 02:55:00,28.62148171968424,77.20697188616991,53
3,2026-07-01 03:00:00,28.621672657435013,77.2060773229375,57
3,2026-07-01 03:05:00,28.621191711307755,77.20362219791178,62
3,2026-07-01 03:10:00,28.622108038982457,77.20396868638768,64
3,2026-07-01 03:15:00,28.620007120121006,77.20690643923486,64
3,2026-07-01 03:20:00,28.621115302937742,77.20586653330773,68
3,2026-07-01 03:25:00,28.620382618746483,77.20637196045435,67
3,2026-07-01 03:30:00,28.62065918789908,77.20572124691701,67
3,2026-07-01 03:35:00,28.620468505498316,77.2059386797902,63
3,2026-07-01 03:40:00,28.62036566133518,77.20591188544356,59
3,2026-07-01 03:45:00,28.621328626864294,77.206219506199,61
3,2026-07-01 03:50:00,28.620926592053948,77.20649853662447,64
3,2026-07-01 03:55:00,28.622032117986905,77.20768556693002,61
3,2026-07-01 04:00:00,28.62287130285462,77.20950093961486,57
3,2026-07-01 04:05:00,28.622807164508025,77.20982970202516,60
3,2026-07-01 04:10:00,28.622545198071705,77.2093220222427,65
3,2026-07-01 04:15:00,28.622301041436415,77.21028610941099,63
3,2026-07-01 04:20:00,28.623347961564065,77.21085605971633,59
3,2026-07-01 04:25:00,28.622983759080576,77.21160893539395,64
3,2026-07-01 04:30:00,28.62151467951994,77.21070977376695,65
3,2026-07-01 04:35:00,28.620236656936505,77.20906603305136,64
3,2026-07-01 04:40:00,28.621111491374773,77.20690905240666,59
3,2026-07-01 04:45:00,28.620472529627083,77.20558596261326,59
3,2026-07-01 04:50:00,28.620642223419434,77.20488584674005,63
3,2026-07-01 04:55:00,28.620645005790355,77.20650627638516,62
3,2026-07-01 05:00:00,28.620704147912626,77.20763239341117,62
3,2026-07-01 05:05:00,28.61907347454521,77.20780336438274,60
3,2026-07-01 05:10:00,28.62045774736372,77.20836727350279,60
3,2026-07-01 05:15:00,28.62131264774334,77.20934668440363,65
3,2026-07-01 05:20:00,28.62105996205534,77.20973876893333,70
3,2026-07-01 05:25:00,28.619842657199477,77.2092567221385,70
3,2026-07-01 05:30:00,28.61937584225369,77.20882939745594,68
3,2026-07-01 05:35:00,28.618505269637428,77.20784512508065,73
3,2026-07-01 05:40:00,28.618563065223015,77.208614782832,75
3,2026-07-01 05:45:00,28.61948138182902,77.20704428222838,71
3,2026-07-01 05:50:00,28.619797581905225,77.2069778918243,75
3,2026-07-01 05:55:00,28.619663313801865,77.2068186679462,79
3,2026-07-01 06:00:00,28.619122991618728,77.20733220865436,81
3,2026-07-01 06:05:00,28.61855619644568,77.20786053408857,83
3,2026-07-01 06:10:00,28.618536558646753,77.20841302404298,84
3,2026-07-01 06:15:00,28.618074929056498,77.20956535665172,88
3,2026-07-01 06:20:00,28.618322426853336,77.21181581141954,91
3,2026-07-01 06:25:00,28.61890171699764,77.21297649391524,93
3,2026-07-01 06:30:00,28.620051136725905,77.21267558989588,95
3,2026-07-01 06:35:00,28.62036787878471,77.21418525235427,100
3,2026-07-01 06:40:00,28.61964947151914,77.21508017673122,97
3,2026-07-01 06:45:00,28.620085027367512,77.2159724403916,100
3,2026-07-01 06:50:00,28.620324504829217,77.21519042275469,95
3,2026-07-01 06:55:00,28.61918237828592,77.21494010404295,90
3,2026-07-01 07:00:00,28.619816155166852,77.21535390314041,91
3,2026-07-01 07:05:00,28.618504315038688,77.21549815316322,90
3,2026-07-01 07:10:00,28.619728899476314,77.21712154972552,95
3,2026-07-01 07:15:00,28.619171407691308,77.21575174674594,98
3,2026-07-01 07:20:00,28.61948579118536,77.21574966294851,95
3,2026-07-01 07:25:00,28.621158070421448,77.21667259513072,99
3,2026-07-01 07:30:00,28.622835771235525,77.216119006889,94
3,2026-07-01 07:35:00,28.623225731821556,77.21732307490788,94
3,2026-07-01 07:40:00,28.62160268592809,77.21788642037039,92
3,2026-07-01 07:45:00,28.62102100501414,77.2168716636397,97
3,2026-07-01 07:50:00,28.622182928616287,77.21532013309294,92
3,2026-07-01 07:55:00,28.6226763119167,77.21628554106738,97
3,2026-07-01 08:00:00,28.621330943464464,77.21710955589798,99
3,2026-07-01 08:05:00,28.621793569799845,77.2192274118476,103
3,2026-07-01 08:10:00,28.62302123879232,77.21801777082891,104
3,2026-07-01 08:15:00,28.621521651336117,77.21668812752667,101
3,2026-07-01 08:20:00,28.621261152774178,77.21841496136888,103
3,2026-07-01 08:25:00,28.620436184397246,77.21857640123217,102
3,2026-07-01 08:30:00,28.620974940389694,77.21765572763908,105
3,2026-07-01 08:35:00,28.62064810409663,77.21646596609735,108
3,2026-07-01 08:40:00,28.618312531372464,77.21596666885777,109
3,2026-07-01 08:45:00,28.61722021860779,77.21565026040808,108
3,2026-07-01 08:50:00,28.618085535509813,77.21641435648658,103
3,2026-07-01 08:55:00,28.61816072259742,77.21764140654655,103
3,2026-07-01 09:00:00,28.618974019174004,77.2169550874709,98
3,2026-07-01 09:05:00,28.619129446504747,77.21942082142631,96
3,2026-07-01 09:10:00,28.618058852166513,77.21853107532452,92
3,2026-07-01 09:15:00,28.61652240042602,77.21734042675234,95
3,2026-07-01 09:20:00,28.61468619505292,77.21784841807926,93
3,2026-07-01 09:25:00,28.61487952571987,77.21775214477105,89
3,2026-07-01 09:30:00,28.615715849442868,77.2177834116483,94
3,2026-07-01 09:35:00,28.617405539856225,77.21967644806222,92
3,2026-07-01 09:40:00,28.61748736921477,77.21957755840903,89
3,2026-07-01 09:45:00,28.61786042815009,77.22157950437582,89
3,2026-07-01 09:50:00,28.61749904238291,77.22112940324213,92
3,2026-07-01 09:55:00,28.617064932203416,77.2205856238089,90
3,2026-07-01 10:00:00,28.61777720369292,77.22070584944234,86
3,2026-07-01 10:05:00,28.617752176734175,77.22152361574155,86
3,2026-07-01 10:10:00,28.617235920718237,77.22245539183895,83
3,2026-07-01 10:15:00,28.616170807055163,77.2221501671346,82
3,2026-07-01 10:20:00,28.616110286532855,77.2210984722465,80
3,2026-07-01 10:25:00,28.616618044203168,77.22115246066494,78
3,2026-07-01 10:30:00,28.615678708809348,77.22100837310921,78
3,2026-07-01 10:35:00,28.614022275944176,77.22226480945156,75
3,2026-07-01 10:40:00,28.61269104615146,77.22254313851278,78
3,2026-07-01 10:45:00,28.612839713608665,77.22220605254167,81
3,2026-07-01 10:50:00,28.611608938062897,77.22194571205094,80
3,2026-07-01 10:55:00,28.61124171384694,77.22123895529371,77
3,2026-07-01 11:00:00,28.611790243705475,77.2203165226077,72
3,2026-07-01 11:05:00,28.611950817686523,77.22031956862786,67
3,2026-07-01 11:10:00,28.611218064056832,77.21961789671784,65
3,2026-07-01 11:15:00,28.61216860206476,77.22004322577831,61
3,2026-07-01 11:20:00,28.610801723366343,77.21981846037642,62
3,2026-07-01 11:25:00,28.60885773593686,77.22251817451684,63
3,2026-07-01 11:30:00,28.609736379446584,77.22328037291763,64
3,2026-07-01 11:35:00,28.609159869045858,77.22068933062549,64
3,2026-07-01 11:40:00,28.609546834344712,77.22205698795696,65
3,2026-07-01 11:45:00,28.60965567997492,77.22093835652876,60
3,2026-07-01 11:50:00,28.61059091813632,77.22044458595101,59
3,2026-07-01 11:55:00,28.610468571233678,77.22000942935315,54
3,2026-07-01 12:00:00,28.608508413225383,77.22206998796977,52
3,2026-07-01 12:05:00,28.60782149746959,77.22161177145047,50
3,2026-07-01 12:10:00,28.607431900862732,77.22216560478225,46
3,2026-07-01 12:15:00,28.605129203873187,77.22172065902213,44
3,2026-07-01 12:20:00,28.604822108988476,77.22274681330352,48
3,2026-07-01 12:25:00,28.604153036249816,77.22378671799092,43
3,2026-07-01 12:30:00,28.604478213046345,77.22361999395783,45
3,2026-07-01 12:35:00,28.606635521259612,77.22301427903483,41
3,2026-07-01 12:40:00,28.60568679943669,77.22085243357307,36
3,2026-07-01 12:45:00,28.60504630600192,77.22102082876555,38
3,2026-07-01 12:50:00,28.60501619053482,77.22128004678389,40
3,2026-07-01 12:55:00,28.60465086898351,77.22146472708975,42
3,2026-07-01 13:00:00,28.60221696672696,77.22165049458184,40
3,2026-07-01 13:05:00,28.603417380634905,77.22099360030286,41
3,2026-07-01 13:10:00,28.602806490743337,77.22218813217737,45
3,2026-07-01 13:15:00,28.603089034269445,77.22148027950062,47
3,2026-07-01 13:20:00,28.60408508195525,77.22072348441206,50
3,2026-07-01 13:25:00,28.6038737458697,77.22060608355291,53
3,2026-07-01 13:30:00,28.60329038789747,77.22064467549313,49
3,2026-07-01 13:35:00,28.602509367468205,77.22027416919144,54
3,2026-07-01 13:40:00,28.602566380593103,77.2205427614703,53
3,2026-07-01 13:45:00,28.60260736738288,77.22137223539953,49
3,2026-07-01 13:50:00,28.602242414653336,77.2205330257322,51
3,2026-07-01 13:55:00,28.601413377194984,77.22073472629211,53
3,2026-07-01 14:00:00,28.599675647439934,77.21878684277878,56
3,2026-07-01 14:05:00,28.599164196884384,77.21802644270446,54
3,2026-07-01 14:10:00,28.5989429432608,77.21774962940457,49
3,2026-07-01 14:15:00,28.597602390080795,77.21866262962484,50
3,2026-07-01 14:20:00,28.59725241195364,77.21921210441734,46
3,2026-07-01 14:25:00,28.596011092955212,77.21981764419542,48
3,2026-07-01 14:30:00,28.596383588665002,77.22141676653057,49
3,2026-07-01 14:35:00,28.595344786837,77.22191966693548,49
3,2026-07-01 14:40:00,28.59451632406803,77.22282900695359,45
3,2026-07-01 14:45:00,28.594838814783703,77.22214667632373,43
3,2026-07-01 14:50:00,28.594310198101955,77.22273304034249,40
3,2026-07-01 14:55:00,28.593885999079927,77.22179289142805,40
3,2026-07-01 15:00:00,28.596186409165373,77.22286832449116,42
3,2026-07-01 15:05:00,28.59532757039242,77.22311228881244,43
3,2026-07-01 15:10:00,28.596080912013527,77.22349344719733,46
3,2026-07-01 15:15:00,28.595458533818537,77.22397153719396,50
3,2026-07-01 15:20:00,28.59678534323858,77.22421856383757,49
3,2026-07-01 15:25:00,28.59643003135246,77.22482880821318,46
3,2026-07-01 15:30:00,28.597718013826263,77.22440599625209,51
3,2026-07-01 15:35:00,28.598817918777183,77.22354789070732,52
3,2026-07-01 15:40:00,28.60036244478086,77.22449308443434,55
3,2026-07-01 15:45:00,28.600228427614187,77.22450777262907,59
3,2026-07-01 15:50:00,28.600540919294446,77.22482710581876,62
3,2026-07-01 15:55:00,28.600419971145836,77.22524663826267,67
3,2026-07-01 16:00:00,28.601054212288897,77.22572192385199,67
3,2026-07-01 16:05:00,28.60023702682229,77.22362780322433,65
3,2026-07-01 16:10:00,28.599559551165292,77.22429955051541,69
3,2026-07-01 16:15:00,28.598141185432358,77.22253874170343,71
3,2026-07-01 16:20:00,28.597747204069055,77.22212691554911,69
3,2026-07-01 16:25:00,28.598727689068575,77.22187103419144,66
3,2026-07-01 16:30:00,28.598854138091397,77.22118309680397,67
3,2026-07-01 16:35:00,28.598609938256203,77.2212939178991,69
4,2026-07-01 00:00:00,28.60924828241824,77.20631115387509,32
4,2026-07-01 00:05:00,28.610364184471603,77.20566188829702,32
4,2026-07-01 00:10:00,28.610917457160554,77.20516812835466,29
4,2026-07-01 00:15:00,28.60977576804642,77.20497446889537,30
4,2026-07-01 00:20:00,28.60889812562666,77.20575696239007,28
4,2026-07-01 00:25:00,28.6096712255682,77.20663917817254,28
4,2026-07-01 00:30:00,28.60864703874387,77.20849327073887,26
4,2026-07-01 00:35:00,28.607319322848117,77.20847745102861,26
4,2026-07-01 00:40:00,28.607623103157607,77.20710075948797,30
4,2026-07-01 00:45:00,28.607763989404518,77.20533232012241,27
4,2026-07-01 00:50:00,28.60879695335167,77.20513737491397,26
4,2026-07-01 00:55:00,28.60608284605118,77.20433787658081,25
4,2026-07-01 01:00:00,28.606992062217632,77.20576590806604,26
4,2026-07-01 01:05:00,28.60671783386058,77.20476659530839,24
4,2026-07-01 01:10:00,28.60707131676653,77.20488810031979,26
4,2026-07-01 01:15:00,28.606971162690048,77.20468442656961,27
4,2026-07-01 01:20:00,28.60732618514447,77.20446331347432,29
4,2026-07-01 01:25:00,28.607259656626916,77.2047085913121,33
4,2026-07-01 01:30:00,28.60677945425277,77.20542267742505,36
4,2026-07-01 01:35:00,28.606253376220558,77.20540865788679,34
4,2026-07-01 01:40:00,28.607306433653573,77.2074419631854,33
4,2026-07-01 01:45:00,28.6048821933933,77.20832600858176,34
4,2026-07-01 01:50:00,28.604731357772696,77.2080890094107,36
4,2026-07-01 01:55:00,28.603668248736046,77.20822709656383,37
4,2026-07-01 02:00:00,28.604828039981335,77.20785018233842,39
4,2026-07-01 02:05:00,28.6057126467712,77.2069310021997,43
4,2026-07-01 02:10:00,28.604874898789603,77.20754181203345,38
4,2026-07-01 02:15:00,28.605341328772038,77.20750617055116,41
4,2026-07-01 02:20:00,28.604733983173272,77.20913549388777,44
4,2026-07-01 02:25:00,28.6049345523705,77.2102841312372,39
4,2026-07-01 02:30:00,28.605946620235205,77.20799998337972,40
4,2026-07-01 02:35:00,28.60632610229237,77.20981148819232,40
4,2026-07-01 02:40:00,28.60687742201713,77.2093762838637,44
4,2026-07-01 02:45:00,28.60731398182129,77.2102802187048,40
4,2026-07-01 02:50:00,28.60719080360648,77.21139948164956,41
4,2026-07-01 02:55:00,28.60648004350293,77.21147325175745,43
4,2026-07-01 03:00:00,28.606177576664724,77.21065828777289,40
4,2026-07-01 03:05:00,28.6055316124856,77.20985909576623,38
4,2026-07-01 03:10:00,28.60711439973972,77.21013377684022,36
4,2026-07-01 03:15:00,28.605668271707163,77.21022877059158,35
4,2026-07-01 03:20:00,28.604694235484047,77.21068826789765,40
4,2026-07-01 03:25:00,28.604780308349042,77.2113270509771,44
4,2026-07-01 03:30:00,28.606608901962108,77.21334601708823,46
4,2026-07-01 03:35:00,28.607492011739254,77.21326817989122,41
4,2026-07-01 03:40:00,28.60875659011659,77.21280501502474,42
4,2026-07-01 03:45:00,28.609794978872326,77.21331043911796,38
4,2026-07-01 03:50:00,28.609667847430675,77.21243325391734,43
4,2026-07-01 03:55:00,28.609781117841212,77.21099497593902,45
4,2026-07-01 04:00:00,28.611051748901872,77.21028767059869,44
4,2026-07-01 04:05:00,28.61223989463658,77.2108244142217,46
4,2026-07-01 04:10:00,28.609480297237308,77.21188778907127,46
4,2026-07-01 04:15:00,28.60883674740499,77.21291774988885,43
4,2026-07-01 04:20:00,28.609625646703023,77.21264583788778,48
4,2026-07-01 04:25:00,28.609079139308513,77.21213012081785,47
4,2026-07-01 04:30:00,28.609860938619825,77.21269780756879,46
4,2026-07-01 04:35:00,28.611923463539068,77.21163027465454,46
4,2026-07-01 04:40:00,28.611064123255368,77.21277265979852,41
4,2026-07-01 04:45:00,28.611329179300206,77.21272763297569,40
4,2026-07-01 04:50:00,28.61040666656983,77.21390135997343,40
4,2026-07-01 04:55:00,28.610796553389303,77.21312899018912,37
4,2026-07-01 05:00:00,28.612589475980634,77.21335294546721,33
4,2026-07-01 05:05:00,28.61206547940718,77.21209573419235,30
4,2026-07-01 05:10:00,28.61240396325064,77.2118003327822,28
4,2026-07-01 05:15:00,28.612680672294545,77.21253247334569,31
4,2026-07-01 05:20:00,28.612589503174988,77.21029242344717,28
4,2026-07-01 05:25:00,28.612659282388485,77.21133444293034,27
4,2026-07-01 05:30:00,28.612060914578255,77.21297548956007,23
4,2026-07-01 05:35:00,28.61139820080639,77.21094581569233,27
4,2026-07-01 05:40:00,28.61025607015696,77.21296069425345,27
4,2026-07-01 05:45:00,28.611051773298662,77.21357935819094,32
4,2026-07-01 05:50:00,28.610148071437933,77.21390371747266,28
4,2026-07-01 05:55:00,28.611342745582263,77.2127823368346,29
4,2026-07-01 06:00:00,28.611812304751616,77.2117757758435,24
4,2026-07-01 06:05:00,28.61130310951113,77.21255330708432,21
4,2026-07-01 06:10:00,28.61142948909068,77.21449223608337,21
4,2026-07-01 06:15:00,28.61083512271833,77.2142999121703,24
4,2026-07-01 06:20:00,28.611863805329026,77.21298316332349,22
4,2026-07-01 06:25:00,28.6122144354283,77.21347235045363,19
4,2026-07-01 06:30:00,28.6130736926533,77.21381852819947,24
4,2026-07-01 06:35:00,28.612107380267535,77.21396866431584,26
4,2026-07-01 06:40:00,28.61079371495856,77.213389409083,25
4,2026-07-01 06:45:00,28.608621045412548,77.21423683076016,30
4,2026-07-01 06:50:00,28.608085717226594,77.21414629747785,32
4,2026-07-01 06:55:00,28.608473959874377,77.21344987768494,29
4,2026-07-01 07:00:00,28.609014829096857,77.2143346287397,27
4,2026-07-01 07:05:00,28.609053694658904,77.21448894457134,30
4,2026-07-01 07:10:00,28.609942357412454,77.21396218913868,27
4,2026-07-01 07:15:00,28.610309644725856,77.21580037281548,29
4,2026-07-01 07:20:00,28.608609439851307,77.21632867585015,34
4,2026-07-01 07:25:00,28.609265050249558,77.21785639946967,39
4,2026-07-01 07:30:00,28.610215357841533,77.21956701284225,42
4,2026-07-01 07:35:00,28.611453989889572,77.21968172346041,39
4,2026-07-01 07:40:00,28.612306341246466,77.2189972052482,38
4,2026-07-01 07:45:00,28.61157255327268,77.21903326863968,36
4,2026-07-01 07:50:00,28.611509329816197,77.21751174098628,35
4,2026-07-01 07:55:00,28.61248452744598,77.21801283515622,37
4,2026-07-01 08:00:00,28.611966614795925,77.21825388363332,37
4,2026-07-01 08:05:00,28.613440670848412,77.21790187055846,40
4,2026-07-01 08:10:00,28.612454031863773,77.21743328762655,40
4,2026-07-01 08:15:00,28.61406631012176,77.21874820208014,38
4,2026-07-01 08:20:00,28.61464621908923,77.219947860756,39
4,2026-07-01 08:25:00,28.613680721103403,77.21997802232853,39
4,2026-07-01 08:30:00,28.61278472229659,77.21904714113434,44
4,2026-07-01 08:35:00,28.61282832474296,77.22074219217477,45
4,2026-07-01 08:40:00,28.613735182438084,77.22052669397245,41
4,2026-07-01 08:45:00,28.613295593727052,77.21831894305606,45
4,2026-07-01 08:50:00,28.61310029603147,77.21862360488475,49
4,2026-07-01 08:55:00,28.611693978567796,77.21854049931213,46
4,2026-07-01 09:00:00,28.61040603117828,77.21590906742871,41
4,2026-07-01 09:05:00,28.610201096140464,77.21591593568365,36
4,2026-07-01 09:10:00,28.609891887063416,77.21516377927806,35
4,2026-07-01 09:15:00,28.60844117514567,77.21484702594866,39
4,2026-07-01 09:20:00,28.608818525848434,77.21466653615973,42
4,2026-07-01 09:25:00,28.60823774805993,77.21552024920541,37
4,2026-07-01 09:30:00,28.607918694124265,77.21472422334861,38
4,2026-07-01 09:35:00,28.607482863783343,77.21479351740916,43
4,2026-07-01 09:40:00,28.607418793483212,77.2142032419258,38
4,2026-07-01 09:45:00,28.608899361538754,77.21349389163787,40
4,2026-07-01 09:50:00,28.609166488189764,77.21400261666109,35
4,2026-07-01 09:55:00,28.608683427138082,77.21414940967307,36
4,2026-07-01 10:00:00,28.60950205779986,77.21294440615198,31
4,2026-07-01 10:05:00,28.60735024239853,77.21222525283274,28
4,2026-07-01 10:10:00,28.608482277384827,77.21442435101329,23
4,2026-07-01 10:15:00,28.608994201475856,77.21425604277933,26
4,2026-07-01 10:20:00,28.609803186990888,77.21456136255887,30
4,2026-07-01 10:25:00,28.6086624075822,77.21456816565725,33
4,2026-07-01 10:30:00,28.609615544216116,77.21485528982245,31
4,2026-07-01 10:35:00,28.610947023023513,77.21561709360054,31
4,2026-07-01 10:40:00,28.611505792808074,77.2165346388072,28
4,2026-07-01 10:45:00,28.610669838728494,77.21643176176312,32
4,2026-07-01 10:50:00,28.610495200876684,77.21494673960484,34
4,2026-07-01 10:55:00,28.61146465807721,77.21537393396672,34
4,2026-07-01 11:00:00,28.611168681233803,77.21645754004655,35
4,2026-07-01 11:05:00,28.61228669688838,77.21658899844734,31
4,2026-07-01 11:10:00,28.611357716934055,77.21443289741596,34
4,2026-07-01 11:15:00,28.609538409005392,77.21373971058873,38
4,2026-07-01 11:20:00,28.609265981304148,77.21366479974407,33
4,2026-07-01 11:25:00,28.61066306080488,77.21675195489426,32
4,2026-07-01 11:30:00,28.61025884379291,77.21688136615253,27
4,2026-07-01 11:35:00,28.6092944395383,77.21645120951695,31
4,2026-07-01 11:40:00,28.61060474828442,77.21784689332773,36
4,2026-07-01 11:45:00,28.61187838861657,77.21734862544463,41
4,2026-07-01 11:50:00,28.612988690978554,77.21616521925637,40
4,2026-07-01 11:55:00,28.614210814280927,77.21627639141666,42
4,2026-07-01 12:00:00,28.61418440852397,77.21655655257547,40
4,2026-07-01 12:05:00,28.61306966081664,77.21665422843103,44
4,2026-07-01 12:10:00,28.61197151533861,77.2162924170918,40
4,2026-07-01 12:15:00,28.6111333190246,77.21584879878728,39
4,2026-07-01 12:20:00,28.61169423847254,77.21555331846925,38
4,2026-07-01 12:25:00,28.611600804401625,77.2157823008943,39
4,2026-07-01 12:30:00,28.611726555574162,77.21576810286989,42
4,2026-07-01 12:35:00,28.611619253430156,77.21621581979569,42
4,2026-07-01 12:40:00,28.61042532842376,77.21635876289045,37
4,2026-07-01 12:45:00,28.609157292874258,77.21648209196483,36
4,2026-07-01 12:50:00,28.608938136854544,77.21770981284197,40
4,2026-07-01 12:55:00,28.609480963413862,77.21855857934457,44
4,2026-07-01 13:00:00,28.609312819595278,77.21808648876687,43
4,2026-07-01 13:05:00,28.609373935204644,77.21858044063886,40
4,2026-07-01 13:10:00,28.609667197307893,77.21739742564553,37
4,2026-07-01 13:15:00,28.60999159727968,77.21703951455515,35
4,2026-07-01 13:20:00,28.610283459041682,77.21793897952631,38
4,2026-07-01 13:25:00,28.610093656521933,77.21937905304284,39
4,2026-07-01 13:30:00,28.609628346065154,77.21927310468854,34
4,2026-07-01 13:35:00,28.610152106282598,77.21954452618235,39
4,2026-07-01 13:40:00,28.610405845944094,77.22001221935412,39
4,2026-07-01 13:45:00,28.6107138964836,77.2196205707867,38
4,2026-07-01 13:50:00,28.61004841106891,77.22049374021739,42
4,2026-07-01 13:55:00,28.61042551146281,77.22046447740371,40
4,2026-07-01 14:00:00,28.610680784850224,77.2215103741192,44
4,2026-07-01 14:05:00,28.61393543214338,77.22026591571937,46
4,2026-07-01 14:10:00,28.616017780887475,77.21910859573238,49
4,2026-07-01 14:15:00,28.617380454749842,77.21827709378942,48
4,2026-07-01 14:20:00,28.617325560749226,77.21856264786429,45
4,2026-07-01 14:25:00,28.61884308085829,77.22025797739715,46
4,2026-07-01 14:30:00,28.6200088868775,77.22005352241747,48
4,2026-07-01 14:35:00,28.62060244359978,77.2171131337828,49
4,2026-07-01 14:40:00,28.620583734843333,77.21672461532971,49
4,2026-07-01 14:45:00,28.62153569520684,77.21782577109195,53
4,2026-07-01 14:50:00,28.62296163178832,77.21913399516978,49
4,2026-07-01 14:55:00,28.62417590143878,77.21826599517024,52
4,2026-07-01 15:00:00,28.624052173102513,77.21790952353287,51
4,2026-07-01 15:05:00,28.62341069150729,77.21834144607755,53
4,2026-07-01 15:10:00,28.623591274713895,77.21848668479433,50
4,2026-07-01 15:15:00,28.622824220207324,77.2186985018733,53
4,2026-07-01 15:20:00,28.62186439221041,77.21967355296862,51
4,2026-07-01 15:25:00,28.621189213935434,77.2195290342979,48
4,2026-07-01 15:30:00,28.623298658530075,77.22031363461635,44
4,2026-07-01 15:35:00,28.623689271707804,77.22110656755683,39
4,2026-07-01 15:40:00,28.625144292930568,77.22110965168366,39
4,2026-07-01 15:45:00,28.6235367330662,77.2203469269051,35
4,2026-07-01 15:50:00,28.62440965225297,77.21971702165038,37
4,2026-07-01 15:55:00,28.625239127094904,77.21952319551161,38
4,2026-07-01 16:00:00,28.623698334052474,77.21939067883207,41
4,2026-07-01 16:05:00,28.623291871831245,77.21800781185482,44
4,2026-07-01 16:10:00,28.620272359675425,77.21819166139957,48
4,2026-07-01 16:15:00,28.620491591343182,77.21948093126228,46
4,2026-07-01 16:20:00,28.61938623802563,77.22026311387023,44
4,2026-07-01 16:25:00,28.618301704232337,77.21924686469578,42
4,2026-07-01 16:30:00,28.618694120199518,77.21873790107007,38
4,2026-07-01 16:35:00,28.617571059639374,77.21841367625107,34
5,2026-07-01 00:00:00,28.602695476270203,77.1889867086513,13
5,2026-07-01 00:05:00,28.60269568333512,77.18897740833016,17
5,2026-07-01 00:10:00,28.6033895617801,77.1905734880657,12
5,2026-07-01 00:15:00,28.602531111839728,77.19169907583674,17
5,2026-07-01 00:20:00,28.602361662602245,77.19184867331481,20
5,2026-07-01 00:25:00,28.6018854417287,77.19272306249552,18
5,2026-07-01 00:30:00,28.600005881100692,77.19153398962972,20
5,2026-07-01 00:35:00,28.59994033349391,77.19351568143612,15
5,2026-07-01 00:40:00,28.599097933011375,77.19392615728002,14
5,2026-07-01 00:45:00,28.600063330495967,77.19516228800182,9
5,2026-07-01 00:50:00,28.599405057052767,77.19476853068535,7
5,2026-07-01 00:55:00,28.598349670035674,77.19582701522889,6
5,2026-07-01 01:00:00,28.600590804604696,77.19541673379291,5
5,2026-07-01 01:05:00,28.600451358329014,77.19496654452806,6
5,2026-07-01 01:10:00,28.597618838758237,77.1949834352443,2
5,2026-07-01 01:15:00,28.59888953834333,77.19561425109345,5
5,2026-07-01 01:20:00,28.600124660165278,77.1952941591125,1
5,2026-07-01 01:25:00,28.600746867309322,77.19415532599473,6
5,2026-07-01 01:30:00,28.601584375181805,77.1954622000906,4
5,2026-07-01 01:35:00,28.602555316513183,77.19706445331622,0
5,2026-07-01 01:40:00,28.6032282027295,77.19690003687576,0
5,2026-07-01 01:45:00,28.602358539648225,77.19802547166017,0
5,2026-07-01 01:50:00,28.602015128548636,77.19999016670815,0
5,2026-07-01 01:55:00,28.601686510072888,77.20059335413923,0
5,2026-07-01 02:00:00,28.60268859528948,77.20111055097377,0
5,2026-07-01 02:05:00,28.600944747172846,77.20122956937982,0
5,2026-07-01 02:10:00,28.599862379834075,77.20201811799814,0
5,2026-07-01 02:15:00,28.599633779918737,77.20102376862353,3
5,2026-07-01 02:20:00,28.598774691976374,77.20221910474153,3
5,2026-07-01 02:25:00,28.599688713935592,77.20127065986877,6
5,2026-07-01 02:30:00,28.599711179828404,77.20181777898394,6
5,2026-07-01 02:35:00,28.5994421853211,77.20338295091646,1
5,2026-07-01 02:40:00,28.59988066105991,77.20340256757416,6
5,2026-07-01 02:45:00,28.599117512236766,77.20353832145408,9
5,2026-07-01 02:50:00,28.598763471525825,77.20296471968118,8
5,2026-07-01 02:55:00,28.600007525421688,77.2021413604766,9
5,2026-07-01 03:00:00,28.598768418346033,77.20067383521085,14
5,2026-07-01 03:05:00,28.599359439902592,77.20266508781249,12
5,2026-07-01 03:10:00,28.599532781566964,77.2029090410104,15
5,2026-07-01 03:15:00,28.598598429958386,77.20224280228614,20
5,2026-07-01 03:20:00,28.598202601177654,77.2020631782859,23
5,2026-07-01 03:25:00,28.59835273581166,77.20269890782205,24
5,2026-07-01 03:30:00,28.59920182126211,77.20447169899849,26
5,2026-07-01 03:35:00,28.599222707750407,77.2047023999042,26
5,2026-07-01 03:40:00,28.597962542985233,77.20408603849617,27
5,2026-07-01 03:45:00,28.598301357586042,77.20309185840377,31
5,2026-07-01 03:50:00,28.597164216205506,77.20215245261997,30
5,2026-07-01 03:55:00,28.598067665241597,77.20221306145565,35
5,2026-07-01 04:00:00,28.597256807730385,77.20095548359674,33
5,2026-07-01 04:05:00,28.5984999911676,77.20005667040871,36
5,2026-07-01 04:10:00,28.598830056168413,77.2006765967411,32
5,2026-07-01 04:15:00,28.599279665198484,77.20087508206045,30
5,2026-07-01 04:20:00,28.598444522296855,77.20296462078214,30
5,2026-07-01 04:25:00,28.596755463847526,77.20224530079201,26
5,2026-07-01 04:30:00,28.596759266923648,77.20061898143805,25
5,2026-07-01 04:35:00,28.596866961929294,77.2010307677291,25
5,2026-07-01 04:40:00,28.597148696993123,77.20259910700513,22
5,2026-07-01 04:45:00,28.59694794782957,77.20136696467532,27
5,2026-07-01 04:50:00,28.596109258305866,77.2017697863964,32
5,2026-07-01 04:55:00,28.596557120053617,77.20214088044771,32
5,2026-07-01 05:00:00,28.596843038714095,77.20132188375756,34
5,2026-07-01 05:05:00,28.595244914362212,77.20178405642363,37
5,2026-07-01 05:10:00,28.594422482784957,77.20310101526032,32
5,2026-07-01 05:15:00,28.594449163842068,77.20367310803871,28
5,2026-07-01 05:20:00,28.594356929637435,77.20407493389274,32
5,2026-07-01 05:25:00,28.59616127774722,77.20388403010101,27
5,2026-07-01 05:30:00,28.597647146022737,77.20366345763352,25
5,2026-07-01 05:35:00,28.599131262051273,77.20401907098231,25
5,2026-07-01 05:40:00,28.60026896825399,77.20436866598168,23
5,2026-07-01 05:45:00,28.600887456634446,77.204161188459,27
5,2026-07-01 05:50:00,28.600397506479286,77.2046297942555,28
5,2026-07-01 05:55:00,28.599927464331525,77.20489567248515,27
5,2026-07-01 06:00:00,28.599370184031162,77.20343883461575,31
5,2026-07-01 06:05:00,28.602866061820762,77.20197542865732,32
5,2026-07-01 06:10:00,28.6015219473504,77.2003721681905,31
5,2026-07-01 06:15:00,28.5998172503369,77.19994962708009,26
5,2026-07-01 06:20:00,28.599132620511142,77.20074025267925,24
5,2026-07-01 06:25:00,28.597292291474908,77.20235042420863,19
5,2026-07-01 06:30:00,28.596582210355866,77.2017527146949,17
5,2026-07-01 06:35:00,28.596596483423703,77.2007987752755,22
5,2026-07-01 06:40:00,28.595792511024896,77.20154486339504,17
5,2026-07-01 06:45:00,28.596006414893097,77.20135544972406,20
5,2026-07-01 06:50:00,28.59611230934621,77.20193986270453,25
5,2026-07-01 06:55:00,28.594178868239425,77.20362865661785,29
5,2026-07-01 07:00:00,28.59399709296354,77.20380199804157,30
5,2026-07-01 07:05:00,28.593807972572765,77.20472364815349,28
5,2026-07-01 07:10:00,28.59238926403522,77.204937294035,30
5,2026-07-01 07:15:00,28.591838542839525,77.20391107439626,31
5,2026-07-01 07:20:00,28.59193072234916,77.20359451604399,36
5,2026-07-01 07:25:00,28.589326508492533,77.2037934641908,38
5,2026-07-01 07:30:00,28.590225943533287,77.204538048218,40
5,2026-07-01 07:35:00,28.58927376472655,77.2049607032835,43
5,2026-07-01 07:40:00,28.58866927311777,77.2049118936954,41
5,2026-07-01 07:45:00,28.58816509328676,77.2048303710223,40
5,2026-07-01 07:50:00,28.588855330087142,77.20227200263903,39
5,2026-07-01 07:55:00,28.587988909475694,77.2029176181132,40
5,2026-07-01 08:00:00,28.586901663536832,77.20183179298432,37
5,2026-07-01 08:05:00,28.586307868214575,77.20086603556872,34
5,2026-07-01 08:10:00,28.587525241784327,77.20168659098773,33
5,2026-07-01 08:15:00,28.588116350397865,77.20308343918954,32
5,2026-07-01 08:20:00,28.588979947057112,77.20366308241887,35
5,2026-07-01 08:25:00,28.589763337566396,77.20341154353282,35
5,2026-07-01 08:30:00,28.588386607863892,77.20294732243539,35
5,2026-07-01 08:35:00,28.58984633973893,77.20122721988444,30
5,2026-07-01 08:40:00,28.588556353563106,77.19942775595297,34
5,2026-07-01 08:45:00,28.58772590915655,77.19995027005824,37
5,2026-07-01 08:50:00,28.588501188552847,77.19855493633199,37
5,2026-07-01 08:55:00,28.589151638645383,77.19705185603023,35
5,2026-07-01 09:00:00,28.58822714143613,77.19738202287142,34
5,2026-07-01 09:05:00,28.588260469361796,77.19642584598827,37
5,2026-07-01 09:10:00,28.58705470723334,77.19624483984961,38
5,2026-07-01 09:15:00,28.58787078007673,77.19617062887106,39
5,2026-07-01 09:20:00,28.587665856284957,77.19610275109899,42
5,2026-07-01 09:25:00,28.587107554531013,77.19500259686602,42
5,2026-07-01 09:30:00,28.58616548862945,77.19545661066773,37
5,2026-07-01 09:35:00,28.587223695676396,77.19639417078994,38
5,2026-07-01 09:40:00,28.58534325262127,77.19688734279315,42
5,2026-07-01 09:45:00,28.58579743578846,77.19635260954558,40
5,2026-07-01 09:50:00,28.5855034688408,77.19628101029373,38
5,2026-07-01 09:55:00,28.585759523705082,77.19595777232921,33
5,2026-07-01 10:00:00,28.58569923471369,77.19641256749885,31
5,2026-07-01 10:05:00,28.585753155138995,77.19933592311617,31
5,2026-07-01 10:10:00,28.586253820860378,77.19938569680335,28
5,2026-07-01 10:15:00,28.584475469893114,77.19873075084254,28
5,2026-07-01 10:20:00,28.584896015002343,77.19842779530455,31
5,2026-07-01 10:25:00,28.584417177546335,77.1975650195405,32
5,2026-07-01 10:30:00,28.585384665295575,77.19700408432628,35
5,2026-07-01 10:35:00,28.58473527360183,77.19777617911525,37
5,2026-07-01 10:40:00,28.58476232764252,77.19787803982163,35
5,2026-07-01 10:45:00,28.584393050503273,77.19802142828897,30
5,2026-07-01 10:50:00,28.584338437829214,77.19778152937188,29
5,2026-07-01 10:55:00,28.585588218530617,77.19626643402893,24
5,2026-07-01 11:00:00,28.586597283826663,77.19608100456128,23
5,2026-07-01 11:05:00,28.58606148236361,77.19437364660368,20
5,2026-07-01 11:10:00,28.585551147380404,77.19458539632176,21
5,2026-07-01 11:15:00,28.585711165606256,77.19508717905792,21
5,2026-07-01 11:20:00,28.585152170878374,77.19542723842478,22
5,2026-07-01 11:25:00,28.586672510115683,77.19493245747901,24
5,2026-07-01 11:30:00,28.58664522017604,77.19466520136459,28
5,2026-07-01 11:35:00,28.586414819461837,77.19374096822031,27
5,2026-07-01 11:40:00,28.586755946775277,77.19245344919425,22
5,2026-07-01 11:45:00,28.58564768931346,77.19079220603155,27
5,2026-07-01 11:50:00,28.58603828321966,77.19324610937748,24
5,2026-07-01 11:55:00,28.585116423406536,77.1922421520054,28
5,2026-07-01 12:00:00,28.58429902159545,77.19267782691631,29
5,2026-07-01 12:05:00,28.584215637320174,77.19286351950605,29
5,2026-07-01 12:10:00,28.58381457847005,77.19473418288224,26
5,2026-07-01 12:15:00,28.582514997233123,77.19556391530013,22
5,2026-07-01 12:20:00,28.581610082581065,77.19701897588261,27
5,2026-07-01 12:25:00,28.582799993978306,77.19803265162315,27
5,2026-07-01 12:30:00,28.581677449172062,77.19711514880214,23
5,2026-07-01 12:35:00,28.58146253881691,77.19739194225147,23
5,2026-07-01 12:40:00,28.58001802147991,77.19882228885032,18
5,2026-07-01 12:45:00,28.58006180124262,77.19856644771342,13
5,2026-07-01 12:50:00,28.58076312537967,77.19863342952124,17
5,2026-07-01 12:55:00,28.58188747873954,77.19829935229026,21
5,2026-07-01 13:00:00,28.581056079272273,77.19899693889062,21
5,2026-07-01 13:05:00,28.58019168820136,77.19885601097634,26
5,2026-07-01 13:10:00,28.58045257726604,77.19915313832846,31
5,2026-07-01 13:15:00,28.582202161170247,77.20053459240715,34
5,2026-07-01 13:20:00,28.58342166473896,77.20157079423929,36
5,2026-07-01 13:25:00,28.584481145269134,77.20208326075547,34
5,2026-07-01 13:30:00,28.58378254043354,77.20121274364962,30
5,2026-07-01 13:35:00,28.58371536214349,77.20049698366051,27
5,2026-07-01 13:40:00,28.58417569201667,77.19914743481235,23
5,2026-07-01 13:45:00,28.58269754492887,77.19801602120108,19
5,2026-07-01 13:50:00,28.583197230039172,77.19848802347201,24
5,2026-07-01 13:55:00,28.584113974958232,77.19779529200753,21
5,2026-07-01 14:00:00,28.585530995371215,77.19847663151072,23
5,2026-07-01 14:05:00,28.585137385933866,77.199946430437,23
5,2026-07-01 14:10:00,28.58454099071593,77.2010206980499,18
5,2026-07-01 14:15:00,28.584844809311534,77.20174226055502,20
5,2026-07-01 14:20:00,28.584424414189172,77.20310487758164,24
5,2026-07-01 14:25:00,28.58525512403967,77.20208755367383,28
5,2026-07-01 14:30:00,28.58851561512036,77.20203465766842,33
5,2026-07-01 14:35:00,28.587966057984453,77.2028942455554,38
5,2026-07-01 14:40:00,28.58667454688336,77.20332134287219,38
5,2026-07-01 14:45:00,28.58598416025722,77.20332543587986,38
5,2026-07-01 14:50:00,28.586963084264085,77.20231892258715,38
5,2026-07-01 14:55:00,28.585706577369805,77.2031321277739,38
5,2026-07-01 15:00:00,28.58574905990873,77.20212823669468,33
5,2026-07-01 15:05:00,28.586291764306704,77.20108937690489,34
5,2026-07-01 15:10:00,28.58710065722681,77.20163584066904,31
5,2026-07-01 15:15:00,28.586769348843625,77.20102360393453,29
5,2026-07-01 15:20:00,28.5866652246894,77.20180335943081,33
5,2026-07-01 15:25:00,28.584520421986852,77.20233619273161,37
5,2026-07-01 15:30:00,28.58500228804857,77.20288345752898,38
5,2026-07-01 15:35:00,28.585617988777933,77.20231828389738,37
5,2026-07-01 15:40:00,28.584472450559936,77.20095491127266,41
5,2026-07-01 15:45:00,28.583571803441707,77.20018762418243,36
5,2026-07-01 15:50:00,28.583342003811133,77.19933621774817,33
5,2026-07-01 15:55:00,28.582867306041496,77.20036933626356,36
5,2026-07-01 16:00:00,28.58328497973998,77.20121633335125,31
5,2026-07-01 16:05:00,28.582775121202214,77.19914225739149,34
5,2026-07-01 16:10:00,28.580453490795513,77.19807655767413,32
5,2026-07-01 16:15:00,28.58003612398191,77.1977814677599,27
5,2026-07-01 16:20:00,28.580655690454087,77.19819219842317,26
5,2026-07-01 16:25:00,28.580767795400913,77.19993683759643,26
5,2026-07-01 16:30:00,28.578706469944972,77.200487824254,31
5,2026-07-01 16:35:00,28.579279078052885,77.20083651470576,35
6,2026-07-01 00:00:00,28.59194859535734,77.19678354164974,40
6,2026-07-01 00:05:00,28.590570977856586,77.19621876764556,42
6,2026-07-01 00:10:00,28.591592361152017,77.19830721041843,37
6,2026-07-01 00:15:00,28.59293406191496,77.1959765556549,41
6,2026-07-01 00:20:00,28.59442381152228,77.19545880230984,37
6,2026-07-01 00:25:00,28.594954002829624,77.19350036076771,32
6,2026-07-01 00:30:00,28.595502881673443,77.19571956203967,27
6,2026-07-01 00:35:00,28.596260544546382,77.1957120466754,28
6,2026-07-01 00:40:00,28.59669403426383,77.19490597911664,29
6,2026-07-01 00:45:00,28.596985795706363,77.19448099374327,26
6,2026-07-01 00:50:00,28.597024033701324,77.19303240232864,25
6,2026-07-01 00:55:00,28.59756134935887,77.19436675265459,30
6,2026-07-01 01:00:00,28.59751564912777,77.19360176070583,29
6,2026-07-01 01:05:00,28.59824165256034,77.19266111580819,32
6,2026-07-01 01:10:00,28.59915706958157,77.1937344937305,34
6,2026-07-01 01:15:00,28.599529175054176,77.19412365292617,37
6,2026-07-01 01:20:00,28.597443359195253,77.19393678332932,40
6,2026-07-01 01:25:00,28.598487550284045,77.19705868022675,37
6,2026-07-01 01:30:00,28.59768751171965,77.19699515565213,40
6,2026-07-01 01:35:00,28.59741180952673,77.19793585179596,43
6,2026-07-01 01:40:00,28.59807546555467,77.19839951836764,41
6,2026-07-01 01:45:00,28.597468765259904,77.19861080205992,37
6,2026-07-01 01:50:00,28.597761416647305,77.19861879895953,35
6,2026-07-01 01:55:00,28.59668354483593,77.19793008129311,35
6,2026-07-01 02:00:00,28.59738807963503,77.19941984643317,36
6,2026-07-01 02:05:00,28.596783334970493,77.19721428037607,34
6,2026-07-01 02:10:00,28.59665287510145,77.19681897489863,39
6,2026-07-01 02:15:00,28.597762992708116,77.19641437075352,34
6,2026-07-01 02:20:00,28.59920918737361,77.19502547919934,30
6,2026-07-01 02:25:00,28.599477721360074,77.19653848846535,33
6,2026-07-01 02:30:00,28.59781723869238,77.19835812781741,37
6,2026-07-01 02:35:00,28.598521745232205,77.1991471845048,38
6,2026-07-01 02:40:00,28.59964804179153,77.19992043882611,35
6,2026-07-01 02:45:00,28.600722289025473,77.20144662514348,40
6,2026-07-01 02:50:00,28.600279245004344,77.20096713217607,40
6,2026-07-01 02:55:00,28.60063524763357,77.20118512958675,41
6,2026-07-01 03:00:00,28.59937359852773,77.20317493869099,45
6,2026-07-01 03:05:00,28.599564234118997,77.20411624927176,45
6,2026-07-01 03:10:00,28.59877110877383,77.20517706295801,50
6,2026-07-01 03:15:00,28.59792347484521,77.20452497406941,55
6,2026-07-01 03:20:00,28.598313075240004,77.2032963755537,51
6,2026-07-01 03:25:00,28.599163722907786,77.20313963347792,56
6,2026-07-01 03:30:00,28.59825596672764,77.20465891740156,60
6,2026-07-01 03:35:00,28.598821653807306,77.20459818599117,55
6,2026-07-01 03:40:00,28.59974825931535,77.20349963515037,52
6,2026-07-01 03:45:00,28.599920098655144,77.20405288637035,47
6,2026-07-01 03:50:00,28.601217520076432,77.20416723326166,46
6,2026-07-01 03:55:00,28.600204204240836,77.20486841958773,44
6,2026-07-01 04:00:00,28.600818229888095,77.2053968123996,45
6,2026-07-01 04:05:00,28.601557535728926,77.20621315155553,40
6,2026-07-01 04:10:00,28.601097459474794,77.20614676393794,40
6,2026-07-01 04:15:00,28.601447109522095,77.20458196116658,42
6,2026-07-01 04:20:00,28.60181994251389,77.20505247592834,45
6,2026-07-01 04:25:00,28.60249068345984,77.20476021616643,47
6,2026-07-01 04:30:00,28.601821207834753,77.2050354374552,49
6,2026-07-01 04:35:00,28.60229047542456,77.20349986533199,49
6,2026-07-01 04:40:00,28.60345187421199,77.20268860821285,53
6,2026-07-01 04:45:00,28.603438701223467,77.20249807984518,48
6,2026-07-01 04:50:00,28.60314278280245,77.20359745723337,47
6,2026-07-01 04:55:00,28.603764852792757,77.20492639055291,45
6,2026-07-01 05:00:00,28.604836264094644,77.20694643965984,44
6,2026-07-01 05:05:00,28.605085572690285,77.20799152813393,47
6,2026-07-01 05:10:00,28.60527914208954,77.20738884228611,44
6,2026-07-01 05:15:00,28.607047913872798,77.2068966987709,49
6,2026-07-01 05:20:00,28.608699460141988,77.20877061619194,50
6,2026-07-01 05:25:00,28.609067109434978,77.2066705896843,55
6,2026-07-01 05:30:00,28.60654996629288,77.20531279878904,51
6,2026-07-01 05:35:00,28.607668423937728,77.2058621144336,49
6,2026-07-01 05:40:00,28.60767493437453,77.2065774783804,54
6,2026-07-01 05:45:00,28.607237326117772,77.20763622221031,54
6,2026-07-01 05:50:00,28.60779561779253,77.20747585120972,53
6,2026-07-01 05:55:00,28.607276224806114,77.20762929218567,58
6,2026-07-01 06:00:00,28.60828768784152,77.2089707681012,62
6,2026-07-01 06:05:00,28.60989607715288,77.20932573635595,63
6,2026-07-01 06:10:00,28.608690076951806,77.20969922962536,63
6,2026-07-01 06:15:00,28.610677138063505,77.20916825872754,59
6,2026-07-01 06:20:00,28.612231298484218,77.2100222347041,61
6,2026-07-01 06:25:00,28.61125103730792,77.2130841816695,57
6,2026-07-01 06:30:00,28.60959630903151,77.21362297982827,55
6,2026-07-01 06:35:00,28.609767770872736,77.21332259808776,57
6,2026-07-01 06:40:00,28.61139592041849,77.2140785232794,59
6,2026-07-01 06:45:00,28.611560238750393,77.21397210439939,57
6,2026-07-01 06:50:00,28.610429623415456,77.21459481562329,62
6,2026-07-01 06:55:00,28.61026315428722,77.21480669430194,61
6,2026-07-01 07:00:00,28.610510987264096,77.21500006747577,64
6,2026-07-01 07:05:00,28.610764152502135,77.21582041148838,65
6,2026-07-01 07:10:00,28.611346319546616,77.21597757383825,64
6,2026-07-01 07:15:00,28.611163898549464,77.21549294507425,65
6,2026-07-01 07:20:00,28.609148692561106,77.21424153120176,60
6,2026-07-01 07:25:00,28.608942833130225,77.21349495285523,56
6,2026-07-01 07:30:00,28.607749122142565,77.21319360640554,61
6,2026-07-01 07:35:00,28.606019224310838,77.21296269615186,65
6,2026-07-01 07:40:00,28.605907621979995,77.2121916787335,63
6,2026-07-01 07:45:00,28.605845857780135,77.21267112025158,65
6,2026-07-01 07:50:00,28.605434467950108,77.2121870706152,67
6,2026-07-01 07:55:00,28.60498575138144,77.2132775049566,65
6,2026-07-01 08:00:00,28.604529630553966,77.21345893157671,64
6,2026-07-01 08:05:00,28.605380699767988,77.21495950294567,63
6,2026-07-01 08:10:00,28.606892715767994,77.21484361088432,65
6,2026-07-01 08:15:00,28.605466336845712,77.21562497310669,66
6,2026-07-01 08:20:00,28.605385737096416,77.21479191704968,70
6,2026-07-01 08:25:00,28.604199876549284,77.21246996063233,73
6,2026-07-01 08:30:00,28.606032433592762,77.21328411239445,75
6,2026-07-01 08:35:00,28.604953358092693,77.21387325175347,76
6,2026-07-01 08:40:00,28.60467447469854,77.21471840972465,81
6,2026-07-01 08:45:00,28.602130976515586,77.21670554069533,84
6,2026-07-01 08:50:00,28.598806220795673,77.21523661723165,81
6,2026-07-01 08:55:00,28.598004761824942,77.21556742815692,77
6,2026-07-01 09:00:00,28.598378243012675,77.21485864307667,82
6,2026-07-01 09:05:00,28.597886681854078,77.21520358807821,77
6,2026-07-01 09:10:00,28.597929614099293,77.21654826419831,80
6,2026-07-01 09:15:00,28.599027239064153,77.21658656478583,80
6,2026-07-01 09:20:00,28.5993228635529,77.21506992223641,83
6,2026-07-01 09:25:00,28.598444593479226,77.21603187885597,83
6,2026-07-01 09:30:00,28.59822783846274,77.21626158987277,80
6,2026-07-01 09:35:00,28.597619963202064,77.21572246716963,76
6,2026-07-01 09:40:00,28.597833416221345,77.21655117660485,76
6,2026-07-01 09:45:00,28.59790090990259,77.21699626307621,79
6,2026-07-01 09:50:00,28.59720792570526,77.21779701109753,83
6,2026-07-01 09:55:00,28.596490006814513,77.21756648647235,78
6,2026-07-01 10:00:00,28.59700962127436,77.21919483243174,77
6,2026-07-01 10:05:00,28.59752962035016,77.21821699523137,80
6,2026-07-01 10:10:00,28.597665022832643,77.21654855647748,78
6,2026-07-01 10:15:00,28.596826437034196,77.2156618755552,82
6,2026-07-01 10:20:00,28.59736125437054,77.21689085605769,77
6,2026-07-01 10:25:00,28.597219452745545,77.21570697088164,72
6,2026-07-01 10:30:00,28.596219699944456,77.2149234486975,77
6,2026-07-01 10:35:00,28.595563503989567,77.21419055581178,82
6,2026-07-01 10:40:00,28.596305656793945,77.21518937245656,83
6,2026-07-01 10:45:00,28.59355815195122,77.21468964228042,78
6,2026-07-01 10:50:00,28.593917888715577,77.21485834854151,74
6,2026-07-01 10:55:00,28.595089551027357,77.2144930125885,79
6,2026-07-01 11:00:00,28.595230808167443,77.2123624461087,77
6,2026-07-01 11:05:00,28.594853486657325,77.21438825320061,76
6,2026-07-01 11:10:00,28.592769373717825,77.21611294985037,76
6,2026-07-01 11:15:00,28.591991983641968,77.2168062745407,71
6,2026-07-01 11:20:00,28.59212317373231,77.21689270305778,73
6,2026-07-01 11:25:00,28.59130857893914,77.21634644401965,68
6,2026-07-01 11:30:00,28.590054878809244,77.21680911015648,65
6,2026-07-01 11:35:00,28.58951954372223,77.21716756377468,60
6,2026-07-01 11:40:00,28.589798162914295,77.21574023018516,59
6,2026-07-01 11:45:00,28.59054102239387,77.21585409958547,59
6,2026-07-01 11:50:00,28.589106557052023,77.2147967667683,56
6,2026-07-01 11:55:00,28.590640411993057,77.21493461127318,53
6,2026-07-01 12:00:00,28.588966927193383,77.21427792648306,52
6,2026-07-01 12:05:00,28.58905867967783,77.21453016687948,49
6,2026-07-01 12:10:00,28.590267130185847,77.2162329938855,49
6,2026-07-01 12:15:00,28.589094869732957,77.21737987308475,45
6,2026-07-01 12:20:00,28.59047751166862,77.21903991557424,43
6,2026-07-01 12:25:00,28.58958827084039,77.21999521613247,48
6,2026-07-01 12:30:00,28.589028084315174,77.21797275454776,52
6,2026-07-01 12:35:00,28.590019342973367,77.21901113220252,53
6,2026-07-01 12:40:00,28.59140930704197,77.21870737242101,50
6,2026-07-01 12:45:00,28.59098080703715,77.2178869043281,45
6,2026-07-01 12:50:00,28.59130956733749,77.21791470724384,47
6,2026-07-01 12:55:00,28.59195004713269,77.21772420413784,52
6,2026-07-01 13:00:00,28.590854646229683,77.21802259598441,55
6,2026-07-01 13:05:00,28.591118944051658,77.21874779545708,57
6,2026-07-01 13:10:00,28.59198414265966,77.21891445714414,56
6,2026-07-01 13:15:00,28.59178846410078,77.2203931807536,59
6,2026-07-01 13:20:00,28.590839547579954,77.22214054395153,55
6,2026-07-01 13:25:00,28.59045585716037,77.22309455776737,56
6,2026-07-01 13:30:00,28.58941252231732,77.22203159111135,51
6,2026-07-01 13:35:00,28.59108268490467,77.22159577213418,48
6,2026-07-01 13:40:00,28.59024657790879,77.21971098577517,43
6,2026-07-01 13:45:00,28.589830426052927,77.2201218349796,38
6,2026-07-01 13:50:00,28.590178715383026,77.21938936652258,42
6,2026-07-01 13:55:00,28.590959058194642,77.21776456853247,45
6,2026-07-01 14:00:00,28.591870420916816,77.21787032232375,46
6,2026-07-01 14:05:00,28.592413900295487,77.21807013275746,43
6,2026-07-01 14:10:00,28.59432331894778,77.21888002207912,40
6,2026-07-01 14:15:00,28.595715864201505,77.21683089819267,38
6,2026-07-01 14:20:00,28.59559315526791,77.21692427056695,37
6,2026-07-01 14:25:00,28.594565058860088,77.21682715236588,37
6,2026-07-01 14:30:00,28.596081452915342,77.21742927068627,34
6,2026-07-01 14:35:00,28.59650479486395,77.21951003659031,35
6,2026-07-01 14:40:00,28.596762547404094,77.21826827601483,35
6,2026-07-01 14:45:00,28.598130677211802,77.21791198572022,36
6,2026-07-01 14:50:00,28.59806470259091,77.21836264127556,32
6,2026-07-01 14:55:00,28.59765109705749,77.2202503289329,34
6,2026-07-01 15:00:00,28.597681062497585,77.22044735576578,37
6,2026-07-01 15:05:00,28.595815517396506,77.22147601014524,36
6,2026-07-01 15:10:00,28.59556218706535,77.22162265142954,33
6,2026-07-01 15:15:00,28.594275023496767,77.22022553324443,28
6,2026-07-01 15:20:00,28.593196961346802,77.21958886314943,23
6,2026-07-01 15:25:00,28.592756364878337,77.22062948175544,23
6,2026-07-01 15:30:00,28.59146659929657,77.22089646874096,25
6,2026-07-01 15:35:00,28.591951045901848,77.22135813503567,30
6,2026-07-01 15:40:00,28.591236531369443,77.22225510947429,32
6,2026-07-01 15:45:00,28.59142695525937,77.22270432819558,35
6,2026-07-01 15:50:00,28.592067352444282,77.2228533001449,39
6,2026-07-01 15:55:00,28.590920030476635,77.22254087835341,35
6,2026-07-01 16:00:00,28.590979014698224,77.22298775085422,36
6,2026-07-01 16:05:00,28.59001628213294,77.22278113957452,33
6,2026-07-01 16:10:00,28.591048150115473,77.22412694284189,31
6,2026-07-01 16:15:00,28.58886285326814,77.2252707795683,33
6,2026-07-01 16:20:00,28.588226026818415,77.22341305970694,34
6,2026-07-01 16:25:00,28.587760809951796,77.22312426440425,32
6,2026-07-01 16:30:00,28.589495746527632,77.22226749231042,31
6,2026-07-01 16:35:00,28.58933021837628,77.22158810774062,29
7,2026-07-01 00:00:00,28.595335971080658,77.20001746197237,11
7,2026-07-01 00:05:00,28.593821500771476,77.2003390551837,13
7,2026-07-01 00:10:00,28.5947155503688,77.19984234435978,14
7,2026-07-01 00:15:00,28.596085960062783,77.20127180216183,11
7,2026-07-01 00:20:00,28.595814139759504,77.20067197328528,7
7,2026-07-01 00:25:00,28.59508110676398,77.20249003520784,3
7,2026-07-01 00:30:00,28.59478251002637,77.20276406256052,2
7,2026-07-01 00:35:00,28.594385765047374,77.20249828686407,3
7,2026-07-01 00:40:00,28.591542279755323,77.202518779877,5
7,2026-07-01 00:45:00,28.58982030679119,77.20288109833574,9
7,2026-07-01 00:50:00,28.588002327565803,77.20364081063123,14
7,2026-07-01 00:55:00,28.58925328204003,77.20386703945181,19
7,2026-07-01 01:00:00,28.590760915598942,77.20317488723973,18
7,2026-07-01 01:05:00,28.591031758176296,77.20347680550277,15
7,2026-07-01 01:10:00,28.59090224092943,77.20405666278806,16
7,2026-07-01 01:15:00,28.59097567544867,77.20372028412496,17
7,2026-07-01 01:20:00,28.588637920615238,77.20235355239147,22
7,2026-07-01 01:25:00,28.58734477907148,77.20292594270265,20
7,2026-07-01 01:30:00,28.585096636184687,77.2041872608045,16
7,2026-07-01 01:35:00,28.584795776437545,77.20297778386909,19
7,2026-07-01 01:40:00,28.5854498820334,77.20384477408882,23
7,2026-07-01 01:45:00,28.586533155276868,77.20327836734586,26
7,2026-07-01 01:50:00,28.587581862403283,77.20493377445895,22
7,2026-07-01 01:55:00,28.587542690032677,77.20487121937296,21
7,2026-07-01 02:00:00,28.587169027954413,77.20436394796236,17
7,2026-07-01 02:05:00,28.58702963075375,77.20510360111409,17
7,2026-07-01 02:10:00,28.586641532846652,77.20371461597792,14
7,2026-07-01 02:15:00,28.586282766910557,77.2036330931511,18
7,2026-07-01 02:20:00,28.585183704089985,77.20282100821916,22
7,2026-07-01 02:25:00,28.58345250278654,77.20431594644661,23
7,2026-07-01 02:30:00,28.58588164710855,77.20561625963875,25
7,2026-07-01 02:35:00,28.585639897469658,77.20639632993614,27
7,2026-07-01 02:40:00,28.585456234437157,77.20556156654675,32
7,2026-07-01 02:45:00,28.58486541733842,77.20621660716053,34
7,2026-07-01 02:50:00,28.584494459318847,77.20600017913225,38
7,2026-07-01 02:55:00,28.58438379395029,77.20510353690493,37
7,2026-07-01 03:00:00,28.58147680573097,77.2047287148483,34
7,2026-07-01 03:05:00,28.583414260627908,77.20457267508161,32
7,2026-07-01 03:10:00,28.583666427978383,77.20338660585021,31
7,2026-07-01 03:15:00,28.583059924590167,77.20384251004538,29
7,2026-07-01 03:20:00,28.58222392974857,77.20511689813272,25
7,2026-07-01 03:25:00,28.583922022654903,77.20425182670554,24
7,2026-07-01 03:30:00,28.584235788578212,77.2054625172793,21
7,2026-07-01 03:35:00,28.583290042517515,77.20607076347099,21
7,2026-07-01 03:40:00,28.583813437534417,77.20574517611384,19
7,2026-07-01 03:45:00,28.583076635829094,77.2053784445658,16
7,2026-07-01 03:50:00,28.58160985063848,77.20487704241891,19
7,2026-07-01 03:55:00,28.581753194521074,77.2037484194219,15
7,2026-07-01 04:00:00,28.580649524692543,77.20341763019758,20
7,2026-07-01 04:05:00,28.582050953694807,77.20227595837584,16
7,2026-07-01 04:10:00,28.581995972551507,77.20181013629691,17
7,2026-07-01 04:15:00,28.583236852123555,77.20110738852021,16
7,2026-07-01 04:20:00,28.582827165530926,77.2018197106798,15
7,2026-07-01 04:25:00,28.58246033786502,77.20331748722104,19
7,2026-07-01 04:30:00,28.580624265877518,77.2025329965778,14
7,2026-07-01 04:35:00,28.582850284763285,77.20254392106338,15
7,2026-07-01 04:40:00,28.583035460300117,77.20296936592756,10
7,2026-07-01 04:45:00,28.583591048984786,77.20539864857051,5
7,2026-07-01 04:50:00,28.582638732604046,77.20472165343205,9
7,2026-07-01 04:55:00,28.583098988467555,77.20603079781897,7
7,2026-07-01 05:00:00,28.582645882599575,77.20692552133362,11
7,2026-07-01 05:05:00,28.583329555020992,77.2068700739715,6
7,2026-07-01 05:10:00,28.58470009116499,77.20756527687159,10
7,2026-07-01 05:15:00,28.585461512932387,77.20630529539315,10
7,2026-07-01 05:20:00,28.585831515778597,77.20561080710712,15
7,2026-07-01 05:25:00,28.58498466481247,77.20686042601241,19
7,2026-07-01 05:30:00,28.583390336319187,77.20855399248194,22
7,2026-07-01 05:35:00,28.58307357121325,77.20853141454084,25
7,2026-07-01 05:40:00,28.582002718794566,77.21044283362798,23
7,2026-07-01 05:45:00,28.581456876208595,77.20957257740446,26
7,2026-07-01 05:50:00,28.581641586683375,77.21051049294196,27
7,2026-07-01 05:55:00,28.580868503227805,77.21051099300699,26
7,2026-07-01 06:00:00,28.579199903968927,77.21156972153688,30
7,2026-07-01 06:05:00,28.578132269118328,77.21129015323261,28
7,2026-07-01 06:10:00,28.576540125590533,77.21216433014985,26
7,2026-07-01 06:15:00,28.57784421405058,77.21400309857361,27
7,2026-07-01 06:20:00,28.578496860457754,77.21286541111706,29
7,2026-07-01 06:25:00,28.578333987336762,77.21181349619201,29
7,2026-07-01 06:30:00,28.57896642980313,77.21210344863276,30
7,2026-07-01 06:35:00,28.576996429347712,77.21281216730628,25
7,2026-07-01 06:40:00,28.57623623989875,77.2130993006604,23
7,2026-07-01 06:45:00,28.574888086324734,77.21402186417725,28
7,2026-07-01 06:50:00,28.57359057668475,77.21326400798125,28
7,2026-07-01 06:55:00,28.573713682769338,77.21418834226424,31
7,2026-07-01 07:00:00,28.575272403982183,77.21310126988767,30
7,2026-07-01 07:05:00,28.573883495811152,77.21250616644903,31
7,2026-07-01 07:10:00,28.572751213055675,77.2124437549099,36
7,2026-07-01 07:15:00,28.57195552329268,77.21225990802918,33
7,2026-07-01 07:20:00,28.571865149261562,77.21323722654525,37
7,2026-07-01 07:25:00,28.5698778090847,77.21297976636033,33
7,2026-07-01 07:30:00,28.571083765102607,77.21412161960515,30
7,2026-07-01 07:35:00,28.572431912951213,77.21335667436428,29
7,2026-07-01 07:40:00,28.574163962242583,77.21405955616287,27
7,2026-07-01 07:45:00,28.574695968441404,77.21442121722411,27
7,2026-07-01 07:50:00,28.575375480695484,77.21551792365446,30
7,2026-07-01 07:55:00,28.574915931754322,77.21377981201492,29
7,2026-07-01 08:00:00,28.574280704287794,77.2144840343044,31
7,2026-07-01 08:05:00,28.57422679943879,77.21350173072403,36
7,2026-07-01 08:10:00,28.575148213619464,77.21274781719467,38
7,2026-07-01 08:15:00,28.57632870449744,77.2150262191812,43
7,2026-07-01 08:20:00,28.577432581840753,77.2155013869277,43
7,2026-07-01 08:25:00,28.575676220809115,77.21568003765628,43
7,2026-07-01 08:30:00,28.57483851137722,77.21460064519918,47
7,2026-07-01 08:35:00,28.57373487350597,77.21473627720796,49
7,2026-07-01 08:40:00,28.57303555529814,77.21589873549455,46
7,2026-07-01 08:45:00,28.57266137502215,77.21574316980002,49
7,2026-07-01 08:50:00,28.57214641576283,77.21661424552887,47
7,2026-07-01 08:55:00,28.57118171033708,77.21824271408364,42
7,2026-07-01 09:00:00,28.569991511308984,77.21933007090936,42
7,2026-07-01 09:05:00,28.571425644032217,77.21957965547115,38
7,2026-07-01 09:10:00,28.571853960724592,77.21965681196737,42
7,2026-07-01 09:15:00,28.57171273818894,77.22099709453771,37
7,2026-07-01 09:20:00,28.57046204212595,77.22101903834593,32
7,2026-07-01 09:25:00,28.57077012778671,77.22098865285642,32
7,2026-07-01 09:30:00,28.57235360506396,77.21987087401618,32
7,2026-07-01 09:35:00,28.571827725388065,77.22004862412246,33
7,2026-07-01 09:40:00,28.573409424356186,77.21946506065014,28
7,2026-07-01 09:45:00,28.575854007108767,77.21892277831238,24
7,2026-07-01 09:50:00,28.574171348414644,77.21789874972148,19
7,2026-07-01 09:55:00,28.57465404246626,77.21697123752796,17
7,2026-07-01 10:00:00,28.573813650930056,77.21764767934445,21
7,2026-07-01 10:05:00,28.573044340905565,77.217386350285,23
7,2026-07-01 10:10:00,28.57415024132992,77.21682240279694,19
7,2026-07-01 10:15:00,28.576139009353835,77.21715652144657,22
7,2026-07-01 10:20:00,28.574562012871645,77.21635369700262,19
7,2026-07-01 10:25:00,28.574340324291647,77.2152043253924,17
7,2026-07-01 10:30:00,28.5748288189641,77.21756593683641,21
7,2026-07-01 10:35:00,28.575105315107475,77.21422643665815,21
7,2026-07-01 10:40:00,28.577376764852897,77.21382203923497,19
7,2026-07-01 10:45:00,28.57667003508938,77.21472068769366,20
7,2026-07-01 10:50:00,28.575502308401767,77.21589891578654,24
7,2026-07-01 10:55:00,28.575938283791267,77.21336666970132,23
7,2026-07-01 11:00:00,28.57633697897489,77.21287743046831,28
7,2026-07-01 11:05:00,28.577177817734256,77.21252174755806,29
7,2026-07-01 11:10:00,28.5775383329492,77.21104876117032,28
7,2026-07-01 11:15:00,28.579529886251404,77.21021669986547,27
7,2026-07-01 11:20:00,28.579352465813194,77.20886117036589,27
7,2026-07-01 11:25:00,28.579059060297354,77.20741175063671,32
7,2026-07-01 11:30:00,28.578794417611054,77.20604867229181,37
7,2026-07-01 11:35:00,28.577018405857004,77.20711261327938,39
7,2026-07-01 11:40:00,28.57828757851346,77.20732556325305,39
7,2026-07-01 11:45:00,28.575853402127617,77.20581533300764,38
7,2026-07-01 11:50:00,28.576375652763634,77.20571741776119,39
7,2026-07-01 11:55:00,28.575031608135163,77.20622274426127,40
7,2026-07-01 12:00:00,28.574622491521506,77.20620423965804,40
7,2026-07-01 12:05:00,28.574768012719275,77.20559011709302,44
7,2026-07-01 12:10:00,28.575559221758287,77.20508185674213,49
7,2026-07-01 12:15:00,28.574966712193074,77.20531683461694,54
7,2026-07-01 12:20:00,28.574579012276665,77.2049032189513,51
7,2026-07-01 12:25:00,28.574451357595148,77.20434261131446,48
7,2026-07-01 12:30:00,28.574107475400336,77.20491764434956,52
7,2026-07-01 12:35:00,28.574126294450075,77.20374599000225,51
7,2026-07-01 12:40:00,28.574174574730474,77.20331638255828,48
7,2026-07-01 12:45:00,28.57433126845872,77.20433991320247,47
7,2026-07-01 12:50:00,28.576434941561782,77.20493631027159,42
7,2026-07-01 12:55:00,28.577346706884626,77.20320292640953,44
7,2026-07-01 13:00:00,28.576892159165883,77.2029842731321,47
7,2026-07-01 13:05:00,28.575254554248428,77.20310387339477,50
7,2026-07-01 13:10:00,28.57541343136942,77.20273660368791,49
7,2026-07-01 13:15:00,28.576391246919105,77.20063095674607,45
7,2026-07-01 13:20:00,28.575429057739125,77.2011334040128,42
7,2026-07-01 13:25:00,28.57657659695272,77.20040488245878,45
7,2026-07-01 13:30:00,28.576215286390752,77.2003406982975,40
7,2026-07-01 13:35:00,28.576744302690646,77.20039765273775,41
7,2026-07-01 13:40:00,28.575350471646832,77.19983152414915,44
7,2026-07-01 13:45:00,28.575488603353236,77.19930378592512,40
7,2026-07-01 13:50:00,28.576000102928596,77.20123893996518,36
7,2026-07-01 13:55:00,28.577115569611692,77.20057348603216,32
7,2026-07-01 14:00:00,28.578582025337848,77.20184390249274,29
7,2026-07-01 14:05:00,28.57862724804685,77.20189510039462,31
7,2026-07-01 14:10:00,28.577099952356424,77.20019296599465,32
7,2026-07-01 14:15:00,28.576929651390913,77.2002325267529,29
7,2026-07-01 14:20:00,28.578150472689725,77.19935575297168,34
7,2026-07-01 14:25:00,28.57854231637772,77.19706603742189,32
7,2026-07-01 14:30:00,28.57774675930978,77.19749043135975,29
7,2026-07-01 14:35:00,28.579715235618206,77.19703846237014,30
7,2026-07-01 14:40:00,28.579047927950853,77.19714223520694,27
7,2026-07-01 14:45:00,28.57804686573747,77.19685855051326,28
7,2026-07-01 14:50:00,28.577465083704077,77.19568467054884,29
7,2026-07-01 14:55:00,28.57483801834727,77.19516326945703,34
7,2026-07-01 15:00:00,28.573592497757765,77.19443332851112,33
7,2026-07-01 15:05:00,28.57616240479324,77.19307511684259,29
7,2026-07-01 15:10:00,28.57597891755024,77.1914053166895,27
7,2026-07-01 15:15:00,28.57493645593331,77.19263173885403,26
7,2026-07-01 15:20:00,28.576312952383333,77.19294487099404,30
7,2026-07-01 15:25:00,28.575214861089897,77.19298402558586,25
7,2026-07-01 15:30:00,28.57481671907931,77.19237210346445,24
7,2026-07-01 15:35:00,28.574979929334337,77.1920027503544,20
7,2026-07-01 15:40:00,28.57313985158983,77.19197046974335,20
7,2026-07-01 15:45:00,28.572868646396568,77.19135914696413,16
7,2026-07-01 15:50:00,28.57197742789646,77.19129730688017,12
7,2026-07-01 15:55:00,28.57108807590338,77.19267559097379,14
7,2026-07-01 16:00:00,28.57204646172322,77.19272725195064,12
7,2026-07-01 16:05:00,28.572002794703483,77.19093826253784,17
7,2026-07-01 16:10:00,28.570294609634168,77.1917564353382,14
7,2026-07-01 16:15:00,28.57073668867097,77.19297756641673,14
7,2026-07-01 16:20:00,28.570881032138267,77.19380420795211,11
7,2026-07-01 16:25:00,28.57049757109251,77.19340084027877,13
7,2026-07-01 16:30:00,28.569682195464193,77.19233460534687,13
7,2026-07-01 16:35:00,28.56899336306987,77.19247735368292,16
8,2026-07-01 00:00:00,28.600458289367698,77.18710629229197,54
8,2026-07-01 00:05:00,28.598869342084782,77.18858640108392,56
8,2026-07-01 00:10:00,28.599937721418478,77.18919052197352,54
8,2026-07-01 00:15:00,28.59907299928396,77.18798045125341,57
8,2026-07-01 00:20:00,28.598965644493244,77.18897987028609,55
8,2026-07-01 00:25:00,28.599143429347073,77.18912163132167,53
8,2026-07-01 00:30:00,28.59979292671193,77.18875771192818,56
8,2026-07-01 00:35:00,28.599400124515412,77.18739480051482,55
8,2026-07-01 00:40:00,28.600182254516945,77.18660390113315,53
8,2026-07-01 00:45:00,28.602194288647905,77.18674007401621,54
8,2026-07-01 00:50:00,28.603407073037037,77.18722067272915,53
8,2026-07-01 00:55:00,28.60322797975202,77.18761649251024,50
8,2026-07-01 01:00:00,28.60278308540547,77.1867131315527,51
8,2026-07-01 01:05:00,28.603165051862995,77.18589166202366,55
8,2026-07-01 01:10:00,28.601792192411512,77.18624314192401,55
8,2026-07-01 01:15:00,28.60079791569982,77.18586817784606,60
8,2026-07-01 01:20:00,28.602088176828868,77.18663228314239,57
8,2026-07-01 01:25:00,28.60290963125812,77.1866778995717,59
8,2026-07-01 01:30:00,28.603393888824716,77.18721164567545,60
8,2026-07-01 01:35:00,28.602843751113237,77.18762049469444,57
8,2026-07-01 01:40:00,28.60272001843314,77.18807830030437,54
8,2026-07-01 01:45:00,28.602874502428858,77.18818862141022,54
8,2026-07-01 01:50:00,28.602582493883343,77.1877345878299,52
8,2026-07-01 01:55:00,28.605503246449228,77.18682172351213,53
8,2026-07-01 02:00:00,28.605911299296064,77.1873725210844,56
8,2026-07-01 02:05:00,28.605481834152563,77.1882555672121,57
8,2026-07-01 02:10:00,28.607702517949146,77.18826439535036,61
8,2026-07-01 02:15:00,28.6069008129065,77.18720444527138,58
8,2026-07-01 02:20:00,28.606068931663074,77.18709521284119,58
8,2026-07-01 02:25:00,28.60727197951528,77.18787063657427,60
8,2026-07-01 02:30:00,28.606879436957048,77.18856275607936,60
8,2026-07-01 02:35:00,28.607908894438648,77.18943507145939,62
8,2026-07-01 02:40:00,28.60917426053168,77.19092173512364,59
8,2026-07-01 02:45:00,28.60897053340364,77.1927282513343,59
8,2026-07-01 02:50:00,28.60950967752159,77.19370662127207,54
8,2026-07-01 02:55:00,28.610112772206538,77.19285608599333,57
8,2026-07-01 03:00:00,28.60988311493781,77.19092085540852,56
8,2026-07-01 03:05:00,28.609732650537985,77.19158851620116,51
8,2026-07-01 03:10:00,28.608951695346118,77.19116474074556,47
8,2026-07-01 03:15:00,28.609884823418458,77.19094202004479,47
8,2026-07-01 03:20:00,28.610794444549878,77.19056510972038,48
8,2026-07-01 03:25:00,28.609878123630804,77.18972818901659,51
8,2026-07-01 03:30:00,28.609789544599984,77.18985908250454,47
8,2026-07-01 03:35:00,28.608353635076114,77.18854326668811,50
8,2026-07-01 03:40:00,28.607983938020144,77.18817816846537,51
8,2026-07-01 03:45:00,28.607999165040763,77.18922601959683,54
8,2026-07-01 03:50:00,28.607817715971514,77.1891196825943,57
8,2026-07-01 03:55:00,28.606264288173048,77.19086555393044,56
8,2026-07-01 04:00:00,28.60750568050436,77.19051657187937,55
8,2026-07-01 04:05:00,28.608002554094867,77.19158634333435,50
8,2026-07-01 04:10:00,28.607582440533292,77.19090356097593,51
8,2026-07-01 04:15:00,28.607666764360534,77.1925547975546,47
8,2026-07-01 04:20:00,28.60682714408728,77.19365256957558,50
8,2026-07-01 04:25:00,28.6076203197755,77.19353051244346,47
8,2026-07-01 04:30:00,28.606211212847743,77.19312187653092,50
8,2026-07-01 04:35:00,28.60690673619671,77.1960061088075,50
8,2026-07-01 04:40:00,28.60619205551972,77.19652738871251,50
8,2026-07-01 04:45:00,28.606786834115546,77.19689555040756,51
8,2026-07-01 04:50:00,28.60666689284192,77.19763595752994,53
8,2026-07-01 04:55:00,28.605602034437187,77.19684174053133,58
8,2026-07-01 05:00:00,28.607030892145,77.19536760839928,62
8,2026-07-01 05:05:00,28.60692440426182,77.19491381591412,58
8,2026-07-01 05:10:00,28.608586414658095,77.19458155816943,63
8,2026-07-01 05:15:00,28.608689852787403,77.19662363420957,59
8,2026-07-01 05:20:00,28.608477423857494,77.1981278484924,56
8,2026-07-01 05:25:00,28.60789219786171,77.19913350358549,57
8,2026-07-01 05:30:00,28.60707918348945,77.19995678350116,52
8,2026-07-01 05:35:00,28.60683895562318,77.20087283482428,48
8,2026-07-01 05:40:00,28.607127366771895,77.20031014279984,51
8,2026-07-01 05:45:00,28.607792069517227,77.19975722196247,49
8,2026-07-01 05:50:00,28.606728279901127,77.19896737452342,51
8,2026-07-01 05:55:00,28.60538911816559,77.19912711789047,51
8,2026-07-01 06:00:00,28.603618049612503,77.1995986602709,48
8,2026-07-01 06:05:00,28.602719282387977,77.19759571125022,53
8,2026-07-01 06:10:00,28.602703364542975,77.19851172157,56
8,2026-07-01 06:15:00,28.603928623280066,77.19864520831544,52
8,2026-07-01 06:20:00,28.60287229528076,77.19758670459444,53
8,2026-07-01 06:25:00,28.603336665144308,77.19703615266273,53
8,2026-07-01 06:30:00,28.602352871226618,77.19802695075109,56
8,2026-07-01 06:35:00,28.60283787251814,77.19755912856826,56
8,2026-07-01 06:40:00,28.603424038318533,77.19714671475005,61
8,2026-07-01 06:45:00,28.604993904754792,77.19721535179848,65
8,2026-07-01 06:50:00,28.604652316833285,77.19721708615522,70
8,2026-07-01 06:55:00,28.6044879816274,77.19742917950829,71
8,2026-07-01 07:00:00,28.60554351860105,77.19743952352412,69
8,2026-07-01 07:05:00,28.60520493862031,77.19901946363207,66
8,2026-07-01 07:10:00,28.604270790907204,77.19963342204034,61
8,2026-07-01 07:15:00,28.605716655566848,77.19964973764202,64
8,2026-07-01 07:20:00,28.604722792892012,77.20006992918492,63
8,2026-07-01 07:25:00,28.60603694470336,77.1996283239615,63
8,2026-07-01 07:30:00,28.60553344054147,77.19953370016886,67
8,2026-07-01 07:35:00,28.604854135772104,77.19870942899153,72
8,2026-07-01 07:40:00,28.60447131858249,77.19858570004526,73
8,2026-07-01 07:45:00,28.605028622876272,77.198451554869,69
8,2026-07-01 07:50:00,28.60462872381414,77.19872084962158,70
8,2026-07-01 07:55:00,28.604196722209892,77.20105460615528,74
8,2026-07-01 08:00:00,28.60482067215174,77.20235510030761,70
8,2026-07-01 08:05:00,28.60637371322803,77.19987311397189,71
8,2026-07-01 08:10:00,28.60665270502278,77.20073493077511,67
8,2026-07-01 08:15:00,28.6085426999201,77.20141706674185,67
8,2026-07-01 08:20:00,28.60757257565972,77.20101950897636,63
8,2026-07-01 08:25:00,28.608086144087075,77.20288654608517,58
8,2026-07-01 08:30:00,28.608546584594656,77.20281369891812,62
8,2026-07-01 08:35:00,28.609268113624115,77.20292101483278,65
8,2026-07-01 08:40:00,28.610874378384565,77.20308257933873,60
8,2026-07-01 08:45:00,28.610744846976843,77.20169732224922,64
8,2026-07-01 08:50:00,28.610416905056574,77.202498403213,65
8,2026-07-01 08:55:00,28.60969548870683,77.20235059670945,69
8,2026-07-01 09:00:00,28.609329982769843,77.20219929748922,68
8,2026-07-01 09:05:00,28.608628148606854,77.20196201630813,71
8,2026-07-01 09:10:00,28.60809197644023,77.20169797854614,70
8,2026-07-01 09:15:00,28.60777334903634,77.20278021645767,72
8,2026-07-01 09:20:00,28.608246266120865,77.20256674432167,71
8,2026-07-01 09:25:00,28.6101218375809,77.20418581280278,75
8,2026-07-01 09:30:00,28.61044136225168,77.20583943007126,76
8,2026-07-01 09:35:00,28.6100167686722,77.20561891698661,71
8,2026-07-01 09:40:00,28.609546525079896,77.2051898531097,70
8,2026-07-01 09:45:00,28.60825580756011,77.20561920334512,65
8,2026-07-01 09:50:00,28.61093378483628,77.20568389778421,70
8,2026-07-01 09:55:00,28.61078939201783,77.20533798148361,75
8,2026-07-01 10:00:00,28.60925669145794,77.20514170083221,72
8,2026-07-01 10:05:00,28.60923000024278,77.20426813229832,76
8,2026-07-01 10:10:00,28.60952739509631,77.20416641227277,72
8,2026-07-01 10:15:00,28.609092620166578,77.20462887757857,67
8,2026-07-01 10:20:00,28.609235668936456,77.20547848956708,62
8,2026-07-01 10:25:00,28.60743973238512,77.20481731393225,59
8,2026-07-01 10:30:00,28.60859086179108,77.2045982821179,56
8,2026-07-01 10:35:00,28.606927108596047,77.20564740753514,54
8,2026-07-01 10:40:00,28.607356449418848,77.20602704718353,49
8,2026-07-01 10:45:00,28.60723202209574,77.20545801982125,53
8,2026-07-01 10:50:00,28.606201865962277,77.20785876479071,53
8,2026-07-01 10:55:00,28.605066399266466,77.20834667023578,56
8,2026-07-01 11:00:00,28.604725482560372,77.2080993425027,57
8,2026-07-01 11:05:00,28.60425792545055,77.20808421243335,55
8,2026-07-01 11:10:00,28.603373766970606,77.20549579580114,59
8,2026-07-01 11:15:00,28.6052292702854,77.20572003054568,61
8,2026-07-01 11:20:00,28.606372079924178,77.20695839337819,60
8,2026-07-01 11:25:00,28.607124762239465,77.20577092797645,56
8,2026-07-01 11:30:00,28.607598696338677,77.20505030191886,53
8,2026-07-01 11:35:00,28.60950650512766,77.20497775959562,51
8,2026-07-01 11:40:00,28.607782000341583,77.20423842680627,51
8,2026-07-01 11:45:00,28.60645342068386,77.2042270816165,47
8,2026-07-01 11:50:00,28.607461424688154,77.20367747703183,46
8,2026-07-01 11:55:00,28.60686445040143,77.20128717266437,43
8,2026-07-01 12:00:00,28.607717871852923,77.2009177859323,48
8,2026-07-01 12:05:00,28.607483836080966,77.20024167519705,47
8,2026-07-01 12:10:00,28.607203842779093,77.19896264446083,51
8,2026-07-01 12:15:00,28.608027036881786,77.1996458353712,54
8,2026-07-01 12:20:00,28.606859502666474,77.20016638842893,49
8,2026-07-01 12:25:00,28.608526565102615,77.20028789572576,52
8,2026-07-01 12:30:00,28.609643398878145,77.2004743118955,54
8,2026-07-01 12:35:00,28.608764611989812,77.20155727466653,55
8,2026-07-01 12:40:00,28.609097852026334,77.20172711936378,56
8,2026-07-01 12:45:00,28.60848962551889,77.20209023499153,53
8,2026-07-01 12:50:00,28.60779465952759,77.2020624074469,57
8,2026-07-01 12:55:00,28.60739746421144,77.20096013770645,57
8,2026-07-01 13:00:00,28.607582028563986,77.20184930942997,54
8,2026-07-01 13:05:00,28.607659011705394,77.2019733821557,50
8,2026-07-01 13:10:00,28.60711172805553,77.20096496222477,55
8,2026-07-01 13:15:00,28.60847429090824,77.20260557678826,58
8,2026-07-01 13:20:00,28.606888189249418,77.20194259800817,57
8,2026-07-01 13:25:00,28.60770502795905,77.20253736292295,59
8,2026-07-01 13:30:00,28.6071500158396,77.203868170165,59
8,2026-07-01 13:35:00,28.60790347729126,77.20448541061936,55
8,2026-07-01 13:40:00,28.60638855301589,77.20368434362895,59
8,2026-07-01 13:45:00,28.604310741196034,77.20336404582442,60
8,2026-07-01 13:50:00,28.603712980863257,77.20353304548473,57
8,2026-07-01 13:55:00,28.606103747028026,77.20391013757848,58
8,2026-07-01 14:00:00,28.603399355396423,77.20328025302611,60
8,2026-07-01 14:05:00,28.603119250872243,77.20490289056414,64
8,2026-07-01 14:10:00,28.60314188172492,77.20349732751029,62
8,2026-07-01 14:15:00,28.60330648957023,77.20345559037791,65
8,2026-07-01 14:20:00,28.604484034294998,77.20324301174992,61
8,2026-07-01 14:25:00,28.60425893409524,77.20240064094419,59
8,2026-07-01 14:30:00,28.60642887068332,77.20097695830731,59
8,2026-07-01 14:35:00,28.605145725674873,77.20229424111508,61
8,2026-07-01 14:40:00,28.604869406039747,77.2014782032197,65
8,2026-07-01 14:45:00,28.605055419417944,77.20253879555568,60
8,2026-07-01 14:50:00,28.60665395753004,77.2033409240143,58
8,2026-07-01 14:55:00,28.607111474020165,77.2042011869857,55
8,2026-07-01 15:00:00,28.60646316375002,77.20337686397363,50
8,2026-07-01 15:05:00,28.606291000635743,77.20251596286514,53
8,2026-07-01 15:10:00,28.607164629137817,77.20248556009861,52
8,2026-07-01 15:15:00,28.606100983261086,77.20179107722275,54
8,2026-07-01 15:20:00,28.606801683873208,77.20460573166723,50
8,2026-07-01 15:25:00,28.60817172753438,77.20297285382874,46
8,2026-07-01 15:30:00,28.607757111784604,77.2039168599714,47
8,2026-07-01 15:35:00,28.609219307723322,77.20436549573591,46
8,2026-07-01 15:40:00,28.60784794085514,77.2045317298679,44
8,2026-07-01 15:45:00,28.606897030125452,77.2048502508727,40
8,2026-07-01 15:50:00,28.60681386141465,77.20606197517117,41
8,2026-07-01 15:55:00,28.607577559130497,77.20718934918162,39
8,2026-07-01 16:00:00,28.607414332702266,77.2088091737866,44
8,2026-07-01 16:05:00,28.607728884872802,77.20894781968131,45
8,2026-07-01 16:10:00,28.607365768211647,77.20694036282057,40
8,2026-07-01 16:15:00,28.607075730772042,77.20657873029695,38
8,2026-07-01 16:20:00,28.6074741746354,77.2070159613945,42
8,2026-07-01 16:25:00,28.60741540992312,77.20651094454414,41
8,2026-07-01 16:30:00,28.604859092055648,77.20665238505705,39
8,2026-07-01 16:35:00,28.605998647591672,77.2062650230925,38
9,2026-07-01 00:00:00,28.594279717537184,77.17090752340074,55
9,2026-07-01 00:05:00,28.593029830056324,77.17147138656966,58
9,2026-07-01 00:10:00,28.59362532095396,77.1708814918132,58
9,2026-07-01 00:15:00,28.592762286046877,77.16925855881053,58
9,2026-07-01 00:20:00,28.59178187863708,77.16816920881394,56
9,2026-07-01 00:25:00,28.59077602507233,77.16645989911865,52
9,2026-07-01 00:30:00,28.590481782566695,77.16781648250448,51
9,2026-07-01 00:35:00,28.58980554135845,77.16672211770693,54
9,2026-07-01 00:40:00,28.58950789878543,77.16929318786356,50
9,2026-07-01 00:45:00,28.58866729135796,77.17004313783421,48
9,2026-07-01 00:50:00,28.588424592610135,77.16815312766303,49
9,2026-07-01 00:55:00,28.587633208124053,77.16849256321784,54
9,2026-07-01 01:00:00,28.58775280680227,77.167857140111,58
9,2026-07-01 01:05:00,28.588857301787716,77.16725548770881,56
9,2026-07-01 01:10:00,28.58812210075295,77.16891169596087,57
9,2026-07-01 01:15:00,28.588241397457974,77.16884473605758,59
9,2026-07-01 01:20:00,28.587959595077287,77.1689432344056,61
9,2026-07-01 01:25:00,28.588109818432223,77.16698079418076,62
9,2026-07-01 01:30:00,28.588366040268305,77.1674642340727,65
9,2026-07-01 01:35:00,28.58874734988057,77.1677758869287,63
9,2026-07-01 01:40:00,28.58859670916029,77.1680983029114,61
9,2026-07-01 01:45:00,28.589391448377345,77.16917798411613,57
9,2026-07-01 01:50:00,28.589331044648148,77.17030576436676,52
9,2026-07-01 01:55:00,28.589956193511657,77.1706849800236,56
9,2026-07-01 02:00:00,28.590179284736717,77.17194746991846,57
9,2026-07-01 02:05:00,28.59019211338026,77.17242729695383,52
9,2026-07-01 02:10:00,28.591338291640966,77.17232931050711,48
9,2026-07-01 02:15:00,28.591391709121876,77.17101582137542,46
9,2026-07-01 02:20:00,28.591238898004807,77.1725240687786,47
9,2026-07-01 02:25:00,28.592380526869135,77.17208191380837,48
9,2026-07-01 02:30:00,28.592371238307567,77.17238889488105,49
9,2026-07-01 02:35:00,28.59227234687517,77.1733645732265,49
9,2026-07-01 02:40:00,28.593610153330598,77.17240088316964,48
9,2026-07-01 02:45:00,28.593888501965242,77.17189166980704,49
9,2026-07-01 02:50:00,28.595167125853294,77.17254529669502,44
9,2026-07-01 02:55:00,28.595069295041196,77.17143735502411,46
9,2026-07-01 03:00:00,28.59465266973558,77.171374232011,44
9,2026-07-01 03:05:00,28.59368339204825,77.17152892876035,46
9,2026-07-01 03:10:00,28.593523476025414,77.17246543287709,41
9,2026-07-01 03:15:00,28.594419759985545,77.1724866010215,42
9,2026-07-01 03:20:00,28.595517060173087,77.1709209529899,44
9,2026-07-01 03:25:00,28.596489834569713,77.17103881164215,43
9,2026-07-01 03:30:00,28.596733491793415,77.16994860323535,43
9,2026-07-01 03:35:00,28.59742139176141,77.17158933217637,47
9,2026-07-01 03:40:00,28.596627605237394,77.17173868837783,44
9,2026-07-01 03:45:00,28.595802905377038,77.17307217687734,45
9,2026-07-01 03:50:00,28.595720953591975,77.1741629995452,46
9,2026-07-01 03:55:00,28.594259994337694,77.1735145859702,41
9,2026-07-01 04:00:00,28.594305485814026,77.1740729223934,36
9,2026-07-01 04:05:00,28.594336411231808,77.17364177551022,34
9,2026-07-01 04:10:00,28.593543463734477,77.17432924079999,30
9,2026-07-01 04:15:00,28.59386792233883,77.17252537800744,25
9,2026-07-01 04:20:00,28.593791532702564,77.17237785844281,27
9,2026-07-01 04:25:00,28.59394182133414,77.17430979881757,30
9,2026-07-01 04:30:00,28.5930990247319,77.17469595350573,32
9,2026-07-01 04:35:00,28.593276403902813,77.17259608027351,37
9,2026-07-01 04:40:00,28.594349653303738,77.17204927218394,32
9,2026-07-01 04:45:00,28.594938831137938,77.17131456914728,36
9,2026-07-01 04:50:00,28.595103125903307,77.17351079228943,32
9,2026-07-01 04:55:00,28.596075216722063,77.17481422573096,27
9,2026-07-01 05:00:00,28.597132233005013,77.1750130203193,27
9,2026-07-01 05:05:00,28.597348529463414,77.17558869984184,25
9,2026-07-01 05:10:00,28.59725682343927,77.1747009303303,28
9,2026-07-01 05:15:00,28.596875827033337,77.17524720393986,25
9,2026-07-01 05:20:00,28.597635341920824,77.1749554453076,23
9,2026-07-01 05:25:00,28.59835643471731,77.17462732997443,19
9,2026-07-01 05:30:00,28.600307286519676,77.17489843700932,20
9,2026-07-01 05:35:00,28.60000202046731,77.17446776370915,21
9,2026-07-01 05:40:00,28.59986988387841,77.17394403240637,16
9,2026-07-01 05:45:00,28.599948676896616,77.17411139485988,20
9,2026-07-01 05:50:00,28.598627751590552,77.17198771184255,24
9,2026-07-01 05:55:00,28.59818049199967,77.1733372950816,27
9,2026-07-01 06:00:00,28.598940414742717,77.17486659927609,28
9,2026-07-01 06:05:00,28.59869043982408,77.17486458962107,24
9,2026-07-01 06:10:00,28.600199570837482,77.17547019585369,20
9,2026-07-01 06:15:00,28.600060520517694,77.17667529150714,17
9,2026-07-01 06:20:00,28.600239585946966,77.1771178638607,14
9,2026-07-01 06:25:00,28.60144619410183,77.17559069600411,16
9,2026-07-01 06:30:00,28.600453638488066,77.17652472976408,13
9,2026-07-01 06:35:00,28.602103422174306,77.17580624924432,18
9,2026-07-01 06:40:00,28.60096134393521,77.17583517610838,18
9,2026-07-01 06:45:00,28.60033131895568,77.1765671316109,20
9,2026-07-01 06:50:00,28.599443973328174,77.17792701915748,22
9,2026-07-01 06:55:00,28.60097690669871,77.17795972691376,20
9,2026-07-01 07:00:00,28.59988341996502,77.17845791305601,15
9,2026-07-01 07:05:00,28.600037913630615,77.17812136046614,18
9,2026-07-01 07:10:00,28.599338428851453,77.178829920781,23
9,2026-07-01 07:15:00,28.599173421490086,77.17991260429798,28
9,2026-07-01 07:20:00,28.598577886554903,77.18081313737531,32
9,2026-07-01 07:25:00,28.598738770937896,77.17989054470848,34
9,2026-07-01 07:30:00,28.596469397008743,77.17896624898533,34
9,2026-07-01 07:35:00,28.594808313593177,77.17946950105008,31
9,2026-07-01 07:40:00,28.594938829206182,77.17776098254684,32
9,2026-07-01 07:45:00,28.595122961979204,77.17648118456073,30
9,2026-07-01 07:50:00,28.59446906359088,77.17650849794057,35
9,2026-07-01 07:55:00,28.592660477633704,77.17605774583141,35
9,2026-07-01 08:00:00,28.592677933098955,77.17471364301524,38
9,2026-07-01 08:05:00,28.592600780450347,77.1740725667498,39
9,2026-07-01 08:10:00,28.592193102838774,77.17223905720581,39
9,2026-07-01 08:15:00,28.59159013793862,77.1725569655899,39
9,2026-07-01 08:20:00,28.59219482203557,77.17225715213294,37
9,2026-07-01 08:25:00,28.59250222560529,77.1714325398825,39
9,2026-07-01 08:30:00,28.594361203299734,77.17241471886926,39
9,2026-07-01 08:35:00,28.59374914707327,77.1731712369678,35
9,2026-07-01 08:40:00,28.593076661477266,77.17339450780372,32
9,2026-07-01 08:45:00,28.59347286087765,77.1715861513713,36
9,2026-07-01 08:50:00,28.59319185556362,77.17138808487378,36
9,2026-07-01 08:55:00,28.590820196202763,77.17343015452671,41
9,2026-07-01 09:00:00,28.590687174322124,77.17427935683598,42
9,2026-07-01 09:05:00,28.591112768575588,77.17538739969436,47
9,2026-07-01 09:10:00,28.59210847699611,77.1738776254012,51
9,2026-07-01 09:15:00,28.59150100470849,77.17347326340851,50
9,2026-07-01 09:20:00,28.591196857172804,77.17248953730385,46
9,2026-07-01 09:25:00,28.591149747057173,77.17296958757186,43
9,2026-07-01 09:30:00,28.59024704739295,77.17391651604021,47
9,2026-07-01 09:35:00,28.589346376010436,77.17295231596879,45
9,2026-07-01 09:40:00,28.5876069740385,77.1718998358918,41
9,2026-07-01 09:45:00,28.58893735572416,77.17322089763015,38
9,2026-07-01 09:50:00,28.587283773608533,77.17348551147421,33
9,2026-07-01 09:55:00,28.58715859918015,77.1743323935781,30
9,2026-07-01 10:00:00,28.586994208415078,77.17421517900436,34
9,2026-07-01 10:05:00,28.5868899099037,77.17358044711409,34
9,2026-07-01 10:10:00,28.587090369535115,77.17418935247035,32
9,2026-07-01 10:15:00,28.586343330214415,77.17423293806874,32
9,2026-07-01 10:20:00,28.58738226697585,77.1747634406429,31
9,2026-07-01 10:25:00,28.58863767058531,77.17570931028659,35
9,2026-07-01 10:30:00,28.587876240830884,77.1753347780272,40
9,2026-07-01 10:35:00,28.588305373692407,77.17461806919829,42
9,2026-07-01 10:40:00,28.588300752003505,77.17498887638384,38
9,2026-07-01 10:45:00,28.58929653323188,77.17551818259562,42
9,2026-07-01 10:50:00,28.588220490452432,77.17573400206884,45
9,2026-07-01 10:55:00,28.587879891745523,77.17623414510194,44
9,2026-07-01 11:00:00,28.58668457494733,77.1774694937527,46
9,2026-07-01 11:05:00,28.58647207358264,77.17864844215194,49
9,2026-07-01 11:10:00,28.588986512219257,77.1794725406086,53
9,2026-07-01 11:15:00,28.589815726160083,77.18039532570477,51
9,2026-07-01 11:20:00,28.589323988311293,77.17990979166612,51
9,2026-07-01 11:25:00,28.58919333434233,77.1804755653658,51
9,2026-07-01 11:30:00,28.589289070176196,77.17988224047616,50
9,2026-07-01 11:35:00,28.588131953557482,77.17854911212139,55
9,2026-07-01 11:40:00,28.58887902640133,77.17994770312602,57
9,2026-07-01 11:45:00,28.58972213173365,77.18111054170355,58
9,2026-07-01 11:50:00,28.588602858418405,77.18209115005841,62
9,2026-07-01 11:55:00,28.588985940575448,77.18128639071179,61
9,2026-07-01 12:00:00,28.58829323893882,77.18148267987961,65
9,2026-07-01 12:05:00,28.58861642442128,77.18276649673946,65
9,2026-07-01 12:10:00,28.58968384137431,77.18332019666472,65
9,2026-07-01 12:15:00,28.59032156087149,77.18377009689414,63
9,2026-07-01 12:20:00,28.588927065802633,77.18482398844644,58
9,2026-07-01 12:25:00,28.589558040292463,77.18419049175724,59
9,2026-07-01 12:30:00,28.589024185363073,77.18353661184358,63
9,2026-07-01 12:35:00,28.58868285724331,77.18352506054535,67
9,2026-07-01 12:40:00,28.58868673785999,77.18514723546421,69
9,2026-07-01 12:45:00,28.58908215884538,77.1841896665092,69
9,2026-07-01 12:50:00,28.58925404367963,77.185108217333,65
9,2026-07-01 12:55:00,28.590720916969786,77.18564749778388,62
9,2026-07-01 13:00:00,28.58905560789111,77.18535597647296,57
9,2026-07-01 13:05:00,28.58974608057723,77.18562159346614,58
9,2026-07-01 13:10:00,28.58999339355837,77.18412200191528,57
9,2026-07-01 13:15:00,28.590144265429647,77.18450230875769,52
9,2026-07-01 13:20:00,28.58937001931609,77.18444646385686,52
9,2026-07-01 13:25:00,28.590204512036795,77.18260793073436,56
9,2026-07-01 13:30:00,28.58922365360037,77.18264104534576,53
9,2026-07-01 13:35:00,28.589571995339618,77.18174321527934,51
9,2026-07-01 13:40:00,28.58973303484743,77.18296050501327,49
9,2026-07-01 13:45:00,28.591079678278867,77.18169929316142,49
9,2026-07-01 13:50:00,28.590363028369048,77.18101085771747,50
9,2026-07-01 13:55:00,28.59010225852279,77.17977229452843,47
9,2026-07-01 14:00:00,28.590603090113795,77.1788938207271,52
9,2026-07-01 14:05:00,28.589539029603998,77.17961551724554,56
9,2026-07-01 14:10:00,28.59028148851759,77.17897792970346,53
9,2026-07-01 14:15:00,28.59078635467077,77.1785871712904,49
9,2026-07-01 14:20:00,28.592309879983,77.17722072366351,50
9,2026-07-01 14:25:00,28.59142438909641,77.17738261184975,54
9,2026-07-01 14:30:00,28.59206155816711,77.17604440519425,52
9,2026-07-01 14:35:00,28.591934095198894,77.17580667011721,55
9,2026-07-01 14:40:00,28.590599043103467,77.174716502268,59
9,2026-07-01 14:45:00,28.59051965467906,77.17441603631927,55
9,2026-07-01 14:50:00,28.589615348865564,77.17432155400513,56
9,2026-07-01 14:55:00,28.590314579446286,77.1731048947926,53
9,2026-07-01 15:00:00,28.590147022106883,77.17329430069339,53
9,2026-07-01 15:05:00,28.590938881417273,77.17272366026319,56
9,2026-07-01 15:10:00,28.59266973296314,77.1718887098949,54
9,2026-07-01 15:15:00,28.592675671132557,77.17274739840637,53
9,2026-07-01 15:20:00,28.59207925972459,77.17244821663394,50
9,2026-07-01 15:25:00,28.591423495981882,77.17163653553361,53
9,2026-07-01 15:30:00,28.590246533869113,77.17345707944155,54
9,2026-07-01 15:35:00,28.589907849545014,77.17328493516784,57
9,2026-07-01 15:40:00,28.591170592028163,77.1741617247224,53
9,2026-07-01 15:45:00,28.59036816483374,77.17310221928655,52
9,2026-07-01 15:50:00,28.59214425211412,77.17264144427281,54
9,2026-07-01 15:55:00,28.59168459534185,77.17156160182503,53
9,2026-07-01 16:00:00,28.59059793335082,77.17156170084688,53
9,2026-07-01 16:05:00,28.590740784363813,77.17157171877038,57
9,2026-07-01 16:10:00,28.59170519936943,77.17193426134051,57
9,2026-07-01 16:15:00,28.59212697944368,77.17324445324859,61
9,2026-07-01 16:20:00,28.592718748267238,77.17410782371043,66
9,2026-07-01 16:25:00,28.591554890549478,77.17593944599508,65
9,2026-07-01 16:30:00,28.591253288415835,77.17602058851404,65
9,2026-07-01 16:35:00,28.59086342279204,77.17429406750217,70
10,2026-07-01 00:00:00,28.591856893424456,77.2106152655868,4
10,2026-07-01 00:05:00,28.593298838430258,77.21010289134612,6
10,2026-07-01 00:10:00,28.593628147575508,77.2102431847568,10
10,2026-07-01 00:15:00,28.594646357160062,77.20762388580731,6
10,2026-07-01 00:20:00,28.594629746817738,77.2075180670498,9
10,2026-07-01 00:25:00,28.5934746577273,77.20709816404694,11
10,2026-07-01 00:30:00,28.594114561128283,77.20578227830461,10
10,2026-07-01 00:35:00,28.595951799521057,77.20725418470373,5
10,2026-07-01 00:40:00,28.595298503543198,77.20731444238106,1
10,2026-07-01 00:45:00,28.595821726728936,77.20609412169112,2
10,2026-07-01 00:50:00,28.59292058794712,77.206460620357,0
10,2026-07-01 00:55:00,28.593734568807317,77.2065892378074,0
10,2026-07-01 01:00:00,28.595483144721374,77.206198505893,5
10,2026-07-01 01:05:00,28.596277401399536,77.20766533030941,0
10,2026-07-01 01:10:00,28.59466068802459,77.20743594797756,0
10,2026-07-01 01:15:00,28.59452049004488,77.20869970913947,4
10,2026-07-01 01:20:00,28.596736034661085,77.20925644497831,4
10,2026-07-01 01:25:00,28.596634171150985,77.21019019118715,6
10,2026-07-01 01:30:00,28.5968802547663,77.20938791116001,9
10,2026-07-01 01:35:00,28.5963137842657,77.20847524658434,12
10,2026-07-01 01:40:00,28.595990304843824,77.20731683341177,8
10,2026-07-01 01:45:00,28.595348638023694,77.20898218532939,8
10,2026-07-01 01:50:00,28.59502512880411,77.2089013057565,13
10,2026-07-01 01:55:00,28.593790283090442,77.20985886047552,8
10,2026-07-01 02:00:00,28.593237283657594,77.21155279754262,11
10,2026-07-01 02:05:00,28.593717544159,77.21049768986714,16
10,2026-07-01 02:10:00,28.593538892039966,77.2086514166078,11
10,2026-07-01 02:15:00,28.59457144885232,77.2102153167527,7
10,2026-07-01 02:20:00,28.594593140907847,77.20926893876533,6
10,2026-07-01 02:25:00,28.596064175598663,77.20856944354517,7
10,2026-07-01 02:30:00,28.596511069176312,77.20895801790716,7
10,2026-07-01 02:35:00,28.596307246051193,77.20960511630047,2
10,2026-07-01 02:40:00,28.596224531027296,77.20984820802812,0
10,2026-07-01 02:45:00,28.595951036726767,77.21091215147435,0
10,2026-07-01 02:50:00,28.59722612974865,77.21170302158654,0
10,2026-07-01 02:55:00,28.59753762581734,77.21081735932489,0
10,2026-07-01 03:00:00,28.598823011096353,77.2101917786872,3
10,2026-07-01 03:05:00,28.59888686426138,77.20905339729865,1
10,2026-07-01 03:10:00,28.599124762450185,77.20847458148452,6
10,2026-07-01 03:15:00,28.599614842078434,77.20902223725645,8
10,2026-07-01 03:20:00,28.600109567258887,77.20906664446923,7
10,2026-07-01 03:25:00,28.60019084568094,77.20902875138752,4
10,2026-07-01 03:30:00,28.59821377470703,77.210112884475,0
10,2026-07-01 03:35:00,28.597534731524473,77.20858037820106,0
10,2026-07-01 03:40:00,28.59825755841946,77.20869217735927,1
10,2026-07-01 03:45:00,28.596577182027538,77.20974671312263,0
10,2026-07-01 03:50:00,28.59454418129187,77.21185906283212,0
10,2026-07-01 03:55:00,28.59373130226097,77.212222348222,3
10,2026-07-01 04:00:00,28.593643178419963,77.21381085551636,6
10,2026-07-01 04:05:00,28.593794358063075,77.215132167231,5
10,2026-07-01 04:10:00,28.594085305427413,77.21609000686212,8
10,2026-07-01 04:15:00,28.59431751993337,77.21541442247471,7
10,2026-07-01 04:20:00,28.59274670790023,77.21598511729074,10
10,2026-07-01 04:25:00,28.59326557908067,77.21648092231177,9
10,2026-07-01 04:30:00,28.593892045172446,77.21688271105756,11
10,2026-07-01 04:35:00,28.595890916908385,77.21891045075071,7
10,2026-07-01 04:40:00,28.595007921684882,77.21786998698009,11
10,2026-07-01 04:45:00,28.59477200515557,77.21746310173559,14
10,2026-07-01 04:50:00,28.59520896623096,77.21757326708429,10
10,2026-07-01 04:55:00,28.59461807886853,77.21786149621464,9
10,2026-07-01 05:00:00,28.595399252725137,77.21689511214537,11
10,2026-07-01 05:05:00,28.594930078525675,77.2181293599608,9
10,2026-07-01 05:10:00,28.593935650003875,77.2183789081504,6
10,2026-07-01 05:15:00,28.594432462511012,77.21753792675142,7
10,2026-07-01 05:20:00,28.594687042943654,77.21864356526146,2
10,2026-07-01 05:25:00,28.59533263065583,77.21866294649915,0
10,2026-07-01 05:30:00,28.59666889601625,77.21904283853596,2
10,2026-07-01 05:35:00,28.59557362549741,77.21586613472276,0
10,2026-07-01 05:40:00,28.59523449522648,77.21703291971596,0
10,2026-07-01 05:45:00,28.59536684292599,77.21728732148762,0
10,2026-07-01 05:50:00,28.596097801902367,77.21663666166025,0
10,2026-07-01 05:55:00,28.598681608751185,77.2178854535608,4
10,2026-07-01 06:00:00,28.597797105678126,77.21736485938311,0
10,2026-07-01 06:05:00,28.597745236814355,77.21722852854064,4
10,2026-07-01 06:10:00,28.597282612194302,77.21699650403023,1
10,2026-07-01 06:15:00,28.597789632466437,77.21693910866516,0
10,2026-07-01 06:20:00,28.596956410600985,77.21635323283822,0
10,2026-07-01 06:25:00,28.5985389655703,77.21609568126708,0
10,2026-07-01 06:30:00,28.598763321128043,77.21551660816615,0
10,2026-07-01 06:35:00,28.60019062649233,77.2150971734135,0
10,2026-07-01 06:40:00,28.60030611477547,77.2151549474202,0
10,2026-07-01 06:45:00,28.599239898054428,77.2175339564336,3
10,2026-07-01 06:50:00,28.599547243671136,77.21728620401535,7
10,2026-07-01 06:55:00,28.598240393813683,77.21698738362792,11
10,2026-07-01 07:00:00,28.598384187564637,77.21524696583668,9
10,2026-07-01 07:05:00,28.599064403020538,77.21504811609317,5
10,2026-07-01 07:10:00,28.596016625708145,77.21462428067127,7
10,2026-07-01 07:15:00,28.596885398208737,77.21343794424416,4
10,2026-07-01 07:20:00,28.596667780028564,77.21327167535044,9
10,2026-07-01 07:25:00,28.59671831637136,77.21476147798201,10
10,2026-07-01 07:30:00,28.596935289161394,77.21381396350836,15
10,2026-07-01 07:35:00,28.598286141492093,77.21316028436772,11
10,2026-07-01 07:40:00,28.597681823210817,77.21217209844448,9
10,2026-07-01 07:45:00,28.5974833387523,77.21129020182293,5
10,2026-07-01 07:50:00,28.595428898530315,77.21364329427185,1
10,2026-07-01 07:55:00,28.594867056430964,77.21412265522528,0
10,2026-07-01 08:00:00,28.594791085351506,77.21375016334541,3
10,2026-07-01 08:05:00,28.594901352870092,77.21436692443858,0
10,2026-07-01 08:10:00,28.59577209951468,77.21531573753505,0
10,2026-07-01 08:15:00,28.595689453046653,77.21741549593338,0
10,2026-07-01 08:20:00,28.594642915700167,77.21658657949938,0
10,2026-07-01 08:25:00,28.59456704424948,77.21490191192215,3
10,2026-07-01 08:30:00,28.59487843704212,77.21351960931302,2
10,2026-07-01 08:35:00,28.594344196770155,77.21367052027665,7
10,2026-07-01 08:40:00,28.59249918876372,77.21445611140682,8
10,2026-07-01 08:45:00,28.592033226827095,77.21850866152903,3
10,2026-07-01 08:50:00,28.591811116865163,77.21813400756122,5
10,2026-07-01 08:55:00,28.59280489907969,77.21950792194643,1
10,2026-07-01 09:00:00,28.59184941258242,77.21987725296759,0
10,2026-07-01 09:05:00,28.59142469036628,77.22037721965985,2
10,2026-07-01 09:10:00,28.59065291840889,77.22198674032563,0
10,2026-07-01 09:15:00,28.588938464355163,77.22214358456932,0
10,2026-07-01 09:20:00,28.58792543484354,77.22045636081938,2
10,2026-07-01 09:25:00,28.58863359929834,77.22078750732857,1
10,2026-07-01 09:30:00,28.586945094110273,77.21966745990609,0
10,2026-07-01 09:35:00,28.58664608914819,77.21915829213617,2
10,2026-07-01 09:40:00,28.585269474849866,77.21770774236292,5
10,2026-07-01 09:45:00,28.58466365037105,77.21893597078842,7
10,2026-07-01 09:50:00,28.584167118635566,77.21778247836244,6
10,2026-07-01 09:55:00,28.583648865996704,77.21910775445288,7
10,2026-07-01 10:00:00,28.583471572573515,77.21910535290263,11
10,2026-07-01 10:05:00,28.582458204565924,77.21726980649184,12
10,2026-07-01 10:10:00,28.582556118303533,77.21637079393646,16
10,2026-07-01 10:15:00,28.579892464163095,77.21637991465596,19
10,2026-07-01 10:20:00,28.580339858100164,77.21587868054817,17
10,2026-07-01 10:25:00,28.58046071997919,77.215009888801,18
10,2026-07-01 10:30:00,28.579958603799327,77.21400263894255,20
10,2026-07-01 10:35:00,28.579695992442343,77.21309622618035,17
10,2026-07-01 10:40:00,28.58123047454414,77.21421860039906,12
10,2026-07-01 10:45:00,28.58115807692011,77.21524474244346,12
10,2026-07-01 10:50:00,28.58116122464702,77.2164747328119,12
10,2026-07-01 10:55:00,28.58077585464637,77.2173556001426,17
10,2026-07-01 11:00:00,28.581363117059833,77.21714997228895,13
10,2026-07-01 11:05:00,28.582598409574683,77.21697603721734,14
10,2026-07-01 11:10:00,28.583175989755013,77.21827902271605,9
10,2026-07-01 11:15:00,28.582790317124037,77.21871352536213,11
10,2026-07-01 11:20:00,28.582831554142555,77.22012375787769,6
10,2026-07-01 11:25:00,28.581914398651183,77.2207935659757,8
10,2026-07-01 11:30:00,28.581061856408123,77.22086644750867,11
10,2026-07-01 11:35:00,28.58074310809288,77.21983663566013,12
10,2026-07-01 11:40:00,28.57966613254655,77.22087252032168,13
10,2026-07-01 11:45:00,28.578746610080408,77.22232167692508,13
10,2026-07-01 11:50:00,28.57845215432282,77.22377443247021,18
10,2026-07-01 11:55:00,28.577388980967083,77.22418906536545,20
10,2026-07-01 12:00:00,28.57531668828091,77.22323714522523,22
10,2026-07-01 12:05:00,28.57654806921709,77.22156672808593,17
10,2026-07-01 12:10:00,28.576506459906096,77.22256803462301,17
10,2026-07-01 12:15:00,28.575579992887853,77.22160790588435,12
10,2026-07-01 12:20:00,28.576144835246453,77.22324370369049,11
10,2026-07-01 12:25:00,28.576394764272717,77.22268222066572,8
10,2026-07-01 12:30:00,28.57940947598202,77.22330881546571,11
10,2026-07-01 12:35:00,28.57781409108184,77.22126971995247,14
10,2026-07-01 12:40:00,28.57769928883308,77.22183649167866,18
10,2026-07-01 12:45:00,28.57801193982429,77.22361894589521,19
10,2026-07-01 12:50:00,28.577154118796113,77.22345294752459,21
10,2026-07-01 12:55:00,28.57673035911409,77.22299953341621,19
10,2026-07-01 13:00:00,28.577019371569623,77.22370149090784,16
10,2026-07-01 13:05:00,28.57836368977761,77.22499475018478,21
10,2026-07-01 13:10:00,28.578854351934222,77.22545601812818,22
10,2026-07-01 13:15:00,28.580452673741863,77.2261895659417,27
10,2026-07-01 13:20:00,28.580867929570232,77.2256609364501,31
10,2026-07-01 13:25:00,28.578763180064513,77.22770311436064,32
10,2026-07-01 13:30:00,28.5792403044122,77.22730477135613,27
10,2026-07-01 13:35:00,28.58141325416156,77.22800315979043,23
10,2026-07-01 13:40:00,28.579587068312144,77.22905051153289,25
10,2026-07-01 13:45:00,28.580875144036995,77.22906502053215,24
10,2026-07-01 13:50:00,28.58138362959314,77.22887631040365,29
10,2026-07-01 13:55:00,28.583185169207066,77.22908917566018,28
10,2026-07-01 14:00:00,28.58390090344824,77.23148353756076,31
10,2026-07-01 14:05:00,28.584693251857182,77.23177778587353,32
10,2026-07-01 14:10:00,28.585609820037828,77.23383505773853,33
10,2026-07-01 14:15:00,28.586108915853966,77.23214278690689,35
10,2026-07-01 14:20:00,28.587616928127755,77.2316223479215,30
10,2026-07-01 14:25:00,28.585542441776738,77.2316003130575,31
10,2026-07-01 14:30:00,28.585427121176952,77.23241020087447,36
10,2026-07-01 14:35:00,28.585803298728237,77.23375195035823,31
10,2026-07-01 14:40:00,28.586101104610208,77.23585455279313,33
10,2026-07-01 14:45:00,28.586230566545332,77.23386888943732,36
10,2026-07-01 14:50:00,28.58544381141823,77.23453801342835,37
10,2026-07-01 14:55:00,28.584173431947022,77.234099079456,41
10,2026-07-01 15:00:00,28.584442454216283,77.23447671092543,42
10,2026-07-01 15:05:00,28.584473850081817,77.23608428923184,46
10,2026-07-01 15:10:00,28.585407268564776,77.23432335279522,49
10,2026-07-01 15:15:00,28.584634853573764,77.23521289402639,53
10,2026-07-01 15:20:00,28.585206620628334,77.23443565759192,57
10,2026-07-01 15:25:00,28.58524790808392,77.23547281649057,57
10,2026-07-01 15:30:00,28.586990284168625,77.2375273049309,60
10,2026-07-01 15:35:00,28.58802087190961,77.23853034390966,62
10,2026-07-01 15:40:00,28.5889771669117,77.24085501721551,67
10,2026-07-01 15:45:00,28.58787027650715,77.24281781345888,72
10,2026-07-01 15:50:00,28.589074871086517,77.24300035155576,73
10,2026-07-01 15:55:00,28.591607258686754,77.24297945527915,73
10,2026-07-01 16:00:00,28.5902153003058,77.24468355735722,73
10,2026-07-01 16:05:00,28.5909199543928,77.24503498213217,78
10,2026-07-01 16:10:00,28.591726319817457,77.24443447111398,74
10,2026-07-01 16:15:00,28.591331129984425,77.24540450818763,79
10,2026-07-01 16:20:00,28.591063069062933,77.24392871728978,79
10,2026-07-01 16:25:00,28.59109556892582,77.24473431112477,81
10,2026-07-01 16:30:00,28.592726303880458,77.24499615011118,83
10,2026-07-01 16:35:00,28.59224565593897,77.24753553173396,80
11,2026-07-01 00:00:00,28.604630011358505,77.19918974332616,20
11,2026-07-01 00:05:00,28.60630337530466,77.19860029092622,24
11,2026-07-01 00:10:00,28.60530170879104,77.1993884344702,19
11,2026-07-01 00:15:00,28.60504408830553,77.1993188010169,23
11,2026-07-01 00:20:00,28.604393772625667,77.19992917471663,18
11,2026-07-01 00:25:00,28.604484089317186,77.19966459046974,16
11,2026-07-01 00:30:00,28.604633687274706,77.19976241764445,17
11,2026-07-01 00:35:00,28.605249258196203,77.19954257394068,19
11,2026-07-01 00:40:00,28.60576976007928,77.19996867707165,20
11,2026-07-01 00:45:00,28.607118146451267,77.20068070879265,21
11,2026-07-01 00:50:00,28.606425795677033,77.20002166951775,17
11,2026-07-01 00:55:00,28.606514501916077,77.20025319942155,16
11,2026-07-01 01:00:00,28.606089602826874,77.20131122180968,15
11,2026-07-01 01:05:00,28.6069975651405,77.20143470161884,17
11,2026-07-01 01:10:00,28.605899792322514,77.20075186215699,20
11,2026-07-01 01:15:00,28.606697852195868,77.19957519032792,25
11,2026-07-01 01:20:00,28.608973677623517,77.19872296568492,29
11,2026-07-01 01:25:00,28.60903086624071,77.19917943543635,30
11,2026-07-01 01:30:00,28.60788297532885,77.19994069972752,34
11,2026-07-01 01:35:00,28.605952122389596,77.19926640943494,33
11,2026-07-01 01:40:00,28.60586016560699,77.19928243471723,29
11,2026-07-01 01:45:00,28.606488934186082,77.19892506362082,24
11,2026-07-01 01:50:00,28.605496890625304,77.19837136846769,25
11,2026-07-01 01:55:00,28.604487060549204,77.19894610471417,25
11,2026-07-01 02:00:00,28.605036743735493,77.20074753481343,24
11,2026-07-01 02:05:00,28.606262900103044,77.19996060326322,25
11,2026-07-01 02:10:00,28.60672295444449,77.20018710861534,23
11,2026-07-01 02:15:00,28.607389739789163,77.19999319007341,20
11,2026-07-01 02:20:00,28.60702080035013,77.20020699886736,16
11,2026-07-01 02:25:00,28.605095342131794,77.1994580661741,11
11,2026-07-01 02:30:00,28.604108586942623,77.19861767646776,14
11,2026-07-01 02:35:00,28.60226201389482,77.19818902194085,11
11,2026-07-01 02:40:00,28.602697678461276,77.19880910193929,16
11,2026-07-01 02:45:00,28.60369780779703,77.20124634451521,19
11,2026-07-01 02:50:00,28.60110874386234,77.20330855703925,23
11,2026-07-01 02:55:00,28.6012159137776,77.20223004429789,25
11,2026-07-01 03:00:00,28.600582628592253,77.20281612333223,30
11,2026-07-01 03:05:00,28.599808327170148,77.20362698644783,30
11,2026-07-01 03:10:00,28.600163140544808,77.20564251670919,33
11,2026-07-01 03:15:00,28.599649239918158,77.2044435653112,37
11,2026-07-01 03:20:00,28.5990160909142,77.20346882832041,37
11,2026-07-01 03:25:00,28.598610090250293,77.20092209620864,41
11,2026-07-01 03:30:00,28.59824293173034,77.20073876186514,45
11,2026-07-01 03:35:00,28.597833674275403,77.20234762814438,43
11,2026-07-01 03:40:00,28.598232238341296,77.20147819539635,39
11,2026-07-01 03:45:00,28.60046543218795,77.20059080300624,42
11,2026-07-01 03:50:00,28.602159530266363,77.19970482999798,39
11,2026-07-01 03:55:00,28.60375969390523,77.20053131086834,41
11,2026-07-01 04:00:00,28.60315987188191,77.19897252387332,39
11,2026-07-01 04:05:00,28.602323171408493,77.19957728309906,42
11,2026-07-01 04:10:00,28.601922256214948,77.20039304826405,44
11,2026-07-01 04:15:00,28.60380824655083,77.19882623983959,49
11,2026-07-01 04:20:00,28.602990564154226,77.19769240948278,53
11,2026-07-01 04:25:00,28.60342580229141,77.19936445636479,55
11,2026-07-01 04:30:00,28.601451131396825,77.19861537714814,53
11,2026-07-01 04:35:00,28.600806313775298,77.19959787148728,51
11,2026-07-01 04:40:00,28.601997399630072,77.19877926646062,47
11,2026-07-01 04:45:00,28.601326512894182,77.1996683692392,49
11,2026-07-01 04:50:00,28.600721446106068,77.20040236962402,51
11,2026-07-01 04:55:00,28.600985135593138,77.20162459733237,53
11,2026-07-01 05:00:00,28.60205486488334,77.20169075070692,49
11,2026-07-01 05:05:00,28.60416927971765,77.20206591972098,44
11,2026-07-01 05:10:00,28.60701016611065,77.20369962073833,44
11,2026-07-01 05:15:00,28.60553967655942,77.20243685096264,49
11,2026-07-01 05:20:00,28.60614484520914,77.20184532428432,53
11,2026-07-01 05:25:00,28.60682205373049,77.20076577387267,57
11,2026-07-01 05:30:00,28.60764477110499,77.20199015554279,59
11,2026-07-01 05:35:00,28.60609069510702,77.2034454160365,54
11,2026-07-01 05:40:00,28.607664429323577,77.20390210404723,52
11,2026-07-01 05:45:00,28.607182968547043,77.20249881745058,47
11,2026-07-01 05:50:00,28.606534095547676,77.20333064507273,44
11,2026-07-01 05:55:00,28.607230418409756,77.20360944488512,42
11,2026-07-01 06:00:00,28.604334860709777,77.20352440457897,38
11,2026-07-01 06:05:00,28.604618917280305,77.20378197954986,41
11,2026-07-01 06:10:00,28.605094613312517,77.20298040561178,42
11,2026-07-01 06:15:00,28.607520004901932,77.20214632075576,39
11,2026-07-01 06:20:00,28.609427302738357,77.20071022924323,43
11,2026-07-01 06:25:00,28.610556957287077,77.20086711039099,41
11,2026-07-01 06:30:00,28.60941887632612,77.20059210365983,40
11,2026-07-01 06:35:00,28.610073382078845,77.20068526243975,36
11,2026-07-01 06:40:00,28.609928142738116,77.2016566555419,31
11,2026-07-01 06:45:00,28.61065615058595,77.20232008366122,28
11,2026-07-01 06:50:00,28.610584567114348,77.20345166211276,23
11,2026-07-01 06:55:00,28.610412796263745,77.20444470199564,20
11,2026-07-01 07:00:00,28.608803275280664,77.20374739284495,20
11,2026-07-01 07:05:00,28.6113727814331,77.20428627390098,22
11,2026-07-01 07:10:00,28.611628952038796,77.2054795849069,25
11,2026-07-01 07:15:00,28.61062343202428,77.20450333845544,22
11,2026-07-01 07:20:00,28.609973135031492,77.20465538778646,18
11,2026-07-01 07:25:00,28.60962594853638,77.20542619000645,17
11,2026-07-01 07:30:00,28.60996248691825,77.20634112339633,17
11,2026-07-01 07:35:00,28.6112120176419,77.20676229662291,17
11,2026-07-01 07:40:00,28.610882528341683,77.20843715629583,13
11,2026-07-01 07:45:00,28.60982730485156,77.20869429476164,8
11,2026-07-01 07:50:00,28.610447453631977,77.20511223215415,6
11,2026-07-01 07:55:00,28.60976648584869,77.2035755932532,7
11,2026-07-01 08:00:00,28.609934055954493,77.20473785285071,11
11,2026-07-01 08:05:00,28.609104946773858,77.2031330978628,6
11,2026-07-01 08:10:00,28.607999362064845,77.20400004402872,7
11,2026-07-01 08:15:00,28.607370876358534,77.20370741340838,2
11,2026-07-01 08:20:00,28.60754553103917,77.20282913259605,6
11,2026-07-01 08:25:00,28.60812004837979,77.20064269937032,1
11,2026-07-01 08:30:00,28.607631162260745,77.20223163969877,0
11,2026-07-01 08:35:00,28.60635302912056,77.20249034983225,0
11,2026-07-01 08:40:00,28.606241538333435,77.20393215516127,0
11,2026-07-01 08:45:00,28.606294860001864,77.20326277262662,4
11,2026-07-01 08:50:00,28.606726491631502,77.20400244809473,5
11,2026-07-01 08:55:00,28.60747941429679,77.20482384874173,1
11,2026-07-01 09:00:00,28.60695505434111,77.20536266566991,5
11,2026-07-01 09:05:00,28.60771720605476,77.204909026821,4
11,2026-07-01 09:10:00,28.608180439101467,77.2047208143589,3
11,2026-07-01 09:15:00,28.607780457073638,77.20369067209367,8
11,2026-07-01 09:20:00,28.606563849841976,77.20467270500991,6
11,2026-07-01 09:25:00,28.605233144710645,77.20249473727772,6
11,2026-07-01 09:30:00,28.606325247671666,77.2010182736361,9
11,2026-07-01 09:35:00,28.606564875189907,77.20175132791756,13
11,2026-07-01 09:40:00,28.607014342968355,77.20142118829692,17
11,2026-07-01 09:45:00,28.60631025533276,77.20079539760314,20
11,2026-07-01 09:50:00,28.60661581971712,77.19954159277604,17
11,2026-07-01 09:55:00,28.60823391173529,77.19903781215379,17
11,2026-07-01 10:00:00,28.607024623893498,77.19807416985196,13
11,2026-07-01 10:05:00,28.606964503179636,77.19673796035148,17
11,2026-07-01 10:10:00,28.607842685594605,77.19596763428626,20
11,2026-07-01 10:15:00,28.60790944771996,77.19517218705039,24
11,2026-07-01 10:20:00,28.61003047132149,77.19494398647089,27
11,2026-07-01 10:25:00,28.609859724681993,77.19253774831988,27
11,2026-07-01 10:30:00,28.60999705025785,77.19394666988015,30
11,2026-07-01 10:35:00,28.609311000500814,77.1933294576335,32
11,2026-07-01 10:40:00,28.607996829741708,77.19412280695718,32
11,2026-07-01 10:45:00,28.60868476271376,77.19350982368591,29
11,2026-07-01 10:50:00,28.609474777382047,77.19326925365374,28
11,2026-07-01 10:55:00,28.608239402474922,77.19479248036092,26
11,2026-07-01 11:00:00,28.608995068313668,77.19457059208962,28
11,2026-07-01 11:05:00,28.60881902081764,77.19476714886731,26
11,2026-07-01 11:10:00,28.610818260513973,77.19590712398181,29
11,2026-07-01 11:15:00,28.60934428023481,77.19511164632966,33
11,2026-07-01 11:20:00,28.608715625929737,77.19483413271081,37
11,2026-07-01 11:25:00,28.606736420070497,77.19456521651611,36
11,2026-07-01 11:30:00,28.60811072713947,77.19393857219478,40
11,2026-07-01 11:35:00,28.609062757270905,77.19628767145358,38
11,2026-07-01 11:40:00,28.60886846622029,77.19589135315638,40
11,2026-07-01 11:45:00,28.608495097795288,77.1953911553393,45
11,2026-07-01 11:50:00,28.608814257972796,77.19519025283375,43
11,2026-07-01 11:55:00,28.60943394689441,77.1930594148364,42
11,2026-07-01 12:00:00,28.6085541494615,77.19159999257792,37
11,2026-07-01 12:05:00,28.606169842672713,77.19234514344221,42
11,2026-07-01 12:10:00,28.607910107106427,77.19163403262766,37
11,2026-07-01 12:15:00,28.607638739910964,77.19274400989985,35
11,2026-07-01 12:20:00,28.60777611274976,77.1919875370019,37
11,2026-07-01 12:25:00,28.60731258111891,77.19276910255579,40
11,2026-07-01 12:30:00,28.60641354205679,77.19241092415164,37
11,2026-07-01 12:35:00,28.60657894571709,77.19102890658296,39
11,2026-07-01 12:40:00,28.605226122291985,77.18988555929688,42
11,2026-07-01 12:45:00,28.604595839491203,77.18812750410545,45
11,2026-07-01 12:50:00,28.604090113488272,77.18930420109862,43
11,2026-07-01 12:55:00,28.60352988139577,77.19042364846966,40
11,2026-07-01 13:00:00,28.605329132441454,77.19128254326633,37
11,2026-07-01 13:05:00,28.606206214512696,77.19184502749995,32
11,2026-07-01 13:10:00,28.606710796327175,77.19247156586329,35
11,2026-07-01 13:15:00,28.605127671507766,77.19131098871043,34
11,2026-07-01 13:20:00,28.605426923501025,77.19063262646428,33
11,2026-07-01 13:25:00,28.606180342964528,77.19001808768058,34
11,2026-07-01 13:30:00,28.607729513280308,77.1908082138932,39
11,2026-07-01 13:35:00,28.60734629844335,77.19134995154083,44
11,2026-07-01 13:40:00,28.608638358777675,77.19060077981423,44
11,2026-07-01 13:45:00,28.60776858074487,77.1916979878598,41
11,2026-07-01 13:50:00,28.60823000557783,77.19299892937283,46
11,2026-07-01 13:55:00,28.608955078717813,77.19444244227236,48
11,2026-07-01 14:00:00,28.609395598324195,77.1935234731513,52
11,2026-07-01 14:05:00,28.610153776632547,77.19218348208173,57
11,2026-07-01 14:10:00,28.60964365589307,77.19291300143271,56
11,2026-07-01 14:15:00,28.609228831184797,77.19355650660677,55
11,2026-07-01 14:20:00,28.61086922846573,77.1923749834451,51
11,2026-07-01 14:25:00,28.61069659933144,77.19301366058498,49
11,2026-07-01 14:30:00,28.611336105844053,77.19363090145175,44
11,2026-07-01 14:35:00,28.61239088365833,77.193594880416,43
11,2026-07-01 14:40:00,28.612082018697894,77.19170517577325,46
11,2026-07-01 14:45:00,28.61103648921222,77.19167891497997,41
11,2026-07-01 14:50:00,28.613210199351773,77.18993426473968,45
11,2026-07-01 14:55:00,28.61522827673449,77.19016480186751,47
11,2026-07-01 15:00:00,28.613241355422762,77.18955288255309,49
11,2026-07-01 15:05:00,28.612023875235526,77.18954429735123,46
11,2026-07-01 15:10:00,28.61170054544473,77.18955874529459,47
11,2026-07-01 15:15:00,28.611032402396404,77.18975212474652,51
11,2026-07-01 15:20:00,28.610857733456292,77.18977741544586,49
11,2026-07-01 15:25:00,28.61021339318927,77.18703827523973,46
11,2026-07-01 15:30:00,28.608693127108374,77.18798635962716,49
11,2026-07-01 15:35:00,28.608685772454724,77.18818829182823,44
11,2026-07-01 15:40:00,28.60834592741288,77.18730379900957,43
11,2026-07-01 15:45:00,28.608755365943523,77.18702712723785,45
11,2026-07-01 15:50:00,28.60860826759133,77.18505336219025,48
11,2026-07-01 15:55:00,28.609094436189295,77.18472806326592,49
11,2026-07-01 16:00:00,28.608208116698925,77.18541749688595,46
11,2026-07-01 16:05:00,28.606937164977833,77.18503891714273,44
11,2026-07-01 16:10:00,28.606266181513337,77.1860604190404,47
11,2026-07-01 16:15:00,28.6065362401343,77.18567768811047,49
11,2026-07-01 16:20:00,28.60757484620351,77.18577084644818,53
11,2026-07-01 16:25:00,28.607683469704284,77.18560010614766,53
11,2026-07-01 16:30:00,28.606747023652634,77.1844162635066,58
11,2026-07-01 16:35:00,28.607066190429112,77.18461193581425,60
12,2026-07-01 00:00:00,28.591461528764565,77.20550839815839,28
12,2026-07-01 00:05:00,28.591812935433406,77.2050383266588,26
12,2026-07-01 00:10:00,28.591943562842182,77.20456033012671,28
12,2026-07-01 00:15:00,28.59195788324022,77.20555074687455,27
12,2026-07-01 00:20:00,28.59329127054044,77.20613262083137,22
12,2026-07-01 00:25:00,28.5924939259848,77.20518534574633,18
12,2026-07-01 00:30:00,28.593280332196798,77.20462579946104,23
12,2026-07-01 00:35:00,28.594427014496915,77.20372431551846,26
12,2026-07-01 00:40:00,28.596026069012392,77.20428751392193,30
12,2026-07-01 00:45:00,28.59602473201719,77.20541173272511,27
12,2026-07-01 00:50:00,28.595848619583233,77.20549472014392,29
12,2026-07-01 00:55:00,28.596225854752326,77.20495299073067,33
12,2026-07-01 01:00:00,28.59611932564713,77.2033334347019,30
12,2026-07-01 01:05:00,28.597497793002585,77.20266192249493,27
12,2026-07-01 01:10:00,28.596905607040622,77.20472041444975,25
12,2026-07-01 01:15:00,28.595318573279094,77.20472900258827,30
12,2026-07-01 01:20:00,28.59459125205759,77.20545451872704,27
12,2026-07-01 01:25:00,28.592860989327107,77.20678840447253,22
12,2026-07-01 01:30:00,28.59319398880834,77.20659140299075,27
12,2026-07-01 01:35:00,28.59447802981518,77.20305254526568,28
12,2026-07-01 01:40:00,28.59415133719532,77.20358555670035,27
12,2026-07-01 01:45:00,28.59400238990042,77.20409421450462,31
12,2026-07-01 01:50:00,28.593757610042516,77.20458588333663,30
12,2026-07-01 01:55:00,28.593193413862657,77.20309184554334,28
12,2026-07-01 02:00:00,28.592982345192773,77.20451559961865,31
12,2026-07-01 02:05:00,28.593375278653696,77.20500985504152,36
12,2026-07-01 02:10:00,28.595086307462886,77.20553381555361,34
12,2026-07-01 02:15:00,28.595112879746328,77.20526682276343,39
12,2026-07-01 02:20:00,28.595610698923085,77.20531017997618,41
12,2026-07-01 02:25:00,28.5957569093318,77.20643998282782,36
12,2026-07-01 02:30:00,28.595651941624237,77.2070527735694,31
12,2026-07-01 02:35:00,28.595061113513328,77.20697779431032,34
12,2026-07-01 02:40:00,28.594772751632103,77.20782359116667,37
12,2026-07-01 02:45:00,28.595746477862956,77.20812238894699,41
12,2026-07-01 02:50:00,28.59736247192552,77.2089484177387,40
12,2026-07-01 02:55:00,28.597491100616175,77.20860275136403,44
12,2026-07-01 03:00:00,28.596985065911706,77.20765972617168,47
12,2026-07-01 03:05:00,28.596767380252206,77.20804400500667,47
12,2026-07-01 03:10:00,28.59543735171121,77.2096698803122,42
12,2026-07-01 03:15:00,28.595003478248234,77.21139203541001,47
12,2026-07-01 03:20:00,28.59600074420193,77.2108439475095,47
12,2026-07-01 03:25:00,28.59568064372558,77.2084388779596,51
12,2026-07-01 03:30:00,28.59581650314966,77.20838637289106,47
12,2026-07-01 03:35:00,28.59602590451166,77.20782541691366,46
12,2026-07-01 03:40:00,28.596238724358543,77.20749147131735,41
12,2026-07-01 03:45:00,28.595610580619372,77.20759040510438,46
12,2026-07-01 03:50:00,28.595685273485966,77.20862540454651,49
12,2026-07-01 03:55:00,28.598775163093652,77.20890561008756,51
12,2026-07-01 04:00:00,28.598851054132172,77.2095282732815,50
12,2026-07-01 04:05:00,28.598906641072386,77.21006983838468,45
12,2026-07-01 04:10:00,28.597661874198216,77.2100433547564,49
12,2026-07-01 04:15:00,28.597954150839787,77.21079851589148,54
12,2026-07-01 04:20:00,28.59934512319779,77.20944254554662,56
12,2026-07-01 04:25:00,28.597914643633402,77.21034347478087,51
12,2026-07-01 04:30:00,28.597381635383766,77.21055513672417,47
12,2026-07-01 04:35:00,28.596862968664144,77.21140833826922,45
12,2026-07-01 04:40:00,28.595768249791227,77.21110177122435,49
12,2026-07-01 04:45:00,28.59386331401381,77.21135930437748,50
12,2026-07-01 04:50:00,28.593941434083405,77.2117049264961,46
12,2026-07-01 04:55:00,28.59456786875586,77.21162501804343,46
12,2026-07-01 05:00:00,28.59512223714667,77.21024840294936,43
12,2026-07-01 05:05:00,28.594547440729063,77.2096317693895,47
12,2026-07-01 05:10:00,28.594217102679462,77.20941518459973,50
12,2026-07-01 05:15:00,28.59424653833703,77.20825697025265,50
12,2026-07-01 05:20:00,28.59413956686717,77.21019921584741,55
12,2026-07-01 05:25:00,28.593810063066535,77.20850064613678,55
12,2026-07-01 05:30:00,28.59490649762841,77.20919461365199,60
12,2026-07-01 05:35:00,28.59462166069067,77.20908841956195,58
12,2026-07-01 05:40:00,28.594845579790423,77.20855738261133,53
12,2026-07-01 05:45:00,28.59522441342311,77.20925275984773,48
12,2026-07-01 05:50:00,28.594084776304,77.21085749184186,44
12,2026-07-01 05:55:00,28.591780564368058,77.21049648261861,47
12,2026-07-01 06:00:00,28.59048952479321,77.21082505246828,52
12,2026-07-01 06:05:00,28.591592742365265,77.21226699487023,57
12,2026-07-01 06:10:00,28.58988241425503,77.21161003963331,52
12,2026-07-01 06:15:00,28.58993562645213,77.21078917961314,50
12,2026-07-01 06:20:00,28.59075774845795,77.20967314685014,47
12,2026-07-01 06:25:00,28.589507928118362,77.20940790930966,43
12,2026-07-01 06:30:00,28.58977914724726,77.21056852072735,39
12,2026-07-01 06:35:00,28.58912983687189,77.21028880543803,44
12,2026-07-01 06:40:00,28.58853294208716,77.20861433597757,43
12,2026-07-01 06:45:00,28.58884658245457,77.20928037055096,38
12,2026-07-01 06:50:00,28.589776951345726,77.20781368413837,39
12,2026-07-01 06:55:00,28.59024804645306,77.20451743112639,44
12,2026-07-01 07:00:00,28.590910249787004,77.20341180562468,48
12,2026-07-01 07:05:00,28.590374231208223,77.2032027257066,49
12,2026-07-01 07:10:00,28.58888072142997,77.2010787781239,44
12,2026-07-01 07:15:00,28.588821353978737,77.20238791476586,40
12,2026-07-01 07:20:00,28.588406032456426,77.20313943443955,35
12,2026-07-01 07:25:00,28.588649167111566,77.20266923110077,37
12,2026-07-01 07:30:00,28.58732037200305,77.20243010404067,36
12,2026-07-01 07:35:00,28.587498554449105,77.20127663604602,31
12,2026-07-01 07:40:00,28.587836621361244,77.20192260820883,26
12,2026-07-01 07:45:00,28.586461396243283,77.20174362476745,31
12,2026-07-01 07:50:00,28.585804261281005,77.20104590586355,26
12,2026-07-01 07:55:00,28.585535634109117,77.20254632630125,22
12,2026-07-01 08:00:00,28.584175664918998,77.20377412628909,19
12,2026-07-01 08:05:00,28.584645119887803,77.20439087174111,17
12,2026-07-01 08:10:00,28.58382771175339,77.20471216321187,16
12,2026-07-01 08:15:00,28.58372588668763,77.20567897278285,16
12,2026-07-01 08:20:00,28.584707419562932,77.20595388549364,17
12,2026-07-01 08:25:00,28.583228642439085,77.20762615139773,17
12,2026-07-01 08:30:00,28.583085775853743,77.20593703894376,12
12,2026-07-01 08:35:00,28.58285805623891,77.20665253204052,7
12,2026-07-01 08:40:00,28.58395872018383,77.20627171900837,8
12,2026-07-01 08:45:00,28.584475066563538,77.20713937407155,3
12,2026-07-01 08:50:00,28.584512608405024,77.20823117941062,0
12,2026-07-01 08:55:00,28.586604184774803,77.20819578933245,4
12,2026-07-01 09:00:00,28.586384798138475,77.20821549126909,9
12,2026-07-01 09:05:00,28.58549105211939,77.20782752630018,6
12,2026-07-01 09:10:00,28.582927098151412,77.20772967552996,1
12,2026-07-01 09:15:00,28.58310255155004,77.207941302626,3
12,2026-07-01 09:20:00,28.584360170606402,77.20834735874843,5
12,2026-07-01 09:25:00,28.58478928407153,77.20914340632251,6
12,2026-07-01 09:30:00,28.58587789877285,77.20935286829224,8
12,2026-07-01 09:35:00,28.58596552069629,77.21186020019186,3
12,2026-07-01 09:40:00,28.586611411116568,77.21076115544031,1
12,2026-07-01 09:45:00,28.58709536563699,77.21076767351529,4
12,2026-07-01 09:50:00,28.587258431980874,77.20970516593978,8
12,2026-07-01 09:55:00,28.58612997103589,77.21053626838092,12
12,2026-07-01 10:00:00,28.584818884973522,77.21079291119807,11
12,2026-07-01 10:05:00,28.585383870131807,77.2107853828231,15
12,2026-07-01 10:10:00,28.58656486003711,77.21118865738615,13
12,2026-07-01 10:15:00,28.588183085997812,77.21150967239436,16
12,2026-07-01 10:20:00,28.588025243976773,77.21097359059924,19
12,2026-07-01 10:25:00,28.588350049801985,77.21108522062048,15
12,2026-07-01 10:30:00,28.589577084399036,77.20950461667967,10
12,2026-07-01 10:35:00,28.59030819293005,77.20902711173225,6
12,2026-07-01 10:40:00,28.58995834118627,77.20882449496465,3
12,2026-07-01 10:45:00,28.58971577500424,77.2090564081472,0
12,2026-07-01 10:50:00,28.590208658976092,77.20989001135204,1
12,2026-07-01 10:55:00,28.59070122115395,77.20943135038488,0
12,2026-07-01 11:00:00,28.589464558187263,77.20900464401714,0
12,2026-07-01 11:05:00,28.58902950645488,77.21044496578995,3
12,2026-07-01 11:10:00,28.588312932966456,77.21125456022592,1
12,2026-07-01 11:15:00,28.58856989040464,77.21137214190658,5
12,2026-07-01 11:20:00,28.58973750435266,77.21137404931886,0
12,2026-07-01 11:25:00,28.58892495858254,77.21347934674831,0
12,2026-07-01 11:30:00,28.587376134744577,77.21372636135368,4
12,2026-07-01 11:35:00,28.58592923345377,77.21498507081188,5
12,2026-07-01 11:40:00,28.584306919764927,77.21388202421277,7
12,2026-07-01 11:45:00,28.58419823204834,77.21350374766818,5
12,2026-07-01 11:50:00,28.585672044382004,77.21437581137512,3
12,2026-07-01 11:55:00,28.587325354019182,77.21499889872301,8
12,2026-07-01 12:00:00,28.588338799779066,77.21621126684092,7
12,2026-07-01 12:05:00,28.58928455963248,77.21739406338423,12
12,2026-07-01 12:10:00,28.591275930050895,77.21778697689479,14
12,2026-07-01 12:15:00,28.591877967474275,77.21727156302934,9
12,2026-07-01 12:20:00,28.592376572292764,77.21802529866652,5
12,2026-07-01 12:25:00,28.591901424425526,77.21919880952488,9
12,2026-07-01 12:30:00,28.590903117650235,77.21971760254233,8
12,2026-07-01 12:35:00,28.591463617888902,77.21946408239658,11
12,2026-07-01 12:40:00,28.59189935021112,77.22002186963698,11
12,2026-07-01 12:45:00,28.592320399862285,77.22127767794747,10
12,2026-07-01 12:50:00,28.590885043946294,77.22069832411464,8
12,2026-07-01 12:55:00,28.59041187102416,77.22084419567979,7
12,2026-07-01 13:00:00,28.590353150597053,77.22129073218673,9
12,2026-07-01 13:05:00,28.589722012254924,77.22156377029489,6
12,2026-07-01 13:10:00,28.5898599080308,77.22352038025748,2
12,2026-07-01 13:15:00,28.588857391761234,77.22316081003945,0
12,2026-07-01 13:20:00,28.589106842707164,77.22356003823238,0
12,2026-07-01 13:25:00,28.589141214468192,77.22298249470077,0
12,2026-07-01 13:30:00,28.58930356902901,77.22192517209795,4
12,2026-07-01 13:35:00,28.587338013137533,77.22133805682734,0
12,2026-07-01 13:40:00,28.586149512305457,77.22074102028691,0
12,2026-07-01 13:45:00,28.586300743377624,77.22270410617159,0
12,2026-07-01 13:50:00,28.588280846431996,77.22252815754761,2
12,2026-07-01 13:55:00,28.589587386016298,77.22281836666603,0
12,2026-07-01 14:00:00,28.59041509401453,77.22378759725365,3
12,2026-07-01 14:05:00,28.590060325493372,77.22389693782999,5
12,2026-07-01 14:10:00,28.58957222102282,77.22472707222937,8
12,2026-07-01 14:15:00,28.589482409849246,77.22475989151475,7
12,2026-07-01 14:20:00,28.590233102644376,77.22515004545477,9
12,2026-07-01 14:25:00,28.59199915294843,77.22793609539258,13
12,2026-07-01 14:30:00,28.592038209251122,77.22868226637715,12
12,2026-07-01 14:35:00,28.592087537416916,77.22940471336237,9
12,2026-07-01 14:40:00,28.593728569251017,77.22978497278845,10
12,2026-07-01 14:45:00,28.592956794604003,77.22925338690497,10
12,2026-07-01 14:50:00,28.593490424883015,77.23093431252798,13
12,2026-07-01 14:55:00,28.592477878806502,77.23115788988548,18
12,2026-07-01 15:00:00,28.59418520861606,77.23038707108275,16
12,2026-07-01 15:05:00,28.595089390863034,77.22937981049202,15
12,2026-07-01 15:10:00,28.595828214146483,77.2306601427959,17
12,2026-07-01 15:15:00,28.597376853441506,77.23098035937385,14
12,2026-07-01 15:20:00,28.59669598406541,77.22910218037431,14
12,2026-07-01 15:25:00,28.596071956567094,77.22921707108215,15
12,2026-07-01 15:30:00,28.5963362113307,77.22917673717193,11
12,2026-07-01 15:35:00,28.59512251601675,77.22882827779878,11
12,2026-07-01 15:40:00,28.59586868965483,77.22894505089877,11
12,2026-07-01 15:45:00,28.59570598595326,77.22807385786876,12
12,2026-07-01 15:50:00,28.597084402741274,77.22790605232402,12
12,2026-07-01 15:55:00,28.59779063371604,77.22813404348773,17
12,2026-07-01 16:00:00,28.59835817371023,77.22974762495232,19
12,2026-07-01 16:05:00,28.59722475269194,77.23009754866757,23
12,2026-07-01 16:10:00,28.596283278139534,77.2280079784304,21
12,2026-07-01 16:15:00,28.595414432061215,77.22907175241419,16
12,2026-07-01 16:20:00,28.595259681982487,77.2280118275084,14
12,2026-07-01 16:25:00,28.59505269739339,77.22698080223324,9
12,2026-07-01 16:30:00,28.59693154410272,77.22770088288539,12
12,2026-07-01 16:35:00,28.597393806567172,77.22646830683077,14
13,2026-07-01 00:00:00,28.606872027307006,77.20157902890035,56
13,2026-07-01 00:05:00,28.60604873123775,77.20132611212763,57
13,2026-07-01 00:10:00,28.60791733445691,77.20136091966813,52
13,2026-07-01 00:15:00,28.608372843152015,77.20114436590103,49
13,2026-07-01 00:20:00,28.608401306600435,77.20116609539203,53
13,2026-07-01 00:25:00,28.607917048248503,77.20112016656329,56
13,2026-07-01 00:30:00,28.6065374869136,77.20201613922352,57
13,2026-07-01 00:35:00,28.604398372789166,77.2018702017874,57
13,2026-07-01 00:40:00,28.606425954762493,77.2018735777623,62
13,2026-07-01 00:45:00,28.604948342355573,77.2021311786197,60
13,2026-07-01 00:50:00,28.605605082899405,77.20228793814206,63
13,2026-07-01 00:55:00,28.605116090609826,77.20167220068386,58
13,2026-07-01 01:00:00,28.60584068238855,77.20212068613806,63
13,2026-07-01 01:05:00,28.60435826824749,77.20174475041814,62
13,2026-07-01 01:10:00,28.606151052217534,77.20299372346521,63
13,2026-07-01 01:15:00,28.606294478784392,77.2038652478513,59
13,2026-07-01 01:20:00,28.604979841388598,77.20209266928593,63
13,2026-07-01 01:25:00,28.60611535767956,77.20227426805502,60
13,2026-07-01 01:30:00,28.605855255229734,77.2009734250814,58
13,2026-07-01 01:35:00,28.60451212996209,77.20057782470815,58
13,2026-07-01 01:40:00,28.606590544201104,77.20094023617102,55
13,2026-07-01 01:45:00,28.608181944568866,77.20181695035741,50
13,2026-07-01 01:50:00,28.60571888066902,77.20101535478966,47
13,2026-07-01 01:55:00,28.604991781128845,77.20091371894193,43
13,2026-07-01 02:00:00,28.6058876174212,77.20138520449396,40
13,2026-07-01 02:05:00,28.604609769104137,77.20213048282403,42
13,2026-07-01 02:10:00,28.603488259543838,77.20216830225986,46
13,2026-07-01 02:15:00,28.602057428342214,77.20169174845843,49
13,2026-07-01 02:20:00,28.60183027225808,77.2026491573854,53
13,2026-07-01 02:25:00,28.601278011005967,77.20155201373576,56
13,2026-07-01 02:30:00,28.601366246759852,77.20252591885576,52
13,2026-07-01 02:35:00,28.599897311526025,77.2021835432061,55
13,2026-07-01 02:40:00,28.602057050786687,77.20032205875555,52
13,2026-07-01 02:45:00,28.601580499363468,77.19901746931174,51
13,2026-07-01 02:50:00,28.60049457683418,77.19870724830449,54
13,2026-07-01 02:55:00,28.6001428696778,77.1985211573262,54
13,2026-07-01 03:00:00,28.60110324682654,77.19848001016146,54
13,2026-07-01 03:05:00,28.59940322705873,77.19841303780174,52
13,2026-07-01 03:10:00,28.597699174141532,77.19751910636818,49
13,2026-07-01 03:15:00,28.598528497914113,77.19688745484366,44
13,2026-07-01 03:20:00,28.598072000615645,77.19817189189644,49
13,2026-07-01 03:25:00,28.599274929844928,77.19904744981588,44
13,2026-07-01 03:30:00,28.600240535193713,77.20063917566813,47
13,2026-07-01 03:35:00,28.59948458448702,77.20099961734442,52
13,2026-07-01 03:40:00,28.598686557604925,77.20129196515177,53
13,2026-07-01 03:45:00,28.59783379543969,77.2018543888819,51
13,2026-07-01 03:50:00,28.59668958034353,77.20072183754063,48
13,2026-07-01 03:55:00,28.5960846735796,77.20121962585004,46
13,2026-07-01 04:00:00,28.596589884603684,77.20262599625507,48
13,2026-07-01 04:05:00,28.596527247499115,77.20209808386238,45
13,2026-07-01 04:10:00,28.599165129251375,77.2023999572431,45
13,2026-07-01 04:15:00,28.601123627653255,77.20323803421118,48
13,2026-07-01 04:20:00,28.600736378287277,77.20214059463464,52
13,2026-07-01 04:25:00,28.600578540777438,77.20244888669828,50
13,2026-07-01 04:30:00,28.60158989258536,77.20313548897215,50
13,2026-07-01 04:35:00,28.603624901694694,77.20349369560603,51
13,2026-07-01 04:40:00,28.60326255413715,77.20423551790041,49
13,2026-07-01 04:45:00,28.604151112010772,77.20584256458355,46
13,2026-07-01 04:50:00,28.603111478067948,77.20626364957377,51
13,2026-07-01 04:55:00,28.60204726791411,77.20449793938683,54
13,2026-07-01 05:00:00,28.602967139430064,77.20551686262692,53
13,2026-07-01 05:05:00,28.603632410936353,77.20449579962872,55
13,2026-07-01 05:10:00,28.60345589850327,77.20254202764761,52
13,2026-07-01 05:15:00,28.60446467718079,77.20126450016367,55
13,2026-07-01 05:20:00,28.605033524790258,77.2015216950159,60
13,2026-07-01 05:25:00,28.604310639589183,77.20117239954769,56
13,2026-07-01 05:30:00,28.60293218048297,77.20190274372824,57
13,2026-07-01 05:35:00,28.60389099678944,77.20303043002275,52
13,2026-07-01 05:40:00,28.604017059117442,77.20380841670105,54
13,2026-07-01 05:45:00,28.604289613530963,77.2031698923131,50
13,2026-07-01 05:50:00,28.60410451588154,77.20438202151733,48
13,2026-07-01 05:55:00,28.6047951464513,77.20329478117858,49
13,2026-07-01 06:00:00,28.605740597229566,77.2026727870374,49
13,2026-07-01 06:05:00,28.60669790205216,77.20256669640206,53
13,2026-07-01 06:10:00,28.605912796313355,77.20136581211466,57
13,2026-07-01 06:15:00,28.60448668259621,77.20089295932168,53
13,2026-07-01 06:20:00,28.603969835713038,77.20151199226827,55
13,2026-07-01 06:25:00,28.602411637283286,77.20293092127244,58
13,2026-07-01 06:30:00,28.60258941542187,77.20269496578642,55
13,2026-07-01 06:35:00,28.603280326379263,77.20225015894825,59
13,2026-07-01 06:40:00,28.60262273808549,77.2022993828263,54
13,2026-07-01 06:45:00,28.602190694271243,77.20410697314848,53
13,2026-07-01 06:50:00,28.602047034741346,77.20394189258349,48
13,2026-07-01 06:55:00,28.600943625273235,77.20344857423285,47
13,2026-07-01 07:00:00,28.60372358889746,77.20241058287786,48
13,2026-07-01 07:05:00,28.603544458471152,77.2013946141809,53
13,2026-07-01 07:10:00,28.603032656005148,77.201958531584,54
13,2026-07-01 07:15:00,28.601050691519408,77.20045935038203,58
13,2026-07-01 07:20:00,28.60084757887068,77.19994092339472,61
13,2026-07-01 07:25:00,28.60147186682733,77.19851574563022,65
13,2026-07-01 07:30:00,28.60122553154615,77.19621427391255,66
13,2026-07-01 07:35:00,28.602461557654884,77.19559762079056,62
13,2026-07-01 07:40:00,28.602776008477175,77.19492002836078,59
13,2026-07-01 07:45:00,28.60260433482325,77.19601851323684,59
13,2026-07-01 07:50:00,28.602204657395028,77.19520608354573,56
13,2026-07-01 07:55:00,28.604262468572127,77.19376767237894,61
13,2026-07-01 08:00:00,28.604861087446043,77.1944672458818,64
13,2026-07-01 08:05:00,28.603594190733116,77.19490591384435,68
13,2026-07-01 08:10:00,28.604095751825476,77.19370792623828,64
13,2026-07-01 08:15:00,28.602153893166097,77.1937041221046,69
13,2026-07-01 08:20:00,28.60214027468876,77.19332411786557,67
13,2026-07-01 08:25:00,28.603113185759128,77.1923998989016,64
13,2026-07-01 08:30:00,28.6032300159333,77.19111430790085,60
13,2026-07-01 08:35:00,28.602480628533353,77.19080499548734,65
13,2026-07-01 08:40:00,28.603218254463485,77.19009911647328,61
13,2026-07-01 08:45:00,28.602152065917547,77.19273842534244,59
13,2026-07-01 08:50:00,28.601714328595143,77.19292041522506,57
13,2026-07-01 08:55:00,28.603250049885947,77.19385113893576,62
13,2026-07-01 09:00:00,28.602598242507874,77.19348703271437,66
13,2026-07-01 09:05:00,28.602144774067227,77.19339197310889,61
13,2026-07-01 09:10:00,28.601507072772833,77.19373712148261,66
13,2026-07-01 09:15:00,28.601273975851797,77.19428524781134,69
13,2026-07-01 09:20:00,28.602039474160435,77.19313657117927,67
13,2026-07-01 09:25:00,28.601488887093435,77.19364626041049,71
13,2026-07-01 09:30:00,28.602223572213074,77.1954601165475,68
13,2026-07-01 09:35:00,28.60200746784189,77.19444359218531,71
13,2026-07-01 09:40:00,28.603540471792616,77.19565632969957,75
13,2026-07-01 09:45:00,28.601640801511756,77.19552806621908,78
13,2026-07-01 09:50:00,28.60066651095093,77.19474621934506,75
13,2026-07-01 09:55:00,28.60026450633459,77.19546744588881,80
13,2026-07-01 10:00:00,28.59949846113219,77.19500617883831,81
13,2026-07-01 10:05:00,28.598888279023424,77.19391539024056,85
13,2026-07-01 10:10:00,28.598181514233772,77.1942786775169,89
13,2026-07-01 10:15:00,28.59667498897573,77.1932743869534,91
13,2026-07-01 10:20:00,28.59840051555474,77.19402668889154,96
13,2026-07-01 10:25:00,28.59980969394834,77.19353926067903,91
13,2026-07-01 10:30:00,28.598959973026865,77.19305627675296,89
13,2026-07-01 10:35:00,28.59924813271083,77.19355161823978,87
13,2026-07-01 10:40:00,28.599565928261555,77.19288808856847,86
13,2026-07-01 10:45:00,28.600179102263446,77.19327355804431,86
13,2026-07-01 10:50:00,28.599680375963374,77.19260363739987,81
13,2026-07-01 10:55:00,28.599975361731264,77.19140514566234,86
13,2026-07-01 11:00:00,28.60021312289586,77.19040919767156,86
13,2026-07-01 11:05:00,28.59820248942198,77.19071533358671,85
13,2026-07-01 11:10:00,28.59916048336346,77.1913788792052,83
13,2026-07-01 11:15:00,28.60034550300141,77.19010857047832,79
13,2026-07-01 11:20:00,28.59860093804951,77.18918691735854,78
13,2026-07-01 11:25:00,28.59999749253926,77.18802106259052,75
13,2026-07-01 11:30:00,28.601062868811518,77.18776301707491,77
13,2026-07-01 11:35:00,28.600834265715868,77.18756570173375,79
13,2026-07-01 11:40:00,28.60140244971921,77.18686968157215,76
13,2026-07-01 11:45:00,28.602707852145475,77.18529017615506,77
13,2026-07-01 11:50:00,28.601592227232985,77.18527419671219,80
13,2026-07-01 11:55:00,28.600580311911294,77.18572301511796,82
13,2026-07-01 12:00:00,28.59872283312863,77.18430950014476,77
13,2026-07-01 12:05:00,28.598187417658288,77.18368336361351,78
13,2026-07-01 12:10:00,28.5978187982925,77.18449041003012,74
13,2026-07-01 12:15:00,28.59747386096677,77.18476534359614,78
13,2026-07-01 12:20:00,28.59816849285485,77.18506637945082,77
13,2026-07-01 12:25:00,28.598747421503422,77.18552642177468,74
13,2026-07-01 12:30:00,28.598805407888456,77.18565982142898,70
13,2026-07-01 12:35:00,28.59928918672246,77.18621115564507,73
13,2026-07-01 12:40:00,28.59767458731449,77.18629634265318,72
13,2026-07-01 12:45:00,28.59715797311573,77.1852730894298,69
13,2026-07-01 12:50:00,28.593903494174434,77.18646854214155,65
13,2026-07-01 12:55:00,28.5948495319211,77.18683607251033,62
13,2026-07-01 13:00:00,28.59327009562238,77.1860181806682,63
13,2026-07-01 13:05:00,28.592739329734226,77.18496487434236,66
13,2026-07-01 13:10:00,28.592024108782425,77.18486824480615,63
13,2026-07-01 13:15:00,28.593232986386642,77.18588929354642,62
13,2026-07-01 13:20:00,28.59312484739625,77.18700139416565,62
13,2026-07-01 13:25:00,28.592095943986564,77.18680477078108,66
13,2026-07-01 13:30:00,28.591902639760114,77.18827635586365,68
13,2026-07-01 13:35:00,28.59141004196534,77.1872891060691,67
13,2026-07-01 13:40:00,28.591992418911293,77.18780537098539,72
13,2026-07-01 13:45:00,28.5926105069275,77.18818956647749,68
13,2026-07-01 13:50:00,28.59365304851959,77.18865272857536,73
13,2026-07-01 13:55:00,28.593613965406657,77.18992110652925,68
13,2026-07-01 14:00:00,28.593005471502927,77.18891323861604,73
13,2026-07-01 14:05:00,28.592931887313046,77.18989053285912,78
13,2026-07-01 14:10:00,28.593306372890638,77.18948159096988,81
13,2026-07-01 14:15:00,28.594764293914757,77.19038369848862,81
13,2026-07-01 14:20:00,28.594054869075162,77.19030065905224,79
13,2026-07-01 14:25:00,28.594956851960482,77.1918854252863,75
13,2026-07-01 14:30:00,28.593116585575686,77.19321359134025,79
13,2026-07-01 14:35:00,28.593118455759576,77.19141471268098,80
13,2026-07-01 14:40:00,28.59364014701916,77.18873902803195,82
13,2026-07-01 14:45:00,28.5945527673417,77.18916074496495,82
13,2026-07-01 14:50:00,28.59374304250593,77.18934854530299,83
13,2026-07-01 14:55:00,28.593021585623354,77.189896208585,88
13,2026-07-01 15:00:00,28.59115827122505,77.19091393846111,90
13,2026-07-01 15:05:00,28.590654973369414,77.1920764257453,90
13,2026-07-01 15:10:00,28.59079114804416,77.1927815990672,94
13,2026-07-01 15:15:00,28.59183367931729,77.19233124460999,94
13,2026-07-01 15:20:00,28.589455247657416,77.19252389614263,89
13,2026-07-01 15:25:00,28.590189315569273,77.19328924998204,93
13,2026-07-01 15:30:00,28.591704030181766,77.19369992456747,90
13,2026-07-01 15:35:00,28.591196695325287,77.19139794914192,94
13,2026-07-01 15:40:00,28.5904905667131,77.19104641226566,93
13,2026-07-01 15:45:00,28.58778577691524,77.1909518983253,90
13,2026-07-01 15:50:00,28.58900872547003,77.1900593637269,88
13,2026-07-01 15:55:00,28.587429098017477,77.18946806228021,87
13,2026-07-01 16:00:00,28.58749180639138,77.18881513603631,91
13,2026-07-01 16:05:00,28.58804471161998,77.18787854403007,93
13,2026-07-01 16:10:00,28.586971633491547,77.18708728287876,89
13,2026-07-01 16:15:00,28.58622221750459,77.18742504897781,86
13,2026-07-01 16:20:00,28.586873928581188,77.18733944092888,88
13,2026-07-01 16:25:00,28.586072835405627,77.18797290671928,90
13,2026-07-01 16:30:00,28.58596151655683,77.18827199245331,91
13,2026-07-01 16:35:00,28.58705290982045,77.1890544361021,91
14,2026-07-01 00:00:00,28.596358972437145,77.18421387633322,27
14,2026-07-01 00:05:00,28.59563898290392,77.18328981352587,25
14,2026-07-01 00:10:00,28.595745517870974,77.1831959389709,29
14,2026-07-01 00:15:00,28.597250239164364,77.18331640532324,30
14,2026-07-01 00:20:00,28.597394003807473,77.18323169489038,28
14,2026-07-01 00:25:00,28.59833005997541,77.18400863159331,29
14,2026-07-01 00:30:00,28.59841958202617,77.18407583504603,28
14,2026-07-01 00:35:00,28.597169268443213,77.184286650124,31
14,2026-07-01 00:40:00,28.59732629980014,77.18535749887157,31
14,2026-07-01 00:45:00,28.597540494204026,77.18591138963691,36
14,2026-07-01 00:50:00,28.59831507470176,77.18609050364829,31
14,2026-07-01 00:55:00,28.59883576419818,77.18501097079613,33
14,2026-07-01 01:00:00,28.598565373022737,77.18390629516699,32
14,2026-07-01 01:05:00,28.598484744214286,77.18470590679304,31
14,2026-07-01 01:10:00,28.59844434806302,77.18345221754258,32
14,2026-07-01 01:15:00,28.598194978437846,77.18228917489229,36
14,2026-07-01 01:20:00,28.600115933104927,77.18216847864389,41
14,2026-07-01 01:25:00,28.60080059433547,77.1832383920793,43
14,2026-07-01 01:30:00,28.599357413112003,77.1815388556395,42
14,2026-07-01 01:35:00,28.597394123964165,77.1819996805049,40
14,2026-07-01 01:40:00,28.598433233731683,77.18252977362398,40
14,2026-07-01 01:45:00,28.599001507108834,77.18361615433518,41
14,2026-07-01 01:50:00,28.600034237556198,77.18307774079068,42
14,2026-07-01 01:55:00,28.5992266462161,77.18285426828544,47
14,2026-07-01 02:00:00,28.598181809902197,77.18463819088065,51
14,2026-07-01 02:05:00,28.59771182732887,77.18483312045446,49
14,2026-07-01 02:10:00,28.5983267719679,77.1853428035317,48
14,2026-07-01 02:15:00,28.598796881177098,77.18526137755067,51
14,2026-07-01 02:20:00,28.598756939063513,77.18629757530168,52
14,2026-07-01 02:25:00,28.59873294695863,77.18546846558824,51
14,2026-07-01 02:30:00,28.597022343604195,77.18507537538754,54
14,2026-07-01 02:35:00,28.59551004561251,77.18427900091245,50
14,2026-07-01 02:40:00,28.594628890467607,77.18308495877099,49
14,2026-07-01 02:45:00,28.593665825354197,77.1823867477276,45
14,2026-07-01 02:50:00,28.594078490377377,77.18267444533461,40
14,2026-07-01 02:55:00,28.59371934188507,77.18297659965143,36
14,2026-07-01 03:00:00,28.593798984574963,77.18457709471724,33
14,2026-07-01 03:05:00,28.59461872429222,77.18438162207366,38
14,2026-07-01 03:10:00,28.59443569990908,77.1837856537684,33
14,2026-07-01 03:15:00,28.59348395543579,77.18559715065027,37
14,2026-07-01 03:20:00,28.593451907941628,77.18563067535266,40
14,2026-07-01 03:25:00,28.595129697696372,77.18480746510119,43
14,2026-07-01 03:30:00,28.59391399046756,77.18476533682501,46
14,2026-07-01 03:35:00,28.594738093364416,77.18460118741228,41
14,2026-07-01 03:40:00,28.595619617935395,77.18475793374986,43
14,2026-07-01 03:45:00,28.597840973517084,77.18493500879163,38
14,2026-07-01 03:50:00,28.59811396465991,77.18607699802003,35
14,2026-07-01 03:55:00,28.596589817752864,77.18679123450272,39
14,2026-07-01 04:00:00,28.59756624913006,77.185659085362,43
14,2026-07-01 04:05:00,28.595945240845484,77.18496125607375,48
14,2026-07-01 04:10:00,28.596586057257266,77.18504110701896,53
14,2026-07-01 04:15:00,28.598125199603075,77.18661350522923,58
14,2026-07-01 04:20:00,28.596885561948355,77.18477594902774,56
14,2026-07-01 04:25:00,28.59714808996068,77.18307158231944,52
14,2026-07-01 04:30:00,28.59760732340499,77.18286303949897,47
14,2026-07-01 04:35:00,28.596696999063063,77.1835582047473,52
14,2026-07-01 04:40:00,28.595689317237547,77.1835570335711,55
14,2026-07-01 04:45:00,28.597381646958222,77.18123096985772,56
14,2026-07-01 04:50:00,28.597903590922883,77.18110984661716,52
14,2026-07-01 04:55:00,28.59593905488478,77.17962870089254,57
14,2026-07-01 05:00:00,28.596420061088736,77.17860171526715,53
14,2026-07-01 05:05:00,28.596412788493737,77.1774752421424,49
14,2026-07-01 05:10:00,28.598998846410637,77.17746713972839,44
14,2026-07-01 05:15:00,28.597846848863057,77.17757622269875,42
14,2026-07-01 05:20:00,28.597589822183803,77.17850749869875,38
14,2026-07-01 05:25:00,28.595868139608875,77.17930588517085,38
14,2026-07-01 05:30:00,28.59675479947751,77.17771487768738,33
14,2026-07-01 05:35:00,28.59862587395982,77.17686399359835,29
14,2026-07-01 05:40:00,28.59863781074,77.17655643686317,24
14,2026-07-01 05:45:00,28.598040319724298,77.17638711026133,26
14,2026-07-01 05:50:00,28.60057024747355,77.1753935172574,29
14,2026-07-01 05:55:00,28.600056636171335,77.1763462769466,32
14,2026-07-01 06:00:00,28.601327922433462,77.17710506630138,37
14,2026-07-01 06:05:00,28.60172886246827,77.17794248819474,42
14,2026-07-01 06:10:00,28.60257904902212,77.1785637426487,38
14,2026-07-01 06:15:00,28.60175321624888,77.1804101385693,42
14,2026-07-01 06:20:00,28.602909144050763,77.18146224539177,37
14,2026-07-01 06:25:00,28.604417207696915,77.18258513751508,39
14,2026-07-01 06:30:00,28.603069953779332,77.18168633770483,44
14,2026-07-01 06:35:00,28.602208590726384,77.18253172908811,42
14,2026-07-01 06:40:00,28.602395580936108,77.18248745576827,38
14,2026-07-01 06:45:00,28.604087415773634,77.18403269348103,39
14,2026-07-01 06:50:00,28.60314158990956,77.1832602691536,36
14,2026-07-01 06:55:00,28.603229998721634,77.18290710519462,34
14,2026-07-01 07:00:00,28.603460696039967,77.18206813675498,33
14,2026-07-01 07:05:00,28.60405923395441,77.18141397269983,38
14,2026-07-01 07:10:00,28.602850057136525,77.18082872548186,38
14,2026-07-01 07:15:00,28.601772151275373,77.18018804048836,39
14,2026-07-01 07:20:00,28.602718958841884,77.1802430434244,43
14,2026-07-01 07:25:00,28.602014715835395,77.18039110770584,42
14,2026-07-01 07:30:00,28.601748102822114,77.17941124191015,37
14,2026-07-01 07:35:00,28.601194035024687,77.17939980799352,38
14,2026-07-01 07:40:00,28.60019629394605,77.18067025527718,37
14,2026-07-01 07:45:00,28.600929642178738,77.17994634708802,41
14,2026-07-01 07:50:00,28.60035666818547,77.18093680984569,40
14,2026-07-01 07:55:00,28.601153473018528,77.18284183292923,42
14,2026-07-01 08:00:00,28.601070937629206,77.18277453505088,46
14,2026-07-01 08:05:00,28.601503290343405,77.18205735315016,44
14,2026-07-01 08:10:00,28.597806668437716,77.18213260172492,48
14,2026-07-01 08:15:00,28.59939567419649,77.18199167580102,50
14,2026-07-01 08:20:00,28.598479584489368,77.1815739479951,50
14,2026-07-01 08:25:00,28.59935854846244,77.18205455658845,50
14,2026-07-01 08:30:00,28.59947623022214,77.1805458795992,46
14,2026-07-01 08:35:00,28.599225994056486,77.18022808938528,47
14,2026-07-01 08:40:00,28.598797013339112,77.18119285927958,42
14,2026-07-01 08:45:00,28.59829280396453,77.18094206024085,40
14,2026-07-01 08:50:00,28.59787546592465,77.17902112840495,41
14,2026-07-01 08:55:00,28.597507681398078,77.17972366171888,46
14,2026-07-01 09:00:00,28.59819272902434,77.17743173104215,48
14,2026-07-01 09:05:00,28.597366928774253,77.17618012438517,50
14,2026-07-01 09:10:00,28.59746145634184,77.177986213503,51
14,2026-07-01 09:15:00,28.59634902116648,77.1769613753401,53
14,2026-07-01 09:20:00,28.597465702441546,77.17719346997802,56
14,2026-07-01 09:25:00,28.59751763231885,77.17583414617134,59
14,2026-07-01 09:30:00,28.59700492115708,77.1760125058237,54
14,2026-07-01 09:35:00,28.59652521441752,77.17598225316198,57
14,2026-07-01 09:40:00,28.596412220787833,77.17678394640023,59
14,2026-07-01 09:45:00,28.598324226256885,77.17794800655282,60
14,2026-07-01 09:50:00,28.598959236313394,77.17745365707064,60
14,2026-07-01 09:55:00,28.599514070109365,77.17825803286789,59
14,2026-07-01 10:00:00,28.601074325638894,77.176306429955,60
14,2026-07-01 10:05:00,28.602454523654792,77.17718290291054,56
14,2026-07-01 10:10:00,28.601328409679013,77.17569554299382,51
14,2026-07-01 10:15:00,28.601423481115905,77.17654374616532,55
14,2026-07-01 10:20:00,28.59949098339086,77.17517776645838,53
14,2026-07-01 10:25:00,28.598316261809654,77.17480038243674,55
14,2026-07-01 10:30:00,28.59803690853424,77.17479687670999,58
14,2026-07-01 10:35:00,28.597375010818052,77.17480107608732,53
14,2026-07-01 10:40:00,28.598089756467942,77.17456735202947,58
14,2026-07-01 10:45:00,28.598059986973364,77.17446273509711,63
14,2026-07-01 10:50:00,28.598444922225255,77.17522668371281,66
14,2026-07-01 10:55:00,28.598215270661544,77.17410120516769,67
14,2026-07-01 11:00:00,28.59865309442779,77.17442675098302,71
14,2026-07-01 11:05:00,28.600145754244295,77.17508657928074,74
14,2026-07-01 11:10:00,28.600253239962626,77.17465576167835,77
14,2026-07-01 11:15:00,28.600563712716806,77.1735284978858,78
14,2026-07-01 11:20:00,28.601673838960608,77.17382388964273,83
14,2026-07-01 11:25:00,28.60030973296679,77.17329201189244,79
14,2026-07-01 11:30:00,28.600144003333654,77.17307060856683,75
14,2026-07-01 11:35:00,28.599446719653184,77.17331356491896,77
14,2026-07-01 11:40:00,28.597875299654845,77.17238119367578,75
14,2026-07-01 11:45:00,28.598878990365957,77.17207771004593,75
14,2026-07-01 11:50:00,28.598273867559353,77.17288023602089,72
14,2026-07-01 11:55:00,28.59873466480297,77.1713579017026,73
14,2026-07-01 12:00:00,28.59874683448525,77.17126502720122,72
14,2026-07-01 12:05:00,28.597315175569253,77.17157557078114,76
14,2026-07-01 12:10:00,28.596866171948882,77.17224920714685,81
14,2026-07-01 12:15:00,28.59659580525212,77.17222182282644,84
14,2026-07-01 12:20:00,28.597256952207946,77.17282096891333,87
14,2026-07-01 12:25:00,28.5977426680493,77.17442968279637,92
14,2026-07-01 12:30:00,28.59966354246851,77.17496249108282,87
14,2026-07-01 12:35:00,28.598178906948025,77.17429179201167,82
14,2026-07-01 12:40:00,28.596250225513163,77.17490357906067,82
14,2026-07-01 12:45:00,28.59524948648472,77.1763745698227,87
14,2026-07-01 12:50:00,28.596019323306557,77.17710522922545,91
14,2026-07-01 12:55:00,28.595759339381303,77.17713365748916,88
14,2026-07-01 13:00:00,28.594247552235334,77.17766862816153,85
14,2026-07-01 13:05:00,28.594859757022565,77.17954300465871,84
14,2026-07-01 13:10:00,28.594912816335498,77.18040829441485,79
14,2026-07-01 13:15:00,28.59691009683778,77.17942602116136,74
14,2026-07-01 13:20:00,28.594520916141843,77.1802118800491,77
14,2026-07-01 13:25:00,28.597231710440884,77.1801481347636,77
14,2026-07-01 13:30:00,28.597156004172387,77.18092395436987,74
14,2026-07-01 13:35:00,28.59589798426112,77.18180309269391,71
14,2026-07-01 13:40:00,28.595984606953326,77.1808026799121,68
14,2026-07-01 13:45:00,28.593617129299954,77.181156450543,66
14,2026-07-01 13:50:00,28.593118838860274,77.18231975343127,67
14,2026-07-01 13:55:00,28.5944329138418,77.18137100473601,67
14,2026-07-01 14:00:00,28.594053551534067,77.18141887662267,71
14,2026-07-01 14:05:00,28.59348563405548,77.18173652299168,66
14,2026-07-01 14:10:00,28.59442439169798,77.18315361781728,61
14,2026-07-01 14:15:00,28.593988601968356,77.18231216830316,61
14,2026-07-01 14:20:00,28.592175579732608,77.18066914467845,64
14,2026-07-01 14:25:00,28.59209167786934,77.18028546042338,62
14,2026-07-01 14:30:00,28.591413962456954,77.17994996546435,62
14,2026-07-01 14:35:00,28.592138129697833,77.17817675805655,57
14,2026-07-01 14:40:00,28.592658776122562,77.17800909907392,58
14,2026-07-01 14:45:00,28.592006247829346,77.1773979219219,59
14,2026-07-01 14:50:00,28.592880220162826,77.17828972947615,61
14,2026-07-01 14:55:00,28.591228301979633,77.17805079765469,66
14,2026-07-01 15:00:00,28.590758903817196,77.17958244012084,66
14,2026-07-01 15:05:00,28.591739536332305,77.18004964477808,62
14,2026-07-01 15:10:00,28.59242610407906,77.18079071855877,57
14,2026-07-01 15:15:00,28.591822124192454,77.17968923480178,53
14,2026-07-01 15:20:00,28.591442233885207,77.18128755673094,52
14,2026-07-01 15:25:00,28.59245163785048,77.18164404461972,49
14,2026-07-01 15:30:00,28.59126310239652,77.1836328646735,45
14,2026-07-01 15:35:00,28.591482257078066,77.18277292460583,47
14,2026-07-01 15:40:00,28.592567479341728,77.18281147977461,50
14,2026-07-01 15:45:00,28.59375394037906,77.18092005588277,47
14,2026-07-01 15:50:00,28.593553019941258,77.18067810948261,43
14,2026-07-01 15:55:00,28.59326302679431,77.17786339478312,44
14,2026-07-01 16:00:00,28.59419187865497,77.17849032723201,41
14,2026-07-01 16:05:00,28.59431099975289,77.17804978177394,43
14,2026-07-01 16:10:00,28.594469093651465,77.1780832252419,45
14,2026-07-01 16:15:00,28.592858390235357,77.1784100776486,40
14,2026-07-01 16:20:00,28.59317463309322,77.17897712297409,45
14,2026-07-01 16:25:00,28.593562786189683,77.17914442187464,40
14,2026-07-01 16:30:00,28.594376066595746,77.17830056799721,41
14,2026-07-01 16:35:00,28.593239796357068,77.17912275505338,36
15,2026-07-01 00:00:00,28.601155926112657,77.21400749286641,51
15,2026-07-01 00:05:00,28.60289559136463,77.21409277693515,48
15,2026-07-01 00:10:00,28.603169504493607,77.21140425163534,47
15,2026-07-01 00:15:00,28.604276214917896,77.20912963060414,42
15,2026-07-01 00:20:00,28.604759937141385,77.2079965850988,40
15,2026-07-01 00:25:00,28.603475140981452,77.2079813470523,45
15,2026-07-01 00:30:00,28.60233599124993,77.20859554560371,48
15,2026-07-01 00:35:00,28.601296880081563,77.21028309365894,51
15,2026-07-01 00:40:00,28.60017413730928,77.2096179586693,48
15,2026-07-01 00:45:00,28.600492510248795,77.20990621024717,53
15,2026-07-01 00:50:00,28.599608656255747,77.20954229691509,51
15,2026-07-01 00:55:00,28.6002968615622,77.20909869008489,56
15,2026-07-01 01:00:00,28.60166802111574,77.21074669287495,55
15,2026-07-01 01:05:00,28.602366974187458,77.21011765501375,57
15,2026-07-01 01:10:00,28.601909942368128,77.2096938560568,61
15,2026-07-01 01:15:00,28.603100278708737,77.21073131716031,63
15,2026-07-01 01:20:00,28.60381944737509,77.21255108894762,64
15,2026-07-01 01:25:00,28.601274197825454,77.2128760735222,60
15,2026-07-01 01:30:00,28.60171109947229,77.2130816412809,57
15,2026-07-01 01:35:00,28.602544736869092,77.21325088668571,60
15,2026-07-01 01:40:00,28.603798287035588,77.21495721730525,60
15,2026-07-01 01:45:00,28.604672276786594,77.21503565655134,62
15,2026-07-01 01:50:00,28.60523555334117,77.21624936243136,66
15,2026-07-01 01:55:00,28.606108486208747,77.21867555524604,68
15,2026-07-01 02:00:00,28.605914006615198,77.21996723360739,73
15,2026-07-01 02:05:00,28.606818968656693,77.21974142685832,78
15,2026-07-01 02:10:00,28.60664482793956,77.22145561032494,75
15,2026-07-01 02:15:00,28.605869964453323,77.22217719580263,72
15,2026-07-01 02:20:00,28.60509500162926,77.22354529003944,72
15,2026-07-01 02:25:00,28.60359946537158,77.2247052076913,77
15,2026-07-01 02:30:00,28.602512204687304,77.22595496526284,77
15,2026-07-01 02:35:00,28.603587426228486,77.2270022416714,76
15,2026-07-01 02:40:00,28.603281068518708,77.22545340159688,75
15,2026-07-01 02:45:00,28.602655152501022,77.22447514665882,77
15,2026-07-01 02:50:00,28.604224491929394,77.22376517243445,74
15,2026-07-01 02:55:00,28.603517572143488,77.22503708121519,79
15,2026-07-01 03:00:00,28.603060874528467,77.225376074729,80
15,2026-07-01 03:05:00,28.60270545425698,77.22685698159309,84
15,2026-07-01 03:10:00,28.603855169586208,77.22735015142733,81
15,2026-07-01 03:15:00,28.602804983048845,77.2263778531826,85
15,2026-07-01 03:20:00,28.601797180717245,77.22526098721066,84
15,2026-07-01 03:25:00,28.601024131492235,77.22598714837056,83
15,2026-07-01 03:30:00,28.59968914658446,77.22685660600027,81
15,2026-07-01 03:35:00,28.599538209967616,77.22608341503178,81
15,2026-07-01 03:40:00,28.599973922608065,77.22653223512285,85
15,2026-07-01 03:45:00,28.600400203788745,77.22754372030842,83
15,2026-07-01 03:50:00,28.600036309999236,77.22875920090205,81
15,2026-07-01 03:55:00,28.602505717413244,77.22766242795859,81
15,2026-07-01 04:00:00,28.60223431235308,77.22719847998911,80
15,2026-07-01 04:05:00,28.602252359605547,77.22840915454165,79
15,2026-07-01 04:10:00,28.602798758732224,77.22774982622481,75
15,2026-07-01 04:15:00,28.602055042646928,77.22826397205121,80
15,2026-07-01 04:20:00,28.601209376354213,77.22698049598057,85
15,2026-07-01 04:25:00,28.60210345384145,77.22710216941726,87
15,2026-07-01 04:30:00,28.603553540883627,77.22583193757823,92
15,2026-07-01 04:35:00,28.604203559989745,77.22443296248956,88
15,2026-07-01 04:40:00,28.604182458812954,77.22470721542811,88
15,2026-07-01 04:45:00,28.603565380603744,77.22359702662996,90
15,2026-07-01 04:50:00,28.60240005577188,77.22208609890009,85
15,2026-07-01 04:55:00,28.604128019607263,77.22161675243366,88
15,2026-07-01 05:00:00,28.605530141355683,77.22079009183989,87
15,2026-07-01 05:05:00,28.607197526573625,77.22156054803132,92
15,2026-07-01 05:10:00,28.607668009569753,77.2235328925104,95
15,2026-07-01 05:15:00,28.605346236305444,77.22297999963897,100
15,2026-07-01 05:20:00,28.606288255462484,77.22323842540976,103
15,2026-07-01 05:25:00,28.60721992142935,77.22363379909095,108
15,2026-07-01 05:30:00,28.60806577261382,77.22329165252782,103
15,2026-07-01 05:35:00,28.609112840930184,77.22224950422802,106
15,2026-07-01 05:40:00,28.60879675796906,77.22256384291114,108
15,2026-07-01 05:45:00,28.608001543198036,77.2231640556103,109
15,2026-07-01 05:50:00,28.607706515845923,77.2243706430301,111
15,2026-07-01 05:55:00,28.608250345552324,77.22490329190659,110
15,2026-07-01 06:00:00,28.608631698386905,77.2262688183691,111
15,2026-07-01 06:05:00,28.609447920259463,77.22521025009085,116
15,2026-07-01 06:10:00,28.609072420219388,77.22590971433775,111
15,2026-07-01 06:15:00,28.609869887912595,77.22740583070481,112
15,2026-07-01 06:20:00,28.60959397244216,77.22570027911391,113
15,2026-07-01 06:25:00,28.6097285614181,77.22497806034495,114
15,2026-07-01 06:30:00,28.609976885062956,77.22422481613587,115
15,2026-07-01 06:35:00,28.60908021856862,77.22119362230339,112
15,2026-07-01 06:40:00,28.607946047423344,77.22222280273952,107
15,2026-07-01 06:45:00,28.60766114265672,77.22165554102486,105
15,2026-07-01 06:50:00,28.60770085647844,77.22023266411705,108
15,2026-07-01 06:55:00,28.607451461548056,77.22034511627034,103
15,2026-07-01 07:00:00,28.607369750855913,77.21935637895191,100
15,2026-07-01 07:05:00,28.606844981710744,77.21975185224356,100
15,2026-07-01 07:10:00,28.607652242767077,77.21978506880657,101
15,2026-07-01 07:15:00,28.60613323304175,77.22119861821125,104
15,2026-07-01 07:20:00,28.605403628678047,77.22214102750628,108
15,2026-07-01 07:25:00,28.605315532987383,77.22196983209759,109
15,2026-07-01 07:30:00,28.606670134041742,77.22074846118018,109
15,2026-07-01 07:35:00,28.605614144229815,77.21969840639035,108
15,2026-07-01 07:40:00,28.60474802317958,77.22020571924024,108
15,2026-07-01 07:45:00,28.603926863471386,77.22074323636721,104
15,2026-07-01 07:50:00,28.603572959716374,77.22091934134325,102
15,2026-07-01 07:55:00,28.60360873683837,77.22074782223181,106
15,2026-07-01 08:00:00,28.603881003937175,77.22095343154396,106
15,2026-07-01 08:05:00,28.603557961568402,77.22058619454316,110
15,2026-07-01 08:10:00,28.604506104518872,77.22028024011163,105
15,2026-07-01 08:15:00,28.603872780236834,77.22225941836275,103
15,2026-07-01 08:20:00,28.60523830321724,77.22220280627549,106
15,2026-07-01 08:25:00,28.60623234765496,77.22316987184546,105
15,2026-07-01 08:30:00,28.603986761757394,77.22336527506674,105
15,2026-07-01 08:35:00,28.603376349814642,77.22372780658871,100
15,2026-07-01 08:40:00,28.603016072967765,77.22435033793265,104
15,2026-07-01 08:45:00,28.602678257873574,77.22372291719822,108
15,2026-07-01 08:50:00,28.604948752433835,77.22377674875008,106
15,2026-07-01 08:55:00,28.604825059244323,77.22340400650606,106
15,2026-07-01 09:00:00,28.605088099695667,77.22461943927618,101
15,2026-07-01 09:05:00,28.60231428475573,77.22443981955477,102
15,2026-07-01 09:10:00,28.604593701492583,77.22374433026567,107
15,2026-07-01 09:15:00,28.604991763667435,77.22539707996918,102
15,2026-07-01 09:20:00,28.60432443028622,77.22315516403468,103
15,2026-07-01 09:25:00,28.603667962649894,77.22328621923441,108
15,2026-07-01 09:30:00,28.602866100473054,77.223347305407,103
15,2026-07-01 09:35:00,28.601688874055604,77.22381584556855,107
15,2026-07-01 09:40:00,28.600345171670817,77.22466983843564,107
15,2026-07-01 09:45:00,28.598722423265496,77.22371524278635,108
15,2026-07-01 09:50:00,28.598196892905392,77.22452587159702,112
15,2026-07-01 09:55:00,28.599174438107248,77.22442753525483,108
15,2026-07-01 10:00:00,28.60019037533081,77.22402415550886,103
15,2026-07-01 10:05:00,28.602217115009296,77.22313121354073,106
15,2026-07-01 10:10:00,28.602305088556424,77.22269093890388,103
15,2026-07-01 10:15:00,28.60162588907799,77.22175293147986,99
15,2026-07-01 10:20:00,28.60150952810923,77.22125251996965,100
15,2026-07-01 10:25:00,28.601476537806402,77.22073515698051,102
15,2026-07-01 10:30:00,28.601767863039278,77.22016091960519,107
15,2026-07-01 10:35:00,28.602562786153154,77.22151005471031,103
15,2026-07-01 10:40:00,28.603292572949712,77.2202221715552,101
15,2026-07-01 10:45:00,28.605221416913736,77.22026870002114,100
15,2026-07-01 10:50:00,28.603703617820535,77.22076528421198,105
15,2026-07-01 10:55:00,28.604857754057065,77.21923966628368,109
15,2026-07-01 11:00:00,28.604820587735855,77.22046491528866,105
15,2026-07-01 11:05:00,28.605467716826,77.21945106339172,105
15,2026-07-01 11:10:00,28.60671800373894,77.21851730965558,100
15,2026-07-01 11:15:00,28.606056576100624,77.21804008577355,99
15,2026-07-01 11:20:00,28.604347599889444,77.21704695215084,104
15,2026-07-01 11:25:00,28.603834665287664,77.21753556524726,104
15,2026-07-01 11:30:00,28.60537850359458,77.21727562074479,108
15,2026-07-01 11:35:00,28.603886848116495,77.21698278932496,104
15,2026-07-01 11:40:00,28.602397316763113,77.21633494327655,108
15,2026-07-01 11:45:00,28.603876247701365,77.21643765825112,108
15,2026-07-01 11:50:00,28.604000954604395,77.21606759496662,107
15,2026-07-01 11:55:00,28.603383775458383,77.21561254834594,109
15,2026-07-01 12:00:00,28.60234455529439,77.2164305298904,110
15,2026-07-01 12:05:00,28.602765875088622,77.2172383033217,110
15,2026-07-01 12:10:00,28.60112088375313,77.21666635568111,107
15,2026-07-01 12:15:00,28.602567827899517,77.2160055214453,104
15,2026-07-01 12:20:00,28.603924847322336,77.21628609736948,104
15,2026-07-01 12:25:00,28.602797965676203,77.21732090721287,105
15,2026-07-01 12:30:00,28.60365648110598,77.21668034212027,105
15,2026-07-01 12:35:00,28.603612475561036,77.21633983007555,101
15,2026-07-01 12:40:00,28.603021226001665,77.21690189282768,103
15,2026-07-01 12:45:00,28.60221357544392,77.21651032285033,103
15,2026-07-01 12:50:00,28.601924101387567,77.21534148292032,100
15,2026-07-01 12:55:00,28.604362958094146,77.21617631142152,99
15,2026-07-01 13:00:00,28.605456648532996,77.21926974095219,103
15,2026-07-01 13:05:00,28.60593351111788,77.21949484461136,107
15,2026-07-01 13:10:00,28.6057870184033,77.21976967741867,110
15,2026-07-01 13:15:00,28.6049265111522,77.2188818217112,113
15,2026-07-01 13:20:00,28.603986714041007,77.21912849960772,117
15,2026-07-01 13:25:00,28.604952040708167,77.21983283581757,114
15,2026-07-01 13:30:00,28.606932624826577,77.21999371203115,119
15,2026-07-01 13:35:00,28.606596843084624,77.21887251070432,121
15,2026-07-01 13:40:00,28.606639155145675,77.21772439528084,126
15,2026-07-01 13:45:00,28.604570779430244,77.21781379055977,127
15,2026-07-01 13:50:00,28.604209019967733,77.21800230743634,125
15,2026-07-01 13:55:00,28.601842899454162,77.21698237009824,122
15,2026-07-01 14:00:00,28.602154743086196,77.2162202282908,118
15,2026-07-01 14:05:00,28.601443282292337,77.2168688059634,115
15,2026-07-01 14:10:00,28.60220306952929,77.21602927840539,120
15,2026-07-01 14:15:00,28.600891137374404,77.21558566717862,121
15,2026-07-01 14:20:00,28.60159043777412,77.2146614351633,126
15,2026-07-01 14:25:00,28.601595070588825,77.215543461704,121
15,2026-07-01 14:30:00,28.601595000734072,77.21666513802332,117
15,2026-07-01 14:35:00,28.602218097817723,77.21547482923386,119
15,2026-07-01 14:40:00,28.602148272993958,77.21430078677423,119
15,2026-07-01 14:45:00,28.601446983423166,77.21342497194958,117
15,2026-07-01 14:50:00,28.602668801442615,77.21396336033817,121
15,2026-07-01 14:55:00,28.60366315296243,77.2148656317381,120
15,2026-07-01 15:00:00,28.60310235849319,77.21433757062508,118
15,2026-07-01 15:05:00,28.603512043836936,77.21374057703666,117
15,2026-07-01 15:10:00,28.604130404403197,77.21519617751592,118
15,2026-07-01 15:15:00,28.6064951378878,77.2153912353008,115
15,2026-07-01 15:20:00,28.605363732277667,77.21627861766494,119
15,2026-07-01 15:25:00,28.606692325014336,77.21510198047916,122
15,2026-07-01 15:30:00,28.606496883140544,77.21564831218517,120
15,2026-07-01 15:35:00,28.60765359299327,77.2149925692304,117
15,2026-07-01 15:40:00,28.606926818855435,77.21411495187354,121
15,2026-07-01 15:45:00,28.607469550019978,77.21428796743639,126
15,2026-07-01 15:50:00,28.608046743337166,77.21305894949984,126
15,2026-07-01 15:55:00,28.60722804991294,77.21395673641153,128
15,2026-07-01 16:00:00,28.606513984794958,77.2151351557291,131
15,2026-07-01 16:05:00,28.607078172612557,77.21415562361918,132
15,2026-07-01 16:10:00,28.609279563324844,77.21209344551443,133
15,2026-07-01 16:15:00,28.609191491175746,77.21163692375266,131
15,2026-07-01 16:20:00,28.607905892061694,77.2100210772817,135
15,2026-07-01 16:25:00,28.60728429663614,77.2099261915255,131
15,2026-07-01 16:30:00,28.607054920948777,77.21007605861689,136
15,2026-07-01 16:35:00,28.607143056219922,77.2099349136034,132
16,2026-07-01 00:00:00,28.600608905312907,77.19451113730099,22
16,2026-07-01 00:05:00,28.59976947291488,77.19411337540964,17
16,2026-07-01 00:10:00,28.59913823177864,77.19471282609597,15
16,2026-07-01 00:15:00,28.597238914623844,77.19438490298857,18
16,2026-07-01 00:20:00,28.59791995421989,77.19521101282527,22
16,2026-07-01 00:25:00,28.597691126914032,77.19525531248667,25
16,2026-07-01 00:30:00,28.59850115415254,77.19453045140287,29
16,2026-07-01 00:35:00,28.598826542966094,77.19499455060344,32
16,2026-07-01 00:40:00,28.596668201049205,77.19436397244112,30
16,2026-07-01 00:45:00,28.597984468600703,77.19524708699278,29
16,2026-07-01 00:50:00,28.596958503783224,77.19585437600789,26
16,2026-07-01 00:55:00,28.59506853498431,77.1972417283699,21
16,2026-07-01 01:00:00,28.594091297295595,77.19898012556395,22
16,2026-07-01 01:05:00,28.594820333281167,77.2005194080583,22
16,2026-07-01 01:10:00,28.594529891799155,77.20096355322939,22
16,2026-07-01 01:15:00,28.594099052540315,77.20231967982899,26
16,2026-07-01 01:20:00,28.593462257438766,77.2026677866437,21
16,2026-07-01 01:25:00,28.595176183239193,77.20286804851524,21
16,2026-07-01 01:30:00,28.59512658687801,77.20396572062093,22
16,2026-07-01 01:35:00,28.595320351456653,77.20377416346246,17
16,2026-07-01 01:40:00,28.597243723336383,77.2044664780361,21
16,2026-07-01 01:45:00,28.595903234695015,77.20414665175821,23
16,2026-07-01 01:50:00,28.59519953714882,77.20478760236654,26
16,2026-07-01 01:55:00,28.594365938865852,77.2041077138268,22
16,2026-07-01 02:00:00,28.59433925188456,77.20238670951564,26
16,2026-07-01 02:05:00,28.595064581716542,77.2032486833509,21
16,2026-07-01 02:10:00,28.595312186092823,77.20452197541677,21
16,2026-07-01 02:15:00,28.596033305613698,77.20484152951799,19
16,2026-07-01 02:20:00,28.596246929331286,77.20354110485219,21
16,2026-07-01 02:25:00,28.59684592567297,77.20439445382954,19
16,2026-07-01 02:30:00,28.59713897676389,77.20385647895145,22
16,2026-07-01 02:35:00,28.597609767207857,77.20349285939432,20
16,2026-07-01 02:40:00,28.596837038421288,77.20098755566347,19
16,2026-07-01 02:45:00,28.596633255899878,77.2015475070908,16
16,2026-07-01 02:50:00,28.597275203029323,77.20127723948643,16
16,2026-07-01 02:55:00,28.597093060533652,77.2029043137549,20
16,2026-07-01 03:00:00,28.595412165450906,77.2024044741575,19
16,2026-07-01 03:05:00,28.595430570074324,77.2020010275668,22
16,2026-07-01 03:10:00,28.59453902658447,77.20207073183623,18
16,2026-07-01 03:15:00,28.594319330560253,77.20175075530688,19
16,2026-07-01 03:20:00,28.59419137961018,77.20225942507352,23
16,2026-07-01 03:25:00,28.596193807077825,77.20195185365641,24
16,2026-07-01 03:30:00,28.596722035892363,77.20291816954311,26
16,2026-07-01 03:35:00,28.596571082940617,77.20206839842652,24
16,2026-07-01 03:40:00,28.59665841164454,77.20031055497712,20
16,2026-07-01 03:45:00,28.597403365032942,77.20043088556483,17
16,2026-07-01 03:50:00,28.5959870961736,77.19978810918192,19
16,2026-07-01 03:55:00,28.597260761227734,77.19899524557685,20
16,2026-07-01 04:00:00,28.596105309433916,77.1997203266213,16
16,2026-07-01 04:05:00,28.5955013235747,77.20243394639883,12
16,2026-07-01 04:10:00,28.59613147816117,77.20393543221441,8
16,2026-07-01 04:15:00,28.595549416827076,77.20433447635506,13
16,2026-07-01 04:20:00,28.596773376736984,77.20458483617213,14
16,2026-07-01 04:25:00,28.597427400597546,77.20506177514068,10
16,2026-07-01 04:30:00,28.59871298283191,77.20500471384925,11
16,2026-07-01 04:35:00,28.59892557444686,77.20399980854926,12
16,2026-07-01 04:40:00,28.599510098498698,77.20373166941002,9
16,2026-07-01 04:45:00,28.598177568584703,77.2042466592341,10
16,2026-07-01 04:50:00,28.596242138624987,77.20369750029234,14
16,2026-07-01 04:55:00,28.5971521527361,77.20366404941808,9
16,2026-07-01 05:00:00,28.59702017509407,77.20423915723907,11
16,2026-07-01 05:05:00,28.598129223730005,77.20509353420418,7
16,2026-07-01 05:10:00,28.59851804264027,77.20391966087787,12
16,2026-07-01 05:15:00,28.598325915169653,77.2043748339144,12
16,2026-07-01 05:20:00,28.599581020586236,77.20506154311875,15
16,2026-07-01 05:25:00,28.599916074938147,77.20562633222465,17
16,2026-07-01 05:30:00,28.5994013756952,77.20561521359282,22
16,2026-07-01 05:35:00,28.60087704513381,77.20357691706306,21
16,2026-07-01 05:40:00,28.600602401384442,77.20311969852374,25
16,2026-07-01 05:45:00,28.600436732290714,77.20315079918186,30
16,2026-07-01 05:50:00,28.600737481307895,77.2039183892588,30
16,2026-07-01 05:55:00,28.600773095648982,77.20215533468243,35
16,2026-07-01 06:00:00,28.599516530313036,77.20344453773384,40
16,2026-07-01 06:05:00,28.60057511914885,77.20270426344284,42
16,2026-07-01 06:10:00,28.600801938238103,77.2027131052152,37
16,2026-07-01 06:15:00,28.601115661420998,77.20122850042327,39
16,2026-07-01 06:20:00,28.600094550632015,77.20114670948456,36
16,2026-07-01 06:25:00,28.600148977907224,77.20096576843825,39
16,2026-07-01 06:30:00,28.599974329961544,77.20232593656908,38
16,2026-07-01 06:35:00,28.60104850416669,77.19926992440762,36
16,2026-07-01 06:40:00,28.59834918181726,77.19809125517132,36
16,2026-07-01 06:45:00,28.596377092790615,77.19837928353962,39
16,2026-07-01 06:50:00,28.595774106851838,77.19874209921234,35
16,2026-07-01 06:55:00,28.59522491608254,77.1983206243749,35
16,2026-07-01 07:00:00,28.595580732417815,77.19887340823112,32
16,2026-07-01 07:05:00,28.596089760771882,77.20002730236565,30
16,2026-07-01 07:10:00,28.595819389372746,77.19863752222246,27
16,2026-07-01 07:15:00,28.596214083341195,77.19840508366893,30
16,2026-07-01 07:20:00,28.59751717161422,77.19750070548878,30
16,2026-07-01 07:25:00,28.599022113803336,77.19828258533138,26
16,2026-07-01 07:30:00,28.59768605577346,77.19935315163987,29
16,2026-07-01 07:35:00,28.596113418258692,77.19879157102469,24
16,2026-07-01 07:40:00,28.595458648483067,77.19828096252539,22
16,2026-07-01 07:45:00,28.595199663952133,77.20074740889797,23
16,2026-07-01 07:50:00,28.596463517792042,77.1997374546953,23
16,2026-07-01 07:55:00,28.596997904097577,77.19769606537015,20
16,2026-07-01 08:00:00,28.596068977615115,77.1971919366965,15
16,2026-07-01 08:05:00,28.594326625005596,77.19764587985625,20
16,2026-07-01 08:10:00,28.592955727647094,77.1983385518905,15
16,2026-07-01 08:15:00,28.593193898953235,77.1974977800006,14
16,2026-07-01 08:20:00,28.59365307912057,77.1972032023601,16
16,2026-07-01 08:25:00,28.5938553295161,77.19699065244669,18
16,2026-07-01 08:30:00,28.5954942900437,77.19789867510923,19
16,2026-07-01 08:35:00,28.595312452780338,77.19776002473704,20
16,2026-07-01 08:40:00,28.59475418790453,77.19771192731399,18
16,2026-07-01 08:45:00,28.59586752024088,77.19813775178316,20
16,2026-07-01 08:50:00,28.59568611792974,77.19772816148088,20
16,2026-07-01 08:55:00,28.595052263291464,77.19753623341047,16
16,2026-07-01 09:00:00,28.59620430198978,77.1975982847593,14
16,2026-07-01 09:05:00,28.59488552432328,77.1975175558764,13
16,2026-07-01 09:10:00,28.59477196175849,77.19746170369375,15
16,2026-07-01 09:15:00,28.593106001292224,77.19772824162457,15
16,2026-07-01 09:20:00,28.59341748966928,77.19752010952848,18
16,2026-07-01 09:25:00,28.594769302993402,77.19732576085694,14
16,2026-07-01 09:30:00,28.59238418929471,77.19676050211773,19
16,2026-07-01 09:35:00,28.592429598421088,77.19663909971766,14
16,2026-07-01 09:40:00,28.593478108661124,77.19648611234813,17
16,2026-07-01 09:45:00,28.592336166841964,77.19654601760492,20
16,2026-07-01 09:50:00,28.58975440923939,77.19571349673201,17
16,2026-07-01 09:55:00,28.591680035366853,77.19461024602654,19
16,2026-07-01 10:00:00,28.589533980260136,77.19331619797222,23
16,2026-07-01 10:05:00,28.587980944982295,77.19191263934266,25
16,2026-07-01 10:10:00,28.587079944379855,77.19148597213419,23
16,2026-07-01 10:15:00,28.58704184479718,77.19124566306604,19
16,2026-07-01 10:20:00,28.587059264131536,77.19082944108959,15
16,2026-07-01 10:25:00,28.586798844598384,77.19120003950357,20
16,2026-07-01 10:30:00,28.585622931082714,77.19197054052196,16
16,2026-07-01 10:35:00,28.584329808832308,77.19205441302373,14
16,2026-07-01 10:40:00,28.584096274288726,77.19318391036536,12
16,2026-07-01 10:45:00,28.584709746225418,77.1925571181158,13
16,2026-07-01 10:50:00,28.584541189879033,77.19431442775561,11
16,2026-07-01 10:55:00,28.584724202807344,77.1933229007145,12
16,2026-07-01 11:00:00,28.584746196800147,77.19523604577098,10
16,2026-07-01 11:05:00,28.58386476309492,77.19532635557019,11
16,2026-07-01 11:10:00,28.582908765029842,77.19453349346325,13
16,2026-07-01 11:15:00,28.58294309841841,77.19417099446038,16
16,2026-07-01 11:20:00,28.58394777068849,77.1957835983193,11
16,2026-07-01 11:25:00,28.584038561591456,77.19406564100558,10
16,2026-07-01 11:30:00,28.585805011851424,77.19513187253332,7
16,2026-07-01 11:35:00,28.586164066944903,77.1964661017275,4
16,2026-07-01 11:40:00,28.5852006022146,77.19464510427478,7
16,2026-07-01 11:45:00,28.585553608395145,77.19291886949077,12
16,2026-07-01 11:50:00,28.584410631254293,77.19202806522502,15
16,2026-07-01 11:55:00,28.58485098524817,77.19150709667379,18
16,2026-07-01 12:00:00,28.58551140618411,77.19135973653903,14
16,2026-07-01 12:05:00,28.585888450957647,77.19110709227384,19
16,2026-07-01 12:10:00,28.585195041139546,77.19023800329933,20
16,2026-07-01 12:15:00,28.58703350507041,77.19036271345098,25
16,2026-07-01 12:20:00,28.584637422782077,77.18968373310452,29
16,2026-07-01 12:25:00,28.58575924242235,77.18918334096493,34
16,2026-07-01 12:30:00,28.586116212519745,77.18913294101434,33
16,2026-07-01 12:35:00,28.585529683737562,77.18912881177255,38
16,2026-07-01 12:40:00,28.586636458256187,77.18954359623463,33
16,2026-07-01 12:45:00,28.58701010493678,77.19086428351663,37
16,2026-07-01 12:50:00,28.587673946298036,77.19066885931366,35
16,2026-07-01 12:55:00,28.58686698524402,77.19118098780035,33
16,2026-07-01 13:00:00,28.58585282102589,77.19151996369402,38
16,2026-07-01 13:05:00,28.586655083333337,77.1918499159501,38
16,2026-07-01 13:10:00,28.587073787911628,77.19183594272162,36
16,2026-07-01 13:15:00,28.585881637183974,77.19198833265632,36
16,2026-07-01 13:20:00,28.585679114186505,77.19216286406467,36
16,2026-07-01 13:25:00,28.5858906702888,77.19174426696681,39
16,2026-07-01 13:30:00,28.585708509704943,77.1920254786494,43
16,2026-07-01 13:35:00,28.584024433450313,77.19133827612555,38
16,2026-07-01 13:40:00,28.584305625468225,77.19317083736591,34
16,2026-07-01 13:45:00,28.58349581137095,77.19327637848721,29
16,2026-07-01 13:50:00,28.583725871775332,77.19193023776464,24
16,2026-07-01 13:55:00,28.583237450439377,77.19037904392799,24
16,2026-07-01 14:00:00,28.58260740200803,77.18964488206187,28
16,2026-07-01 14:05:00,28.58201882456038,77.19056758438039,26
16,2026-07-01 14:10:00,28.582407247454693,77.1912498054613,30
16,2026-07-01 14:15:00,28.581051541494457,77.19005859084461,27
16,2026-07-01 14:20:00,28.58151879370964,77.1895142946983,23
16,2026-07-01 14:25:00,28.580794544500282,77.18793158743503,27
16,2026-07-01 14:30:00,28.579685728178994,77.18813494119344,31
16,2026-07-01 14:35:00,28.57935641581526,77.18858569882073,33
16,2026-07-01 14:40:00,28.57758828478255,77.1915785093908,31
16,2026-07-01 14:45:00,28.576941590655967,77.19068126527613,33
16,2026-07-01 14:50:00,28.574973320021776,77.19036171463384,32
16,2026-07-01 14:55:00,28.574429899592,77.19162557057294,32
16,2026-07-01 15:00:00,28.574911287418654,77.1909413297395,34
16,2026-07-01 15:05:00,28.573360705122454,77.18987250150887,38
16,2026-07-01 15:10:00,28.572889950023328,77.19099368965145,38
16,2026-07-01 15:15:00,28.572626601949704,77.19120975568502,33
16,2026-07-01 15:20:00,28.571318413019885,77.1914363921025,30
16,2026-07-01 15:25:00,28.573070272994187,77.19264174967377,26
16,2026-07-01 15:30:00,28.574431880230502,77.19269841996784,22
16,2026-07-01 15:35:00,28.575114219012562,77.19364499697141,22
16,2026-07-01 15:40:00,28.5748004902895,77.19338534456313,21
16,2026-07-01 15:45:00,28.575448855245895,77.19159845852798,22
16,2026-07-01 15:50:00,28.575556554695,77.19259667618395,18
16,2026-07-01 15:55:00,28.576204736740635,77.19255414222997,14
16,2026-07-01 16:00:00,28.576241356666994,77.1942402353843,16
16,2026-07-01 16:05:00,28.578129042443862,77.1930931782089,18
16,2026-07-01 16:10:00,28.577588666104877,77.19229169428706,20
16,2026-07-01 16:15:00,28.579265589098334,77.19112835461252,25
16,2026-07-01 16:20:00,28.578792467593725,77.19041704793251,25
16,2026-07-01 16:25:00,28.57897853392982,77.19149675029725,20
16,2026-07-01 16:30:00,28.579278684881057,77.19135192434365,18
16,2026-07-01 16:35:00,28.577163173409964,77.19232370582141,19
17,2026-07-01 00:00:00,28.614695448056843,77.17775139685097,38
17,2026-07-01 00:05:00,28.615794917137876,77.17707584069161,38
17,2026-07-01 00:10:00,28.617044265845642,77.1762965928672,39
17,2026-07-01 00:15:00,28.61661162832931,77.17848232348392,35
17,2026-07-01 00:20:00,28.617856298506126,77.17933516775402,40
17,2026-07-01 00:25:00,28.614739645658666,77.17938715978619,41
17,2026-07-01 00:30:00,28.613233769171323,77.18057602696412,43
17,2026-07-01 00:35:00,28.61414784633555,77.17958898078518,48
17,2026-07-01 00:40:00,28.614712605528872,77.17973304936653,51
17,2026-07-01 00:45:00,28.61534798691009,77.17937250657447,55
17,2026-07-01 00:50:00,28.615174113089775,77.18071109871276,55
17,2026-07-01 00:55:00,28.615023861065758,77.18067048569144,58
17,2026-07-01 01:00:00,28.613799139081802,77.1783053632383,57
17,2026-07-01 01:05:00,28.613389798506585,77.17724925166911,59
17,2026-07-01 01:10:00,28.614560059337954,77.1767024675132,55
17,2026-07-01 01:15:00,28.6165695509296,77.17565880816316,57
17,2026-07-01 01:20:00,28.615533442065708,77.17630769203885,57
17,2026-07-01 01:25:00,28.61378193936189,77.17575700691233,54
17,2026-07-01 01:30:00,28.611566116936867,77.17556157206582,51
17,2026-07-01 01:35:00,28.61072267586021,77.17640526648216,52
17,2026-07-01 01:40:00,28.610894085656113,77.17699236440846,56
17,2026-07-01 01:45:00,28.611331577671983,77.17828862011768,53
17,2026-07-01 01:50:00,28.61020769926686,77.1786666663781,49
17,2026-07-01 01:55:00,28.608558086337425,77.17940274513415,54
17,2026-07-01 02:00:00,28.607919252467664,77.18005268068458,54
17,2026-07-01 02:05:00,28.607054967205723,77.18118830127007,57
17,2026-07-01 02:10:00,28.605534504623254,77.17897992908105,58
17,2026-07-01 02:15:00,28.60494822794672,77.17916898070709,59
17,2026-07-01 02:20:00,28.60448931292495,77.17959351753946,62
17,2026-07-01 02:25:00,28.603815488543976,77.18070510485268,61
17,2026-07-01 02:30:00,28.604620421934708,77.18289552185387,65
17,2026-07-01 02:35:00,28.604759287551897,77.18351372609905,70
17,2026-07-01 02:40:00,28.60457206023039,77.18454638361567,66
17,2026-07-01 02:45:00,28.60440889809455,77.18563756292926,71
17,2026-07-01 02:50:00,28.605240396961484,77.18643565397792,67
17,2026-07-01 02:55:00,28.605368848028732,77.18584434933905,66
17,2026-07-01 03:00:00,28.604727683099334,77.18557928434215,69
17,2026-07-01 03:05:00,28.605954980906127,77.18593313819294,74
17,2026-07-01 03:10:00,28.60484290608775,77.18476165410439,73
17,2026-07-01 03:15:00,28.604431824470073,77.18549984806366,74
17,2026-07-01 03:20:00,28.602421607815508,77.18417589697944,75
17,2026-07-01 03:25:00,28.603939930640074,77.18468235222595,76
17,2026-07-01 03:30:00,28.603779856153466,77.18443894192337,79
17,2026-07-01 03:35:00,28.604567787405962,77.18490030544446,79
17,2026-07-01 03:40:00,28.606329462501154,77.18612391232791,84
17,2026-07-01 03:45:00,28.605359191175246,77.18477104643895,83
17,2026-07-01 03:50:00,28.604981357706315,77.18306986692171,83
17,2026-07-01 03:55:00,28.604643101062067,77.1842843749335,84
17,2026-07-01 04:00:00,28.604385161358216,77.1862931083564,79
17,2026-07-01 04:05:00,28.603297318326426,77.18558523518227,80
17,2026-07-01 04:10:00,28.606036312454098,77.18479833823055,79
17,2026-07-01 04:15:00,28.604529086633715,77.1842416203327,79
17,2026-07-01 04:20:00,28.605087355978082,77.18326193179338,83
17,2026-07-01 04:25:00,28.60369749123718,77.18314359016951,79
17,2026-07-01 04:30:00,28.603551622815885,77.18354169797053,75
17,2026-07-01 04:35:00,28.602227973245043,77.18310579650144,75
17,2026-07-01 04:40:00,28.602796617861056,77.18348871821149,72
17,2026-07-01 04:45:00,28.602410595063187,77.18257296317036,77
17,2026-07-01 04:50:00,28.601975901358408,77.18384587840546,75
17,2026-07-01 04:55:00,28.60174731655008,77.18384475524516,79
17,2026-07-01 05:00:00,28.60255697408023,77.18407546699423,80
17,2026-07-01 05:05:00,28.60354985154842,77.18452646436467,80
17,2026-07-01 05:10:00,28.60353247294841,77.18384107925233,82
17,2026-07-01 05:15:00,28.605162602913282,77.18421141951966,81
17,2026-07-01 05:20:00,28.60624144066431,77.18305490731625,79
17,2026-07-01 05:25:00,28.60617413499434,77.18360655958483,84
17,2026-07-01 05:30:00,28.60712533487941,77.18438753618923,89
17,2026-07-01 05:35:00,28.608050616772125,77.18455618755685,91
17,2026-07-01 05:40:00,28.60824688274419,77.1828802382423,91
17,2026-07-01 05:45:00,28.608690173670798,77.18306234427436,96
17,2026-07-01 05:50:00,28.609371527813064,77.18274924761337,95
17,2026-07-01 05:55:00,28.608161445632327,77.1831284228759,99
17,2026-07-01 06:00:00,28.60910887719784,77.18220270198849,103
17,2026-07-01 06:05:00,28.610103274978528,77.18313044438902,99
17,2026-07-01 06:10:00,28.609492571906877,77.18480598460215,100
17,2026-07-01 06:15:00,28.608914359808658,77.18510112558148,103
17,2026-07-01 06:20:00,28.608274953772785,77.1844842929805,101
17,2026-07-01 06:25:00,28.608999768749097,77.18367582680739,98
17,2026-07-01 06:30:00,28.60957185382457,77.18541603826212,100
17,2026-07-01 06:35:00,28.609367744698076,77.18359548538045,105
17,2026-07-01 06:40:00,28.608427457179907,77.18320791924788,100
17,2026-07-01 06:45:00,28.606648018254482,77.18267491516605,102
17,2026-07-01 06:50:00,28.60746248498723,77.18174740498134,106
17,2026-07-01 06:55:00,28.607130559793884,77.1812993233576,107
17,2026-07-01 07:00:00,28.6069551765412,77.18120404085231,106
17,2026-07-01 07:05:00,28.60645969771026,77.18215339154166,103
17,2026-07-01 07:10:00,28.605673125618704,77.18248576387488,104
17,2026-07-01 07:15:00,28.605942793407692,77.1823554025939,100
17,2026-07-01 07:20:00,28.60569122527969,77.18274423675169,103
17,2026-07-01 07:25:00,28.60646985264433,77.18162198177289,98
17,2026-07-01 07:30:00,28.607161571334238,77.18116480762575,103
17,2026-07-01 07:35:00,28.60586559131359,77.18098718266711,101
17,2026-07-01 07:40:00,28.60544309617009,77.18103417483742,97
17,2026-07-01 07:45:00,28.606046809410635,77.18243567518397,100
17,2026-07-01 07:50:00,28.60598859215935,77.18359494372244,102
17,2026-07-01 07:55:00,28.604446824234643,77.18351881649937,101
17,2026-07-01 08:00:00,28.606019293726185,77.18202067310423,96
17,2026-07-01 08:05:00,28.60617181960908,77.18046913568327,98
17,2026-07-01 08:10:00,28.607169936097797,77.18067982087156,99
17,2026-07-01 08:15:00,28.60723225271047,77.17937176159944,99
17,2026-07-01 08:20:00,28.606295173460655,77.18053962814271,97
17,2026-07-01 08:25:00,28.605324166637246,77.18096442745619,101
17,2026-07-01 08:30:00,28.605895307879283,77.18024094083377,100
17,2026-07-01 08:35:00,28.605019040530102,77.1810887418579,101
17,2026-07-01 08:40:00,28.604182699227103,77.18140759744252,101
17,2026-07-01 08:45:00,28.60668814813246,77.18095595635334,104
17,2026-07-01 08:50:00,28.6082510038581,77.18093139214633,101
17,2026-07-01 08:55:00,28.609299207825774,77.180093215664,105
17,2026-07-01 09:00:00,28.60732212712609,77.18002835081363,102
17,2026-07-01 09:05:00,28.6062514345845,77.17862548302088,102
17,2026-07-01 09:10:00,28.607400462647497,77.17800192396558,101
17,2026-07-01 09:15:00,28.608404505050288,77.17921419494368,105
17,2026-07-01 09:20:00,28.60740640113934,77.17747867733333,106
17,2026-07-01 09:25:00,28.60631709121109,77.17924707966866,111
17,2026-07-01 09:30:00,28.606060436674387,77.17874117672827,111
17,2026-07-01 09:35:00,28.60757102749164,77.17895624539852,116
17,2026-07-01 09:40:00,28.607096580500148,77.17927605703332,116
17,2026-07-01 09:45:00,28.606074482712643,77.17967841385965,115
17,2026-07-01 09:50:00,28.60575369885079,77.17831637048879,111
17,2026-07-01 09:55:00,28.605493735483773,77.17728429969166,109
17,2026-07-01 10:00:00,28.605884013960832,77.17655018964042,109
17,2026-07-01 10:05:00,28.60373461696717,77.17664882433183,112
17,2026-07-01 10:10:00,28.60379205102747,77.17719048835635,115
17,2026-07-01 10:15:00,28.604734989647365,77.17737174230469,114
17,2026-07-01 10:20:00,28.606027281596045,77.1769469486639,109
17,2026-07-01 10:25:00,28.605327820722497,77.1765541980455,107
17,2026-07-01 10:30:00,28.605718885222714,77.17574186591052,103
17,2026-07-01 10:35:00,28.603364402300016,77.17576011837139,102
17,2026-07-01 10:40:00,28.603243442304883,77.17481654830367,107
17,2026-07-01 10:45:00,28.603494001811814,77.17444060533434,105
17,2026-07-01 10:50:00,28.6039043850886,77.17565527211447,101
17,2026-07-01 10:55:00,28.602892509110074,77.17555075227102,103
17,2026-07-01 11:00:00,28.602025063113395,77.1755643678854,106
17,2026-07-01 11:05:00,28.601456711472725,77.17497912072825,108
17,2026-07-01 11:10:00,28.600859314347034,77.17479834397345,103
17,2026-07-01 11:15:00,28.59998607953619,77.17562730958294,100
17,2026-07-01 11:20:00,28.59928647872749,77.17541793396963,98
17,2026-07-01 11:25:00,28.59794834363738,77.1749794243559,95
17,2026-07-01 11:30:00,28.597630994469984,77.17511831187724,93
17,2026-07-01 11:35:00,28.5984086619167,77.17422667369841,97
17,2026-07-01 11:40:00,28.59797239888452,77.17527479045768,92
17,2026-07-01 11:45:00,28.59791980054795,77.17334703519833,88
17,2026-07-01 11:50:00,28.59753561888224,77.17258490174981,90
17,2026-07-01 11:55:00,28.597993381119096,77.17459807072375,88
17,2026-07-01 12:00:00,28.599116212564596,77.17621110646121,87
17,2026-07-01 12:05:00,28.59955300245862,77.17520596020653,86
17,2026-07-01 12:10:00,28.599093970785443,77.1757876835715,91
17,2026-07-01 12:15:00,28.600427265341363,77.17549924140047,94
17,2026-07-01 12:20:00,28.602890822273494,77.17539033490533,90
17,2026-07-01 12:25:00,28.601204064508046,77.17630427537465,88
17,2026-07-01 12:30:00,28.601750137679854,77.17583857253999,92
17,2026-07-01 12:35:00,28.601149911949744,77.17651684624038,90
17,2026-07-01 12:40:00,28.600810381793078,77.17747777841899,92
17,2026-07-01 12:45:00,28.599158331525473,77.17924389510364,93
17,2026-07-01 12:50:00,28.5992847559336,77.17863006808494,97
17,2026-07-01 12:55:00,28.599140739971915,77.17862448778718,96
17,2026-07-01 13:00:00,28.597870733204125,77.17971112132902,92
17,2026-07-01 13:05:00,28.597391529829927,77.18076337726276,96
17,2026-07-01 13:10:00,28.59790082515357,77.18014730604743,99
17,2026-07-01 13:15:00,28.597585396351594,77.178993946243,95
17,2026-07-01 13:20:00,28.597143167425717,77.1798379172674,92
17,2026-07-01 13:25:00,28.597594450492366,77.18011544141105,97
17,2026-07-01 13:30:00,28.597841356555783,77.17899024358331,98
17,2026-07-01 13:35:00,28.59714204363377,77.17942147695946,93
17,2026-07-01 13:40:00,28.598338148269278,77.18026002588577,95
17,2026-07-01 13:45:00,28.59949236316157,77.1792258626736,93
17,2026-07-01 13:50:00,28.60028879352821,77.18088984895341,97
17,2026-07-01 13:55:00,28.599306774031,77.18020311655785,95
17,2026-07-01 14:00:00,28.599509272038194,77.1791552888536,98
17,2026-07-01 14:05:00,28.600655453941243,77.1804289942014,103
17,2026-07-01 14:10:00,28.599732279745773,77.18096564077987,106
17,2026-07-01 14:15:00,28.599389974902323,77.18186773209146,103
17,2026-07-01 14:20:00,28.598333189269173,77.18273230406396,103
17,2026-07-01 14:25:00,28.599112265696565,77.18289670581012,98
17,2026-07-01 14:30:00,28.597424986616925,77.18372791691333,103
17,2026-07-01 14:35:00,28.597573484423553,77.18419879317007,100
17,2026-07-01 14:40:00,28.597376065246035,77.18388826741443,100
17,2026-07-01 14:45:00,28.597886600624488,77.18409000606923,104
17,2026-07-01 14:50:00,28.598029657913038,77.18370229666928,99
17,2026-07-01 14:55:00,28.59510694911398,77.18255840938446,95
17,2026-07-01 15:00:00,28.59498598722179,77.18377476700286,90
17,2026-07-01 15:05:00,28.596578012120364,77.18318702903353,90
17,2026-07-01 15:10:00,28.596321346794003,77.18273934620095,88
17,2026-07-01 15:15:00,28.596000519597332,77.18325524069256,90
17,2026-07-01 15:20:00,28.59594026822947,77.18394120562597,93
17,2026-07-01 15:25:00,28.595828421125383,77.18348851547746,95
17,2026-07-01 15:30:00,28.59659109476415,77.18430637335564,90
17,2026-07-01 15:35:00,28.59543101180188,77.18649291586081,85
17,2026-07-01 15:40:00,28.596392818274392,77.18731389779555,80
17,2026-07-01 15:45:00,28.597330645288295,77.18634476130777,79
17,2026-07-01 15:50:00,28.596143898682783,77.18698881493633,78
17,2026-07-01 15:55:00,28.59626191464689,77.18488924329375,83
17,2026-07-01 16:00:00,28.59421065494181,77.18563759012065,80
17,2026-07-01 16:05:00,28.594147617111783,77.18615675687155,78
17,2026-07-01 16:10:00,28.594176679199176,77.18586089903116,79
17,2026-07-01 16:15:00,28.594383818635954,77.185621625884,76
17,2026-07-01 16:20:00,28.593314039592844,77.18408121482004,79
17,2026-07-01 16:25:00,28.592279428845433,77.18202815357047,78
17,2026-07-01 16:30:00,28.592410548170108,77.18291299615328,79
17,2026-07-01 16:35:00,28.59283283980137,77.18304978535335,82
18,2026-07-01 00:00:00,28.595890615165313,77.216869533753,12
18,2026-07-01 00:05:00,28.59573546588873,77.21689762377291,9
18,2026-07-01 00:10:00,28.5960696235106,77.21736759731324,12
18,2026-07-01 00:15:00,28.59783398482683,77.21618173485453,16
18,2026-07-01 00:20:00,28.597880564408307,77.21713465591812,21
18,2026-07-01 00:25:00,28.599738041617602,77.21536093679353,23
18,2026-07-01 00:30:00,28.59979049900449,77.21614076543429,22
18,2026-07-01 00:35:00,28.60122535538412,77.21484838998019,19
18,2026-07-01 00:40:00,28.600882020208267,77.21599059737308,23
18,2026-07-01 00:45:00,28.598273251473827,77.2162339481928,19
18,2026-07-01 00:50:00,28.5972862999621,77.21504611977943,19
18,2026-07-01 00:55:00,28.596082386313135,77.21527137646142,15
18,2026-07-01 01:00:00,28.59688855632392,77.21404684986796,19
18,2026-07-01 01:05:00,28.596522973699415,77.21432322359105,14
18,2026-07-01 01:10:00,28.595495800741062,77.21467284556358,17
18,2026-07-01 01:15:00,28.596397485863204,77.21429157485755,18
18,2026-07-01 01:20:00,28.595974270563335,77.2146826317653,23
18,2026-07-01 01:25:00,28.594815667299677,77.21286698278942,22
18,2026-07-01 01:30:00,28.59607186473909,77.21405469617356,23
18,2026-07-01 01:35:00,28.5970094795826,77.21356390414795,27
18,2026-07-01 01:40:00,28.5974096491878,77.21154984087372,22
18,2026-07-01 01:45:00,28.597338234209428,77.21008293492837,26
18,2026-07-01 01:50:00,28.59782545240406,77.21085024229097,27
18,2026-07-01 01:55:00,28.598562242512376,77.20892399121979,31
18,2026-07-01 02:00:00,28.60069792992179,77.21008566945112,31
18,2026-07-01 02:05:00,28.599906271263336,77.20953494243335,28
18,2026-07-01 02:10:00,28.600432538942012,77.20835290487429,29
18,2026-07-01 02:15:00,28.602196158149763,77.20921599266029,31
18,2026-07-01 02:20:00,28.602409717594142,77.20763568702067,35
18,2026-07-01 02:25:00,28.603293324380136,77.206269488683,39
18,2026-07-01 02:30:00,28.602839893734476,77.2072914085655,37
18,2026-07-01 02:35:00,28.601898078713027,77.20759953602983,37
18,2026-07-01 02:40:00,28.603501438980164,77.2080617369289,36
18,2026-07-01 02:45:00,28.60420794444371,77.20804261474905,34
18,2026-07-01 02:50:00,28.60536234923083,77.2084797074333,29
18,2026-07-01 02:55:00,28.605737128983023,77.20871796226668,29
18,2026-07-01 03:00:00,28.60503045987895,77.2094375617643,29
18,2026-07-01 03:05:00,28.60546567140724,77.2086960635144,25
18,2026-07-01 03:10:00,28.606234888100136,77.2081793374715,30
18,2026-07-01 03:15:00,28.60695325740803,77.20805860072878,27
18,2026-07-01 03:20:00,28.606802789266535,77.20739543613865,31
18,2026-07-01 03:25:00,28.608733773473656,77.20733229179845,32
18,2026-07-01 03:30:00,28.610445580341185,77.20668673993376,29
18,2026-07-01 03:35:00,28.608876536059878,77.20586092835352,24
18,2026-07-01 03:40:00,28.609154518500098,77.20501345446296,21
18,2026-07-01 03:45:00,28.60911405038869,77.20452184046023,26
18,2026-07-01 03:50:00,28.611091176909213,77.20502836667858,26
18,2026-07-01 03:55:00,28.611554478419446,77.2046953190576,23
18,2026-07-01 04:00:00,28.610417589656315,77.20539950170294,23
18,2026-07-01 04:05:00,28.60826114427931,77.20502824433227,23
18,2026-07-01 04:10:00,28.608651078665623,77.20510746115669,26
18,2026-07-01 04:15:00,28.608989836827902,77.20497906289077,21
18,2026-07-01 04:20:00,28.610072022799066,77.20453854360915,23
18,2026-07-01 04:25:00,28.60912339828888,77.2035964215138,18
18,2026-07-01 04:30:00,28.607115074284092,77.20416544751932,16
18,2026-07-01 04:35:00,28.607424606214398,77.2048671575773,15
18,2026-07-01 04:40:00,28.607308034867945,77.20508132651842,19
18,2026-07-01 04:45:00,28.608040279054833,77.20625333725981,20
18,2026-07-01 04:50:00,28.607616445516626,77.20548772610277,21
18,2026-07-01 04:55:00,28.60806561207186,77.20467222533946,21
18,2026-07-01 05:00:00,28.60681230594866,77.20527576059865,25
18,2026-07-01 05:05:00,28.606659450956847,77.20570932305884,23
18,2026-07-01 05:10:00,28.60735625994801,77.20735555401065,22
18,2026-07-01 05:15:00,28.605826335716,77.20721751838876,18
18,2026-07-01 05:20:00,28.604738587040647,77.20709362602553,21
18,2026-07-01 05:25:00,28.60298231968694,77.20605790124789,19
18,2026-07-01 05:30:00,28.601977981860646,77.20618472593303,17
18,2026-07-01 05:35:00,28.602240143821085,77.206064309219,16
18,2026-07-01 05:40:00,28.602873238798953,77.20687331685585,15
18,2026-07-01 05:45:00,28.60350011586248,77.20682455120401,17
18,2026-07-01 05:50:00,28.604003596659084,77.20756120523065,15
18,2026-07-01 05:55:00,28.601913478151914,77.20690665569082,10
18,2026-07-01 06:00:00,28.602421879272747,77.20729035474503,9
18,2026-07-01 06:05:00,28.60142983724743,77.20767295470435,4
18,2026-07-01 06:10:00,28.60123077469367,77.20785778173797,2
18,2026-07-01 06:15:00,28.60048009370662,77.20837215887458,0
18,2026-07-01 06:20:00,28.59926581860196,77.20824135765479,0
18,2026-07-01 06:25:00,28.59898357801004,77.20929213194526,4
18,2026-07-01 06:30:00,28.59901754979042,77.21048156574902,9
18,2026-07-01 06:35:00,28.599477965440265,77.21034202370609,6
18,2026-07-01 06:40:00,28.60066240017997,77.2101273618844,6
18,2026-07-01 06:45:00,28.59983645266689,77.21071640542408,4
18,2026-07-01 06:50:00,28.600503518139618,77.20917134901667,6
18,2026-07-01 06:55:00,28.60034886060099,77.20911121799367,10
18,2026-07-01 07:00:00,28.601871299510748,77.20869213314168,10
18,2026-07-01 07:05:00,28.601990047730787,77.20784603594034,5
18,2026-07-01 07:10:00,28.60261563232446,77.2076227643519,1
18,2026-07-01 07:15:00,28.6019228234091,77.20774665310975,0
18,2026-07-01 07:20:00,28.602731234586035,77.20761707199865,0
18,2026-07-01 07:25:00,28.60292580656695,77.20745995870374,0
18,2026-07-01 07:30:00,28.60261970164031,77.20842778909724,5
18,2026-07-01 07:35:00,28.603205613397588,77.20985250792756,2
18,2026-07-01 07:40:00,28.602333832627842,77.21115648229808,0
18,2026-07-01 07:45:00,28.601020939393727,77.21317763621597,0
18,2026-07-01 07:50:00,28.60218815712703,77.21476608339222,0
18,2026-07-01 07:55:00,28.601282427414322,77.21509153611711,4
18,2026-07-01 08:00:00,28.600167653553285,77.21627424954899,6
18,2026-07-01 08:05:00,28.600012231120758,77.21511854197406,2
18,2026-07-01 08:10:00,28.600393840548815,77.2161426883472,3
18,2026-07-01 08:15:00,28.60059213658253,77.21883066459101,1
18,2026-07-01 08:20:00,28.601551579291527,77.21816230331484,1
18,2026-07-01 08:25:00,28.599850952041876,77.21742756010137,2
18,2026-07-01 08:30:00,28.60164796238574,77.21895790191292,1
18,2026-07-01 08:35:00,28.602535631697176,77.21816839506158,0
18,2026-07-01 08:40:00,28.602582930440306,77.2188630641857,0
18,2026-07-01 08:45:00,28.60275219879822,77.21811045832543,0
18,2026-07-01 08:50:00,28.601722899296607,77.21956831750528,0
18,2026-07-01 08:55:00,28.601421089189532,77.21982010689604,0
18,2026-07-01 09:00:00,28.601454112496725,77.22116704814043,0
18,2026-07-01 09:05:00,28.602145948134137,77.22087748526899,5
18,2026-07-01 09:10:00,28.60179180344685,77.22020169527974,6
18,2026-07-01 09:15:00,28.60099725763878,77.21737906032149,8
18,2026-07-01 09:20:00,28.600323999183992,77.21905439683742,10
18,2026-07-01 09:25:00,28.600746323981443,77.21792576232305,11
18,2026-07-01 09:30:00,28.5981043687229,77.21877984494598,9
18,2026-07-01 09:35:00,28.596834769411544,77.21814040616532,5
18,2026-07-01 09:40:00,28.595717039248502,77.21833104110763,6
18,2026-07-01 09:45:00,28.595928997275504,77.2176328207864,9
18,2026-07-01 09:50:00,28.596244165479302,77.21747160093516,8
18,2026-07-01 09:55:00,28.59664480711764,77.21668352468126,8
18,2026-07-01 10:00:00,28.598395942715054,77.21610612248902,6
18,2026-07-01 10:05:00,28.598554620621428,77.21607592818108,6
18,2026-07-01 10:10:00,28.597586748731292,77.21626477216107,4
18,2026-07-01 10:15:00,28.59867305748573,77.21417522246796,9
18,2026-07-01 10:20:00,28.599656646059678,77.21428188557128,5
18,2026-07-01 10:25:00,28.598590963361858,77.21259815300367,3
18,2026-07-01 10:30:00,28.59930126194048,77.21256998473352,4
18,2026-07-01 10:35:00,28.598923821450192,77.2116698235,1
18,2026-07-01 10:40:00,28.59740403264684,77.21099764830875,0
18,2026-07-01 10:45:00,28.598101270693228,77.21065012336624,0
18,2026-07-01 10:50:00,28.597776809621017,77.21150128926573,4
18,2026-07-01 10:55:00,28.59651394486729,77.2102717630145,9
18,2026-07-01 11:00:00,28.595283085635998,77.20861718561322,6
18,2026-07-01 11:05:00,28.59429246241262,77.20827399404453,7
18,2026-07-01 11:10:00,28.594146486980314,77.20893138048243,8
18,2026-07-01 11:15:00,28.59426567779332,77.2082023440544,12
18,2026-07-01 11:20:00,28.59305920283974,77.20740637181034,14
18,2026-07-01 11:25:00,28.594907311943846,77.20794638961206,18
18,2026-07-01 11:30:00,28.594631401731444,77.20698262901368,18
18,2026-07-01 11:35:00,28.59595180101289,77.20564564811764,19
18,2026-07-01 11:40:00,28.597564779183482,77.20637488506695,23
18,2026-07-01 11:45:00,28.596631604216917,77.20626241728584,27
18,2026-07-01 11:50:00,28.593827788513558,77.20519919604504,23
18,2026-07-01 11:55:00,28.5933507444478,77.20531694461951,21
18,2026-07-01 12:00:00,28.593956258098924,77.20538135214194,23
18,2026-07-01 12:05:00,28.59474842156817,77.20587256720273,21
18,2026-07-01 12:10:00,28.595706813519786,77.20747817858597,20
18,2026-07-01 12:15:00,28.59595091196329,77.20775208967282,22
18,2026-07-01 12:20:00,28.59482581070278,77.2064994636365,25
18,2026-07-01 12:25:00,28.595397910911082,77.20611838718206,25
18,2026-07-01 12:30:00,28.596432230327483,77.20439628555738,26
18,2026-07-01 12:35:00,28.596681124296616,77.20400512918512,30
18,2026-07-01 12:40:00,28.59846013551595,77.20416800323866,27
18,2026-07-01 12:45:00,28.599399843007895,77.20345580128007,24
18,2026-07-01 12:50:00,28.597639637951747,77.20410654231713,21
18,2026-07-01 12:55:00,28.59734458176194,77.20364368603143,22
18,2026-07-01 13:00:00,28.598648783327594,77.20285779038548,18
18,2026-07-01 13:05:00,28.59772299866833,77.20462484995994,16
18,2026-07-01 13:10:00,28.600106048155368,77.20677234802594,15
18,2026-07-01 13:15:00,28.599816131069502,77.20747972660108,10
18,2026-07-01 13:20:00,28.60040199359812,77.20818506718403,15
18,2026-07-01 13:25:00,28.599303314224684,77.20822963679493,15
18,2026-07-01 13:30:00,28.5981498470235,77.20979718901503,17
18,2026-07-01 13:35:00,28.597783980742804,77.20964788434772,22
18,2026-07-01 13:40:00,28.599041593855382,77.20911443190194,21
18,2026-07-01 13:45:00,28.599273160224815,77.20936311650131,24
18,2026-07-01 13:50:00,28.59804845226407,77.20876592225002,25
18,2026-07-01 13:55:00,28.597877272894273,77.20869980985607,21
18,2026-07-01 14:00:00,28.596806289413667,77.2097340737675,16
18,2026-07-01 14:05:00,28.596554156002664,77.20960305366556,20
18,2026-07-01 14:10:00,28.596464952704974,77.21121334664605,18
18,2026-07-01 14:15:00,28.59866073587195,77.2099032443845,20
18,2026-07-01 14:20:00,28.598915142750695,77.21038775751528,25
18,2026-07-01 14:25:00,28.599352126395022,77.21118900196994,29
18,2026-07-01 14:30:00,28.59952269177823,77.21115415001945,29
18,2026-07-01 14:35:00,28.600542289510276,77.21116642790848,31
18,2026-07-01 14:40:00,28.600474432789436,77.21089078205497,35
18,2026-07-01 14:45:00,28.600243330138767,77.21084440156908,40
18,2026-07-01 14:50:00,28.599574895205333,77.20944904405124,36
18,2026-07-01 14:55:00,28.59916795603402,77.21095815501998,31
18,2026-07-01 15:00:00,28.5999401859675,77.21052459098722,30
18,2026-07-01 15:05:00,28.601033545000398,77.20943800447849,25
18,2026-07-01 15:10:00,28.600133384772523,77.20902455577502,20
18,2026-07-01 15:15:00,28.598922277283336,77.2087142870834,25
18,2026-07-01 15:20:00,28.599588037337345,77.2109961899999,28
18,2026-07-01 15:25:00,28.60021918204663,77.21023033035729,27
18,2026-07-01 15:30:00,28.600166426938628,77.21088380933924,31
18,2026-07-01 15:35:00,28.599796594496947,77.21111946008944,35
18,2026-07-01 15:40:00,28.600332983715795,77.20944831292464,37
18,2026-07-01 15:45:00,28.60019553315884,77.20969459473761,38
18,2026-07-01 15:50:00,28.59866999291457,77.21216584178252,39
18,2026-07-01 15:55:00,28.598370299418637,77.21140237647921,35
18,2026-07-01 16:00:00,28.599738194681795,77.20969434162157,37
18,2026-07-01 16:05:00,28.601067989047,77.20801876117194,35
18,2026-07-01 16:10:00,28.601094056085575,77.20767678851306,31
18,2026-07-01 16:15:00,28.599762949986832,77.20726386636804,26
18,2026-07-01 16:20:00,28.59886995597165,77.2076355427449,25
18,2026-07-01 16:25:00,28.598034085716034,77.2065396719341,29
18,2026-07-01 16:30:00,28.598844132833435,77.20732631487324,27
18,2026-07-01 16:35:00,28.60060282567039,77.20915375681436,26
19,2026-07-01 00:00:00,28.60550014735168,77.19194670652611,42
19,2026-07-01 00:05:00,28.604838210942916,77.19094927278736,41
19,2026-07-01 00:10:00,28.605447312257354,77.19058672459681,44
19,2026-07-01 00:15:00,28.604446302712873,77.19161991446117,49
19,2026-07-01 00:20:00,28.60493245239798,77.19304442342008,49
19,2026-07-01 00:25:00,28.605019558617286,77.19203663914816,47
19,2026-07-01 00:30:00,28.605510290824846,77.1935393698457,50
19,2026-07-01 00:35:00,28.606891217388647,77.19357451207031,50
19,2026-07-01 00:40:00,28.606917867823864,77.19425940838026,51
19,2026-07-01 00:45:00,28.60708008074111,77.19329491156027,48
19,2026-07-01 00:50:00,28.606304673982756,77.19535451678024,45
19,2026-07-01 00:55:00,28.605544871850768,77.19464450133735,47
19,2026-07-01 01:00:00,28.60527806883037,77.194967547069,45
19,2026-07-01 01:05:00,28.606411132271976,77.19511176882587,46
19,2026-07-01 01:10:00,28.60694547948543,77.19334335340022,44
19,2026-07-01 01:15:00,28.607993000299537,77.19435243638283,43
19,2026-07-01 01:20:00,28.606336395381053,77.19621670675072,46
19,2026-07-01 01:25:00,28.60741452077685,77.19613048965272,51
19,2026-07-01 01:30:00,28.60631016239781,77.19606074238534,49
19,2026-07-01 01:35:00,28.605594514833662,77.19701816233317,51
19,2026-07-01 01:40:00,28.60514560644635,77.19661205197615,53
19,2026-07-01 01:45:00,28.604599057496014,77.19723419024926,56
19,2026-07-01 01:50:00,28.60531380103518,77.19645877471295,54
19,2026-07-01 01:55:00,28.6051666483694,77.19559969286921,59
19,2026-07-01 02:00:00,28.60657734068982,77.1952899820574,58
19,2026-07-01 02:05:00,28.60626322059265,77.19555016707713,60
19,2026-07-01 02:10:00,28.60620566912241,77.19497665305661,56
19,2026-07-01 02:15:00,28.606703170691045,77.19568043422693,57
19,2026-07-01 02:20:00,28.608099930868445,77.19612540254231,53
19,2026-07-01 02:25:00,28.607656744241144,77.1958622500892,57
19,2026-07-01 02:30:00,28.608585669301785,77.19608720093365,60
19,2026-07-01 02:35:00,28.609194908132675,77.19575533607183,64
19,2026-07-01 02:40:00,28.609298328579268,77.19589870076021,66
19,2026-07-01 02:45:00,28.607137024692964,77.19638123447004,66
19,2026-07-01 02:50:00,28.6079244894862,77.19496766424423,61
19,2026-07-01 02:55:00,28.60797011881619,77.19479784427206,65
19,2026-07-01 03:00:00,28.607940946116965,77.1949371639028,64
19,2026-07-01 03:05:00,28.60742656972988,77.19490174705818,65
19,2026-07-01 03:10:00,28.60933586678051,77.19386404223614,60
19,2026-07-01 03:15:00,28.609698491471946,77.19317459769863,58
19,2026-07-01 03:20:00,28.609108576075695,77.19350563660144,53
19,2026-07-01 03:25:00,28.609038402459475,77.19406033593995,57
19,2026-07-01 03:30:00,28.610681128366874,77.1931006726134,54
19,2026-07-01 03:35:00,28.6106788902504,77.19203323868044,49
19,2026-07-01 03:40:00,28.610436962021666,77.19044462182214,47
19,2026-07-01 03:45:00,28.610749538597002,77.1910894631117,51
19,2026-07-01 03:50:00,28.61182218301416,77.19235167508458,50
19,2026-07-01 03:55:00,28.611026465350637,77.19409816571617,51
19,2026-07-01 04:00:00,28.610139840738487,77.19484817141077,53
19,2026-07-01 04:05:00,28.608852860174206,77.19529606426933,57
19,2026-07-01 04:10:00,28.608940958787056,77.19470243893215,58
19,2026-07-01 04:15:00,28.609278784702987,77.19506036663213,59
19,2026-07-01 04:20:00,28.608326094562358,77.19452421256074,63
19,2026-07-01 04:25:00,28.606397217579563,77.19398251608698,65
19,2026-07-01 04:30:00,28.606883439011824,77.19651089636142,68
19,2026-07-01 04:35:00,28.606101625148465,77.19663221559367,69
19,2026-07-01 04:40:00,28.60405106565785,77.19561299950216,68
19,2026-07-01 04:45:00,28.603661662096325,77.19696880484159,72
19,2026-07-01 04:50:00,28.602768412598806,77.19693462351276,77
19,2026-07-01 04:55:00,28.60332710788173,77.19652998499272,75
19,2026-07-01 05:00:00,28.602223991490675,77.19609111051031,80
19,2026-07-01 05:05:00,28.602593208901954,77.19438191398413,79
19,2026-07-01 05:10:00,28.60306422013378,77.19350172913161,84
19,2026-07-01 05:15:00,28.603171980189234,77.1932518353958,80
19,2026-07-01 05:20:00,28.602718035295297,77.19416876662986,84
19,2026-07-01 05:25:00,28.602733065332206,77.19478885031147,80
19,2026-07-01 05:30:00,28.60299065919283,77.19374020723266,85
19,2026-07-01 05:35:00,28.60101164049934,77.19576702434871,87
19,2026-07-01 05:40:00,28.601874395091293,77.19493695385358,82
19,2026-07-01 05:45:00,28.60265752366419,77.19531294025357,85
19,2026-07-01 05:50:00,28.60159305812509,77.19569465810441,81
19,2026-07-01 05:55:00,28.602419896755798,77.19559064887669,80
19,2026-07-01 06:00:00,28.601727082147747,77.19515550666729,82
19,2026-07-01 06:05:00,28.60189453025841,77.19424377323965,82
19,2026-07-01 06:10:00,28.60332870729493,77.19250434799541,82
19,2026-07-01 06:15:00,28.60270188413708,77.19409550907224,80
19,2026-07-01 06:20:00,28.603206462193267,77.19491598769183,80
19,2026-07-01 06:25:00,28.602824831097855,77.19565611335594,80
19,2026-07-01 06:30:00,28.60393100284965,77.19434385376262,81
19,2026-07-01 06:35:00,28.605094328249656,77.19529563542294,85
19,2026-07-01 06:40:00,28.605875686369462,77.19534800819166,89
19,2026-07-01 06:45:00,28.605727870104385,77.19641892113503,86
19,2026-07-01 06:50:00,28.605195439929528,77.19704015465778,89
19,2026-07-01 06:55:00,28.604370085361847,77.19637754853854,90
19,2026-07-01 07:00:00,28.604014288783915,77.19674565118669,90
19,2026-07-01 07:05:00,28.605447922392734,77.19488598814614,89
19,2026-07-01 07:10:00,28.605394337017415,77.19530597689136,86
19,2026-07-01 07:15:00,28.606879996139263,77.19437113722279,82
19,2026-07-01 07:20:00,28.604753162651463,77.19440275919669,77
19,2026-07-01 07:25:00,28.604684301407257,77.19425304937467,74
19,2026-07-01 07:30:00,28.60391313819454,77.19492166548658,75
19,2026-07-01 07:35:00,28.602421036177393,77.19621687255925,80
19,2026-07-01 07:40:00,28.604141301486248,77.1958620926719,85
19,2026-07-01 07:45:00,28.604350650343584,77.19581704855389,88
19,2026-07-01 07:50:00,28.603975239105424,77.19556011952157,90
19,2026-07-01 07:55:00,28.60515168793079,77.19422861122202,94
19,2026-07-01 08:00:00,28.6052280649474,77.1960051299131,99
19,2026-07-01 08:05:00,28.603834203480645,77.19551813499587,104
19,2026-07-01 08:10:00,28.604428902010625,77.19560286493437,103
19,2026-07-01 08:15:00,28.604069858427625,77.19532331848198,100
19,2026-07-01 08:20:00,28.603948837396615,77.19605048974151,97
19,2026-07-01 08:25:00,28.60354416227842,77.19407337656206,97
19,2026-07-01 08:30:00,28.60452342202271,77.19382372102385,99
19,2026-07-01 08:35:00,28.60381935352969,77.19576441206597,101
19,2026-07-01 08:40:00,28.603900638476723,77.19532364875417,96
19,2026-07-01 08:45:00,28.60369995325835,77.19491895289731,93
19,2026-07-01 08:50:00,28.603597276089356,77.19417608020767,92
19,2026-07-01 08:55:00,28.60188578760399,77.19454746204927,92
19,2026-07-01 09:00:00,28.601173208941123,77.19565515840193,89
19,2026-07-01 09:05:00,28.59998426782307,77.19609691905158,92
19,2026-07-01 09:10:00,28.600700861012573,77.19581006029063,96
19,2026-07-01 09:15:00,28.59969372964077,77.19753373319232,92
19,2026-07-01 09:20:00,28.600513873234892,77.19706599450846,90
19,2026-07-01 09:25:00,28.60030846880481,77.19821732224935,94
19,2026-07-01 09:30:00,28.600287067306898,77.19820004211329,92
19,2026-07-01 09:35:00,28.60107022296291,77.19763116513809,95
19,2026-07-01 09:40:00,28.600360001222505,77.19642038536409,97
19,2026-07-01 09:45:00,28.60094507256689,77.1970320053652,102
19,2026-07-01 09:50:00,28.600574080266284,77.19773156472657,101
19,2026-07-01 09:55:00,28.600934836020947,77.1978038530737,103
19,2026-07-01 10:00:00,28.599387750408415,77.197905453087,108
19,2026-07-01 10:05:00,28.601668010638715,77.1971716758042,106
19,2026-07-01 10:10:00,28.60057864305115,77.19643039679993,101
19,2026-07-01 10:15:00,28.600261540218575,77.19562696252575,105
19,2026-07-01 10:20:00,28.60072590601242,77.19685123998511,108
19,2026-07-01 10:25:00,28.601195919673668,77.19695462198132,104
19,2026-07-01 10:30:00,28.60050887228806,77.19760302093759,101
19,2026-07-01 10:35:00,28.600309267615696,77.19766585451052,96
19,2026-07-01 10:40:00,28.601033355290642,77.1985184600999,96
19,2026-07-01 10:45:00,28.60054394105615,77.19577316054624,97
19,2026-07-01 10:50:00,28.599877990060044,77.19469548342772,93
19,2026-07-01 10:55:00,28.599694159479725,77.19397860915701,89
19,2026-07-01 11:00:00,28.59792777681578,77.19550394243072,90
19,2026-07-01 11:05:00,28.596395178581183,77.19577324862028,88
19,2026-07-01 11:10:00,28.597401661911174,77.19609130016846,87
19,2026-07-01 11:15:00,28.595685554698402,77.19568086787218,83
19,2026-07-01 11:20:00,28.596562160578245,77.19536908229892,85
19,2026-07-01 11:25:00,28.596400446262063,77.19543248580979,86
19,2026-07-01 11:30:00,28.59542761836948,77.19539492230042,84
19,2026-07-01 11:35:00,28.59549217677903,77.19660124960414,83
19,2026-07-01 11:40:00,28.594766749035845,77.19645426295398,80
19,2026-07-01 11:45:00,28.594977478644264,77.1970961337314,81
19,2026-07-01 11:50:00,28.592175567074776,77.19753039738133,82
19,2026-07-01 11:55:00,28.591577172619886,77.19676587527783,82
19,2026-07-01 12:00:00,28.589885211400198,77.1975615897257,84
19,2026-07-01 12:05:00,28.58943484320894,77.19796843736083,88
19,2026-07-01 12:10:00,28.589437587598635,77.19847035711886,87
19,2026-07-01 12:15:00,28.58761178185674,77.19947262815454,85
19,2026-07-01 12:20:00,28.586635463699437,77.20037855498745,89
19,2026-07-01 12:25:00,28.58577227398727,77.20241868887345,85
19,2026-07-01 12:30:00,28.583813608843958,77.20299698689647,88
19,2026-07-01 12:35:00,28.58287790139249,77.20291906929123,90
19,2026-07-01 12:40:00,28.582801662375168,77.20441594956507,92
19,2026-07-01 12:45:00,28.581129498955132,77.20418625057371,95
19,2026-07-01 12:50:00,28.58186424755087,77.20272402160118,98
19,2026-07-01 12:55:00,28.581336344603834,77.20175942139103,101
19,2026-07-01 13:00:00,28.581838244837535,77.20173060478945,101
19,2026-07-01 13:05:00,28.583426734686146,77.20190980117714,99
19,2026-07-01 13:10:00,28.58455016197324,77.20258679527451,100
19,2026-07-01 13:15:00,28.58346635997797,77.20377053576068,100
19,2026-07-01 13:20:00,28.584816184437173,77.20623223077787,103
19,2026-07-01 13:25:00,28.584764229666273,77.20651357912536,107
19,2026-07-01 13:30:00,28.586380995741088,77.20608848431729,102
19,2026-07-01 13:35:00,28.586267407627467,77.20570590047457,98
19,2026-07-01 13:40:00,28.587166605773458,77.20761661844884,102
19,2026-07-01 13:45:00,28.58616406014107,77.2088361114714,104
19,2026-07-01 13:50:00,28.586252400492768,77.2089438169227,107
19,2026-07-01 13:55:00,28.58522604687038,77.21053325820625,104
19,2026-07-01 14:00:00,28.58593081305912,77.2096578123504,102
19,2026-07-01 14:05:00,28.584262797915454,77.20899963566279,100
19,2026-07-01 14:10:00,28.58562645075937,77.20947606872964,100
19,2026-07-01 14:15:00,28.58649748599468,77.20920588871941,104
19,2026-07-01 14:20:00,28.58666111975835,77.20917584756266,108
19,2026-07-01 14:25:00,28.58662456051956,77.21107958278687,105
19,2026-07-01 14:30:00,28.58639377436746,77.21028259611805,107
19,2026-07-01 14:35:00,28.58526927613423,77.20918085905518,112
19,2026-07-01 14:40:00,28.585550228247488,77.20916278939465,117
19,2026-07-01 14:45:00,28.586137285782083,77.20916933805246,115
19,2026-07-01 14:50:00,28.58626107282886,77.20927368528426,114
19,2026-07-01 14:55:00,28.585964910243767,77.20925060477852,115
19,2026-07-01 15:00:00,28.58589977190804,77.20969892234095,114
19,2026-07-01 15:05:00,28.586158659423752,77.2086331196296,116
19,2026-07-01 15:10:00,28.58679778518723,77.20928659828581,117
19,2026-07-01 15:15:00,28.58690086340876,77.20931057830482,113
19,2026-07-01 15:20:00,28.58780788137243,77.20982733333182,115
19,2026-07-01 15:25:00,28.58926890699477,77.2098297991613,118
19,2026-07-01 15:30:00,28.590243941201724,77.20940692682596,113
19,2026-07-01 15:35:00,28.58982367292761,77.21146897797897,115
19,2026-07-01 15:40:00,28.588987901450288,77.21179964226407,114
19,2026-07-01 15:45:00,28.589910946277517,77.21220573628291,114
19,2026-07-01 15:50:00,28.590504199841796,77.21226709342429,112
19,2026-07-01 15:55:00,28.5901189165915,77.20981936287318,116
19,2026-07-01 16:00:00,28.590000935496892,77.20866236641751,121
19,2026-07-01 16:05:00,28.591179985712433,77.20722144364963,124
19,2026-07-01 16:10:00,28.590104335228858,77.20755802669508,126
19,2026-07-01 16:15:00,28.58977607538819,77.20884588855246,128
19,2026-07-01 16:20:00,28.589865812348343,77.2094422242809,131
19,2026-07-01 16:25:00,28.59009667675847,77.2112578017625,132
19,2026-07-01 16:30:00,28.58973308888165,77.2114786027571,132
19,2026-07-01 16:35:00,28.587819172182456,77.21352031424851,127
20,2026-07-01 00:00:00,28.601710731039187,77.19959126709253,52
20,2026-07-01 00:05:00,28.60206108361969,77.19903160464335,55
20,2026-07-01 00:10:00,28.601603406626705,77.20010308057361,57
20,2026-07-01 00:15:00,28.601728373817497,77.19889393244074,53
20,2026-07-01 00:20:00,28.60370454639775,77.20119031568669,54
20,2026-07-01 00:25:00,28.60213957250431,77.20058942851084,52
20,2026-07-01 00:30:00,28.601635080684854,77.20008963245226,56
20,2026-07-01 00:35:00,28.601366709390895,77.20044626206837,52
20,2026-07-01 00:40:00,28.60182013147459,77.20119103119936,48
20,2026-07-01 00:45:00,28.601989559558497,77.20114376082013,47
20,2026-07-01 00:50:00,28.60187437122972,77.19996067530488,52
20,2026-07-01 00:55:00,28.600222926979356,77.2019810443787,47
20,2026-07-01 01:00:00,28.601371689375735,77.20203743135703,49
20,2026-07-01 01:05:00,28.601529035943408,77.2030139379461,47
20,2026-07-01 01:10:00,28.60150662649501,77.2036263381069,49
20,2026-07-01 01:15:00,28.60089571519556,77.20323934998919,47
20,2026-07-01 01:20:00,28.60076243648033,77.20344483641675,50
20,2026-07-01 01:25:00,28.600765941311998,77.20322465430272,49
20,2026-07-01 01:30:00,28.599676598674286,77.20433309890444,45
20,2026-07-01 01:35:00,28.5995163196843,77.20578716367174,41
20,2026-07-01 01:40:00,28.598709810055276,77.20532794327376,36
20,2026-07-01 01:45:00,28.596224146253704,77.20428843990516,33
20,2026-07-01 01:50:00,28.596783845317926,77.20544869837977,30
20,2026-07-01 01:55:00,28.595765040120334,77.20463401272653,30
20,2026-07-01 02:00:00,28.5944376098131,77.2034750332758,28
20,2026-07-01 02:05:00,28.59298697363712,77.20324286587123,24
20,2026-07-01 02:10:00,28.593488915825077,77.2051806096345,19
20,2026-07-01 02:15:00,28.592941724036194,77.20392925345226,21
20,2026-07-01 02:20:00,28.592541599451476,77.20443340581363,19
20,2026-07-01 02:25:00,28.592104801907233,77.204394604645,20
20,2026-07-01 02:30:00,28.593346228757518,77.20441937188482,19
20,2026-07-01 02:35:00,28.59353262834266,77.20239158255451,15
20,2026-07-01 02:40:00,28.5937651787061,77.20161169754245,13
20,2026-07-01 02:45:00,28.595321283143626,77.20185842799353,18
20,2026-07-01 02:50:00,28.595852084727298,77.20078523771946,18
20,2026-07-01 02:55:00,28.59420748065895,77.20057572952902,15
20,2026-07-01 03:00:00,28.59250917937317,77.19927057789198,14
20,2026-07-01 03:05:00,28.59256778829054,77.19804274932592,15
20,2026-07-01 03:10:00,28.593396853610706,77.19832569589667,12
20,2026-07-01 03:15:00,28.59309777750137,77.19884675152124,8
20,2026-07-01 03:20:00,28.591974947747175,77.1980999920697,11
20,2026-07-01 03:25:00,28.592519407616702,77.19700549770887,15
20,2026-07-01 03:30:00,28.59051947675093,77.19835950684676,13
20,2026-07-01 03:35:00,28.592328066718053,77.19925590618726,11
20,2026-07-01 03:40:00,28.592955458792137,77.19915198667579,11
20,2026-07-01 03:45:00,28.5925120293739,77.19888171630811,10
20,2026-07-01 03:50:00,28.593609250703572,77.20026252289657,8
20,2026-07-01 03:55:00,28.593052089959173,77.20184372566149,7
20,2026-07-01 04:00:00,28.594022578418787,77.20058546103212,11
20,2026-07-01 04:05:00,28.59598573640578,77.2009181161036,14
20,2026-07-01 04:10:00,28.59529093430424,77.20187892196974,11
20,2026-07-01 04:15:00,28.594573081089887,77.20267478578208,10
20,2026-07-01 04:20:00,28.595664284102114,77.20333772585114,8
20,2026-07-01 04:25:00,28.59537001671449,77.20388544029133,3
20,2026-07-01 04:30:00,28.594340405743402,77.20411237223513,6
20,2026-07-01 04:35:00,28.59399767264453,77.20715570173063,8
20,2026-07-01 04:40:00,28.594239413453064,77.20618783630374,11
20,2026-07-01 04:45:00,28.59345655545048,77.20593291908438,13
20,2026-07-01 04:50:00,28.592622181838184,77.20569834005475,12
20,2026-07-01 04:55:00,28.592410350461627,77.20495850003849,10
20,2026-07-01 05:00:00,28.593840972667355,77.20600245684649,7
20,2026-07-01 05:05:00,28.593900882441435,77.20612621148902,9
20,2026-07-01 05:10:00,28.591448052678807,77.20589344005171,13
20,2026-07-01 05:15:00,28.591358545647644,77.20824216245396,14
20,2026-07-01 05:20:00,28.590791098366417,77.2100436908618,15
20,2026-07-01 05:25:00,28.59134967209035,77.21117057150356,12
20,2026-07-01 05:30:00,28.588871135374497,77.20912707800107,10
20,2026-07-01 05:35:00,28.58858003867042,77.20817666022279,7
20,2026-07-01 05:40:00,28.58944784412996,77.20840406530178,7
20,2026-07-01 05:45:00,28.58912936233109,77.20894469602796,9
20,2026-07-01 05:50:00,28.58940478116646,77.20848273251204,13
20,2026-07-01 05:55:00,28.589419544547514,77.20880876550825,8
20,2026-07-01 06:00:00,28.59079643043369,77.20957157419782,12
20,2026-07-01 06:05:00,28.592477360265956,77.21006252088544,10
20,2026-07-01 06:10:00,28.591406693859767,77.20927819991515,13
20,2026-07-01 06:15:00,28.593877793639347,77.20875615714941,12
20,2026-07-01 06:20:00,28.59380645364085,77.21047592394234,17
20,2026-07-01 06:25:00,28.59211201780939,77.21095626063718,22
20,2026-07-01 06:30:00,28.591199429611216,77.21165765053098,25
20,2026-07-01 06:35:00,28.590838623117378,77.21292992090875,28
20,2026-07-01 06:40:00,28.5912194972247,77.21298408426918,26
20,2026-07-01 06:45:00,28.590206811661332,77.21122412538703,28
20,2026-07-01 06:50:00,28.590036774591802,77.21094789355867,30
20,2026-07-01 06:55:00,28.589324670067683,77.2110851156872,31
20,2026-07-01 07:00:00,28.588953208046593,77.20930913344023,27
20,2026-07-01 07:05:00,28.589726389559402,77.2084362297649,31
20,2026-07-01 07:10:00,28.589157484390448,77.20697921998581,28
20,2026-07-01 07:15:00,28.590799756671615,77.20798355792945,33
20,2026-07-01 07:20:00,28.58880141170447,77.20727824120554,38
20,2026-07-01 07:25:00,28.58802608532236,77.2083992804694,33
20,2026-07-01 07:30:00,28.588517238143258,77.20705590545698,33
20,2026-07-01 07:35:00,28.589499645042615,77.20673143407582,29
20,2026-07-01 07:40:00,28.588675585923927,77.20774602032908,31
20,2026-07-01 07:45:00,28.58782795871143,77.20856461494742,28
20,2026-07-01 07:50:00,28.58722427143963,77.21002327247035,28
20,2026-07-01 07:55:00,28.588047260031633,77.21006481431091,33
20,2026-07-01 08:00:00,28.588571301469003,77.20912694470775,30
20,2026-07-01 08:05:00,28.590379061689777,77.20968030915976,28
20,2026-07-01 08:10:00,28.589325897540608,77.21002735561736,26
20,2026-07-01 08:15:00,28.587808269894058,77.20925520345651,23
20,2026-07-01 08:20:00,28.586103647935882,77.20917206993079,25
20,2026-07-01 08:25:00,28.5867744444048,77.20997877474704,22
20,2026-07-01 08:30:00,28.586569944746028,77.21139183559055,22
20,2026-07-01 08:35:00,28.587637947852958,77.20999629669085,26
20,2026-07-01 08:40:00,28.58767670857302,77.20931024539031,30
20,2026-07-01 08:45:00,28.5880474661319,77.21041677031533,29
20,2026-07-01 08:50:00,28.588498278468233,77.2106264563789,26
20,2026-07-01 08:55:00,28.588206566264052,77.2102296169659,30
20,2026-07-01 09:00:00,28.5871924049988,77.20953264094825,27
20,2026-07-01 09:05:00,28.58904302158332,77.21012919365833,30
20,2026-07-01 09:10:00,28.588820446656094,77.20844722487435,26
20,2026-07-01 09:15:00,28.588881607919664,77.20799326544203,21
20,2026-07-01 09:20:00,28.5885361924956,77.20778073441619,22
20,2026-07-01 09:25:00,28.58809529030699,77.20666428356101,25
20,2026-07-01 09:30:00,28.587890077300763,77.20643637901378,26
20,2026-07-01 09:35:00,28.58875519311785,77.20710537253488,25
20,2026-07-01 09:40:00,28.589672961315646,77.20679497639841,27
20,2026-07-01 09:45:00,28.587411623365426,77.20702735730099,25
20,2026-07-01 09:50:00,28.586179062802934,77.20888179073435,24
20,2026-07-01 09:55:00,28.58450486452125,77.20838229640401,21
20,2026-07-01 10:00:00,28.585103954280513,77.2085579701165,16
20,2026-07-01 10:05:00,28.58546020360121,77.20818469935917,11
20,2026-07-01 10:10:00,28.584287385813944,77.20859077852579,11
20,2026-07-01 10:15:00,28.583200266394883,77.2080333904045,7
20,2026-07-01 10:20:00,28.583086609552385,77.20963251364533,11
20,2026-07-01 10:25:00,28.583387814271475,77.20873852317087,12
20,2026-07-01 10:30:00,28.583665939761012,77.20711263114349,7
20,2026-07-01 10:35:00,28.581563339069092,77.2064390914956,7
20,2026-07-01 10:40:00,28.581344061548407,77.20895861031546,4
20,2026-07-01 10:45:00,28.580501548958434,77.20989681793601,9
20,2026-07-01 10:50:00,28.579805087868646,77.2117610174619,12
20,2026-07-01 10:55:00,28.578813489429063,77.20918308626962,11
20,2026-07-01 11:00:00,28.578210688723697,77.20965105029525,16
20,2026-07-01 11:05:00,28.577457571393076,77.2085281356178,16
20,2026-07-01 11:10:00,28.57910436350183,77.2083499675275,12
20,2026-07-01 11:15:00,28.578884643746964,77.20750118202719,11
20,2026-07-01 11:20:00,28.57885369837211,77.20762172105266,11
20,2026-07-01 11:25:00,28.577676212398504,77.20766401214667,12
20,2026-07-01 11:30:00,28.57698559204508,77.20671529877214,15
20,2026-07-01 11:35:00,28.577367909777124,77.20625738051704,13
20,2026-07-01 11:40:00,28.57706447038999,77.2054567393526,10
20,2026-07-01 11:45:00,28.575871094621444,77.2036235689009,8
20,2026-07-01 11:50:00,28.576497054270224,77.20385763489195,4
20,2026-07-01 11:55:00,28.57644613109276,77.2044207348195,8
20,2026-07-01 12:00:00,28.57685786319825,77.20414735732211,6
20,2026-07-01 12:05:00,28.576690904367595,77.20298377842211,1
20,2026-07-01 12:10:00,28.579406053684817,77.20143080861637,0
20,2026-07-01 12:15:00,28.57999915578076,77.20248340179074,0
20,2026-07-01 12:20:00,28.577938957233545,77.20282532340133,0
20,2026-07-01 12:25:00,28.57844150348,77.20403741412065,5
20,2026-07-01 12:30:00,28.57938649258337,77.20445112683427,7
20,2026-07-01 12:35:00,28.580910094397062,77.20378817114444,6
20,2026-07-01 12:40:00,28.582680007464717,77.2046981336853,11
20,2026-07-01 12:45:00,28.582383405856692,77.2055776008721,15
20,2026-07-01 12:50:00,28.582413955936055,77.20610504833323,14
20,2026-07-01 12:55:00,28.58392287483032,77.20722338647002,10
20,2026-07-01 13:00:00,28.584575904383616,77.20646900361065,6
20,2026-07-01 13:05:00,28.58488551918758,77.20685412758456,9
20,2026-07-01 13:10:00,28.583608434625248,77.20577093913789,11
20,2026-07-01 13:15:00,28.581576293848375,77.20718681440472,11
20,2026-07-01 13:20:00,28.57886977539056,77.20671614016847,9
20,2026-07-01 13:25:00,28.57994706906358,77.20669827801358,7
20,2026-07-01 13:30:00,28.58140181859895,77.20857903915977,10
20,2026-07-01 13:35:00,28.58318117172471,77.20943986850008,8
20,2026-07-01 13:40:00,28.58367030228136,77.20949503913795,12
20,2026-07-01 13:45:00,28.585089571450723,77.2089709711143,16
20,2026-07-01 13:50:00,28.58264642614549,77.20896710883551,13
20,2026-07-01 13:55:00,28.583339561347554,77.20901756160887,13
20,2026-07-01 14:00:00,28.58379394861798,77.2092475287225,14
20,2026-07-01 14:05:00,28.582347832193076,77.21089160366054,16
20,2026-07-01 14:10:00,28.58462207234429,77.21122677914464,18
20,2026-07-01 14:15:00,28.585620117565924,77.21139683733618,19
20,2026-07-01 14:20:00,28.5835587121419,77.21182719997769,19
20,2026-07-01 14:25:00,28.58492000526634,77.21033646059797,23
20,2026-07-01 14:30:00,28.585848336999717,77.21040627904884,26
20,2026-07-01 14:35:00,28.585031135930215,77.21129669763432,29
20,2026-07-01 14:40:00,28.585557738144566,77.21218419932764,31
20,2026-07-01 14:45:00,28.585445462275917,77.2113471792312,31
20,2026-07-01 14:50:00,28.58508877362263,77.21062443262491,26
20,2026-07-01 14:55:00,28.586774475376664,77.20997819030076,28
20,2026-07-01 15:00:00,28.58728495289547,77.21163215784154,28
20,2026-07-01 15:05:00,28.586863922549608,77.21013460888038,25
20,2026-07-01 15:10:00,28.588260078348092,77.21097791850869,25
20,2026-07-01 15:15:00,28.588788114352642,77.21020948299179,21
20,2026-07-01 15:20:00,28.589943215531015,77.21002393250878,21
20,2026-07-01 15:25:00,28.590701077499453,77.20975006771536,24
20,2026-07-01 15:30:00,28.59026536666707,77.2097171932302,28
20,2026-07-01 15:35:00,28.591519856861222,77.20988030594157,25
20,2026-07-01 15:40:00,28.59150964856461,77.21016204649003,28
20,2026-07-01 15:45:00,28.591361425675768,77.2106673078332,32
20,2026-07-01 15:50:00,28.5918363796912,77.21033536920802,29
20,2026-07-01 15:55:00,28.592100354000635,77.20905151532116,28
20,2026-07-01 16:00:00,28.591823056112137,77.21017883605688,27
20,2026-07-01 16:05:00,28.59293551812672,77.20942504696629,28
20,2026-07-01 16:10:00,28.59059779098619,77.21051766555755,27
20,2026-07-01 16:15:00,28.591639981563173,77.21075095059864,32
20,2026-07-01 16:20:00,28.593667603059423,77.21167624365235,37
20,2026-07-01 16:25:00,28.593121379374956,77.21115584066212,32
20,2026-07-01 16:30:00,28.591976292350246,77.21201443120805,32
20,2026-07-01 16:35:00,28.59093008625317,77.21082716098239,33
21,2026-07-01 00:00:00,28.603931328655896,77.22160539134363,49
21,2026-07-01 00:05:00,28.60583881932845,77.22062802722614,51
21,2026-07-01 00:10:00,28.606216774971312,77.22026053939759,51
21,2026-07-01 00:15:00,28.606231469066856,77.22064670589559,55
21,2026-07-01 00:20:00,28.606351192916854,77.22142589065623,52
21,2026-07-01 00:25:00,28.605816665326916,77.22151840196521,53
21,2026-07-01 00:30:00,28.60628077811784,77.21999609478274,53
21,2026-07-01 00:35:00,28.60562703608803,77.22091149775324,51
21,2026-07-01 00:40:00,28.606369563045217,77.22018594087022,51
21,2026-07-01 00:45:00,28.60720110571029,77.22030720153258,50
21,2026-07-01 00:50:00,28.60823811103466,77.2200317192174,52
21,2026-07-01 00:55:00,28.60915790235871,77.21893592731834,54
21,2026-07-01 01:00:00,28.609120002696493,77.21901011292987,51
21,2026-07-01 01:05:00,28.609998736869496,77.21845861252388,48
21,2026-07-01 01:10:00,28.610234394457482,77.21809246468307,48
21,2026-07-01 01:15:00,28.608975023182516,77.2176882413927,46
21,2026-07-01 01:20:00,28.608524282905215,77.21568653539097,44
21,2026-07-01 01:25:00,28.60977434738896,77.21541141509779,43
21,2026-07-01 01:30:00,28.61051486754226,77.21636680809425,47
21,2026-07-01 01:35:00,28.609849252490736,77.21611574992605,42
21,2026-07-01 01:40:00,28.610543578871887,77.21868850231529,45
21,2026-07-01 01:45:00,28.611106198750623,77.21758526603685,46
21,2026-07-01 01:50:00,28.61170199822604,77.21645400504346,50
21,2026-07-01 01:55:00,28.612263796390366,77.21671663741057,45
21,2026-07-01 02:00:00,28.611193798499855,77.21626751417942,41
21,2026-07-01 02:05:00,28.611900898387344,77.21609151637665,40
21,2026-07-01 02:10:00,28.610885235156463,77.21662972798214,36
21,2026-07-01 02:15:00,28.612652992514423,77.21561780067277,36
21,2026-07-01 02:20:00,28.611533806182262,77.21697574082843,33
21,2026-07-01 02:25:00,28.61075953625986,77.21675207425663,31
21,2026-07-01 02:30:00,28.610845352579418,77.2167958659045,34
21,2026-07-01 02:35:00,28.612322818665,77.21570287579101,36
21,2026-07-01 02:40:00,28.612151008201195,77.21555624401697,34
21,2026-07-01 02:45:00,28.613519723689684,77.21651714587261,34
21,2026-07-01 02:50:00,28.61458438254009,77.21879645870746,38
21,2026-07-01 02:55:00,28.615964414123937,77.21899715569312,42
21,2026-07-01 03:00:00,28.61738425124733,77.22102760436076,43
21,2026-07-01 03:05:00,28.61538210869409,77.21985895693082,45
21,2026-07-01 03:10:00,28.614704818358973,77.22078992881667,45
21,2026-07-01 03:15:00,28.614234562642707,77.22228847517734,44
21,2026-07-01 03:20:00,28.61333424573459,77.222223276293,44
21,2026-07-01 03:25:00,28.614386165397576,77.22243126595592,43
21,2026-07-01 03:30:00,28.61394661104249,77.22301178450151,40
21,2026-07-01 03:35:00,28.614075563090434,77.22298377853792,45
21,2026-07-01 03:40:00,28.613089548947734,77.22156083889737,45
21,2026-07-01 03:45:00,28.61285013677205,77.22101416865489,41
21,2026-07-01 03:50:00,28.613317836144972,77.22034540172506,36
21,2026-07-01 03:55:00,28.613321418746803,77.22015073803003,36
21,2026-07-01 04:00:00,28.613330123076455,77.21820256425117,37
21,2026-07-01 04:05:00,28.611839458530156,77.2184252800908,42
21,2026-07-01 04:10:00,28.611852879015544,77.21841199700184,46
21,2026-07-01 04:15:00,28.612374897626143,77.2179824911571,50
21,2026-07-01 04:20:00,28.612334692891608,77.21748049919692,48
21,2026-07-01 04:25:00,28.613116942931548,77.21852310362854,47
21,2026-07-01 04:30:00,28.61297452219646,77.21944688148119,44
21,2026-07-01 04:35:00,28.61350142502514,77.21778187824611,48
21,2026-07-01 04:40:00,28.613183124011037,77.2172402574828,48
21,2026-07-01 04:45:00,28.612124891862344,77.21754844925638,51
21,2026-07-01 04:50:00,28.611805913560005,77.21615559799982,53
21,2026-07-01 04:55:00,28.612579461175113,77.21510465683363,49
21,2026-07-01 05:00:00,28.61272557026844,77.21518278090223,46
21,2026-07-01 05:05:00,28.611061728066602,77.21413409429059,47
21,2026-07-01 05:10:00,28.610072855718965,77.21364322139569,42
21,2026-07-01 05:15:00,28.61013252090461,77.21186943866527,44
21,2026-07-01 05:20:00,28.6081890777523,77.21116317231737,40
21,2026-07-01 05:25:00,28.607502473220453,77.21031748300592,41
21,2026-07-01 05:30:00,28.607207470511938,77.21021999777994,39
21,2026-07-01 05:35:00,28.60712289495459,77.20976013683895,36
21,2026-07-01 05:40:00,28.608346688577104,77.21070943333733,36
21,2026-07-01 05:45:00,28.608169332028464,77.21090289870831,38
21,2026-07-01 05:50:00,28.609288108843717,77.21064286853382,43
21,2026-07-01 05:55:00,28.61118875788544,77.21103616367199,43
21,2026-07-01 06:00:00,28.609851083699354,77.2116483352906,45
21,2026-07-01 06:05:00,28.60960870824125,77.21261054586918,42
21,2026-07-01 06:10:00,28.609248923023944,77.21421857644145,39
21,2026-07-01 06:15:00,28.60937596571596,77.21322401719512,43
21,2026-07-01 06:20:00,28.609557437932818,77.21270278563728,45
21,2026-07-01 06:25:00,28.60885168237059,77.21244217730494,48
21,2026-07-01 06:30:00,28.61019859783446,77.21356532740542,43
21,2026-07-01 06:35:00,28.61058092816226,77.21467264559193,41
21,2026-07-01 06:40:00,28.611358663209508,77.21474733143457,46
21,2026-07-01 06:45:00,28.61249707963587,77.2155700920554,45
21,2026-07-01 06:50:00,28.61249862360428,77.21784993753838,47
21,2026-07-01 06:55:00,28.611465968587986,77.21766602602102,50
21,2026-07-01 07:00:00,28.611631460152118,77.21863216568188,53
21,2026-07-01 07:05:00,28.61257665314013,77.2174379658424,57
21,2026-07-01 07:10:00,28.61456186595897,77.21678150692209,54
21,2026-07-01 07:15:00,28.613024547109173,77.21721303842324,51
21,2026-07-01 07:20:00,28.61325302928689,77.21712687631914,52
21,2026-07-01 07:25:00,28.612929359845555,77.21723343821054,47
21,2026-07-01 07:30:00,28.614470112222072,77.21670695585574,49
21,2026-07-01 07:35:00,28.613403841850687,77.21588766557016,52
21,2026-07-01 07:40:00,28.613320763409725,77.21569007100145,54
21,2026-07-01 07:45:00,28.611531422830733,77.21617058362521,49
21,2026-07-01 07:50:00,28.611600508023457,77.21335995530859,45
21,2026-07-01 07:55:00,28.612206659894994,77.21296583083803,43
21,2026-07-01 08:00:00,28.611095766502157,77.21369302236837,39
21,2026-07-01 08:05:00,28.61070827518725,77.21440552681047,44
21,2026-07-01 08:10:00,28.60820518646376,77.21383752499035,40
21,2026-07-01 08:15:00,28.60673089340825,77.21280182231254,42
21,2026-07-01 08:20:00,28.607004932248902,77.21253589811847,44
21,2026-07-01 08:25:00,28.608231451445153,77.21431344300196,48
21,2026-07-01 08:30:00,28.60745063684807,77.21652484657788,51
21,2026-07-01 08:35:00,28.60873976868351,77.21718125314338,47
21,2026-07-01 08:40:00,28.609239148344127,77.21645471692942,47
21,2026-07-01 08:45:00,28.606981755361915,77.21635887255871,45
21,2026-07-01 08:50:00,28.607355908020903,77.21706081481751,44
21,2026-07-01 08:55:00,28.606573463307225,77.21842522099107,45
21,2026-07-01 09:00:00,28.60696211055326,77.21815659936713,42
21,2026-07-01 09:05:00,28.608480905771152,77.21844298432806,44
21,2026-07-01 09:10:00,28.607993738588124,77.21622537524792,48
21,2026-07-01 09:15:00,28.609783930405502,77.2168295966369,43
21,2026-07-01 09:20:00,28.609674304555014,77.21696245531956,38
21,2026-07-01 09:25:00,28.609814269365938,77.2174227628351,36
21,2026-07-01 09:30:00,28.6097330761818,77.21825809627046,35
21,2026-07-01 09:35:00,28.611631603035157,77.21836186679154,38
21,2026-07-01 09:40:00,28.612193047496017,77.21789472609322,36
21,2026-07-01 09:45:00,28.61138758597671,77.21938485145382,40
21,2026-07-01 09:50:00,28.612576392217903,77.21871980553583,43
21,2026-07-01 09:55:00,28.611185618781132,77.21900268873586,45
21,2026-07-01 10:00:00,28.608772170610848,77.21946070428734,40
21,2026-07-01 10:05:00,28.608590332969257,77.21702323455091,40
21,2026-07-01 10:10:00,28.60838701468384,77.2181454378842,37
21,2026-07-01 10:15:00,28.60753141246203,77.21881580529008,40
21,2026-07-01 10:20:00,28.606741858776513,77.21955344449013,42
21,2026-07-01 10:25:00,28.6078884715076,77.22000760633964,46
21,2026-07-01 10:30:00,28.6084494182057,77.22114689096986,47
21,2026-07-01 10:35:00,28.60934162807851,77.22136501533954,43
21,2026-07-01 10:40:00,28.608856186709406,77.2202555397947,42
21,2026-07-01 10:45:00,28.6097870740922,77.22206606227313,38
21,2026-07-01 10:50:00,28.609151466443002,77.22198891183275,34
21,2026-07-01 10:55:00,28.60797011147842,77.2217916611924,37
21,2026-07-01 11:00:00,28.607614619815504,77.21973707916753,36
21,2026-07-01 11:05:00,28.60788823439667,77.21913657253212,36
21,2026-07-01 11:10:00,28.608443163826085,77.21855431515237,33
21,2026-07-01 11:15:00,28.60765544139282,77.21878060741962,28
21,2026-07-01 11:20:00,28.607671020406627,77.21902604014385,25
21,2026-07-01 11:25:00,28.607308164779255,77.21749857878773,26
21,2026-07-01 11:30:00,28.60926655579693,77.21682187157545,29
21,2026-07-01 11:35:00,28.61102577240049,77.21636960073626,32
21,2026-07-01 11:40:00,28.612379102916346,77.21591488671002,34
21,2026-07-01 11:45:00,28.613813103920076,77.21502824754081,30
21,2026-07-01 11:50:00,28.613849590686417,77.21338706680194,35
21,2026-07-01 11:55:00,28.613940174609898,77.21413970533642,40
21,2026-07-01 12:00:00,28.612819063725908,77.21530906075998,40
21,2026-07-01 12:05:00,28.613496700827834,77.2153013866963,38
21,2026-07-01 12:10:00,28.61188252449287,77.21773032143437,35
21,2026-07-01 12:15:00,28.61310054729759,77.21876499483167,32
21,2026-07-01 12:20:00,28.612570779591668,77.21956985076986,29
21,2026-07-01 12:25:00,28.61090825508953,77.218072861781,33
21,2026-07-01 12:30:00,28.610608158393443,77.21907194684098,32
21,2026-07-01 12:35:00,28.610097474455248,77.21994367126517,35
21,2026-07-01 12:40:00,28.610318369323256,77.22052332262191,39
21,2026-07-01 12:45:00,28.611129095990496,77.22227672724922,40
21,2026-07-01 12:50:00,28.61033613554541,77.22196661141844,36
21,2026-07-01 12:55:00,28.610850589256803,77.22226266162257,41
21,2026-07-01 13:00:00,28.609609680191294,77.22186232390429,38
21,2026-07-01 13:05:00,28.609641945002064,77.22096849068365,36
21,2026-07-01 13:10:00,28.61120105625515,77.2215200302029,35
21,2026-07-01 13:15:00,28.609084153663193,77.22276594405152,36
21,2026-07-01 13:20:00,28.610622554404415,77.22203257289709,37
21,2026-07-01 13:25:00,28.610668766008086,77.2227815090109,38
21,2026-07-01 13:30:00,28.611698773587626,77.22451483371617,40
21,2026-07-01 13:35:00,28.612204281345218,77.22449531891341,38
21,2026-07-01 13:40:00,28.61284323815943,77.22378683081189,34
21,2026-07-01 13:45:00,28.61168489512587,77.22206191582796,37
21,2026-07-01 13:50:00,28.610917157107238,77.22130027058903,38
21,2026-07-01 13:55:00,28.61184459125117,77.22290489529708,43
21,2026-07-01 14:00:00,28.612008903909288,77.22238420296253,38
21,2026-07-01 14:05:00,28.611880129654505,77.22097393843435,33
21,2026-07-01 14:10:00,28.612516088939888,77.22018770216432,32
21,2026-07-01 14:15:00,28.611440082302174,77.22091564355335,35
21,2026-07-01 14:20:00,28.611095099285617,77.22157527710179,32
21,2026-07-01 14:25:00,28.61026873400035,77.22118304749044,27
21,2026-07-01 14:30:00,28.610087000462734,77.2202416660043,25
21,2026-07-01 14:35:00,28.61006783996515,77.21971738439464,30
21,2026-07-01 14:40:00,28.610341499850296,77.22080790314828,34
21,2026-07-01 14:45:00,28.608093003315798,77.21968280682125,38
21,2026-07-01 14:50:00,28.607567026249864,77.21981010515734,40
21,2026-07-01 14:55:00,28.607421992558336,77.21968841647166,39
21,2026-07-01 15:00:00,28.609717717159484,77.22097353274589,43
21,2026-07-01 15:05:00,28.608858530861625,77.22024651987745,48
21,2026-07-01 15:10:00,28.605839974091058,77.22182546497017,53
21,2026-07-01 15:15:00,28.60466168507713,77.22138121584865,49
21,2026-07-01 15:20:00,28.60465209881046,77.219260603393,44
21,2026-07-01 15:25:00,28.60412348884622,77.22116288653335,43
21,2026-07-01 15:30:00,28.604513434445604,77.22123777411772,47
21,2026-07-01 15:35:00,28.60377227177697,77.2220455136737,45
21,2026-07-01 15:40:00,28.60347436044897,77.22399034231528,50
21,2026-07-01 15:45:00,28.6018226094213,77.22424935036886,53
21,2026-07-01 15:50:00,28.60156384500943,77.22375229788203,53
21,2026-07-01 15:55:00,28.599512822520904,77.22469927268291,56
21,2026-07-01 16:00:00,28.59946480938776,77.22571691715515,51
21,2026-07-01 16:05:00,28.599662358015813,77.22591782809248,47
21,2026-07-01 16:10:00,28.59858794446715,77.22492483373891,51
21,2026-07-01 16:15:00,28.598878032366784,77.22496873427204,53
21,2026-07-01 16:20:00,28.598830988918486,77.22642304437383,48
21,2026-07-01 16:25:00,28.59819084241339,77.22693105666488,52
21,2026-07-01 16:30:00,28.597691436724382,77.22356576074505,47
21,2026-07-01 16:35:00,28.59658035490267,77.22196866286377,45
22,2026-07-01 00:00:00,28.61898097919708,77.18286774562367,40
22,2026-07-01 00:05:00,28.618976061122012,77.18327937907708,45
22,2026-07-01 00:10:00,28.619384904333828,77.18277979643676,48
22,2026-07-01 00:15:00,28.618832113416282,77.18218449073906,50
22,2026-07-01 00:20:00,28.618962816566874,77.1820922233873,55
22,2026-07-01 00:25:00,28.618890250079914,77.18124231513454,54
22,2026-07-01 00:30:00,28.618200973456762,77.18055731898441,52
22,2026-07-01 00:35:00,28.615551536975453,77.18089653946373,51
22,2026-07-01 00:40:00,28.615033731710124,77.18140744284281,54
22,2026-07-01 00:45:00,28.613754083861775,77.18028324274586,51
22,2026-07-01 00:50:00,28.61297740419171,77.17962268540859,55
22,2026-07-01 00:55:00,28.612619437302957,77.17997161923594,51
22,2026-07-01 01:00:00,28.61376769514554,77.18060285675593,50
22,2026-07-01 01:05:00,28.614195919322245,77.18077874281168,51
22,2026-07-01 01:10:00,28.6153581103749,77.1816800390229,56
22,2026-07-01 01:15:00,28.615153403141377,77.18129354413257,53
22,2026-07-01 01:20:00,28.61439499535002,77.18239281378304,57
22,2026-07-01 01:25:00,28.6125783352465,77.18318285698717,52
22,2026-07-01 01:30:00,28.612566796640376,77.18226068566975,47
22,2026-07-01 01:35:00,28.611881610761966,77.18223242791645,42
22,2026-07-01 01:40:00,28.610438649321818,77.18140931890933,41
22,2026-07-01 01:45:00,28.60997022537533,77.18139778989969,42
22,2026-07-01 01:50:00,28.61062251037098,77.17906687159817,38
22,2026-07-01 01:55:00,28.611311223115536,77.1796766093215,43
22,2026-07-01 02:00:00,28.610469864418864,77.17844591209564,45
22,2026-07-01 02:05:00,28.61186687497385,77.17877644026855,41
22,2026-07-01 02:10:00,28.611006173504737,77.17774028152657,42
22,2026-07-01 02:15:00,28.611732413378007,77.17677669012154,41
22,2026-07-01 02:20:00,28.61201866464931,77.17582970917701,37
22,2026-07-01 02:25:00,28.612905940839266,77.17497167587372,33
22,2026-07-01 02:30:00,28.614332776981023,77.17484501499219,37
22,2026-07-01 02:35:00,28.614000825549912,77.1754983930067,42
22,2026-07-01 02:40:00,28.6122450676548,77.17571429687723,39
22,2026-07-01 02:45:00,28.609823175657517,77.17458176978471,42
22,2026-07-01 02:50:00,28.60830876159512,77.17513047026111,40
22,2026-07-01 02:55:00,28.610478032330246,77.1749647889322,38
22,2026-07-01 03:00:00,28.612030861650446,77.17335144953046,40
22,2026-07-01 03:05:00,28.61088772864925,77.17347128894559,37
22,2026-07-01 03:10:00,28.61085230850856,77.17294422282735,32
22,2026-07-01 03:15:00,28.613634180313937,77.17373949011386,27
22,2026-07-01 03:20:00,28.612655047347257,77.1735648633083,32
22,2026-07-01 03:25:00,28.61251598174879,77.17482982686808,35
22,2026-07-01 03:30:00,28.612469781918037,77.17501195595439,36
22,2026-07-01 03:35:00,28.61142408694716,77.17480303799702,40
22,2026-07-01 03:40:00,28.610813921276673,77.17539587216766,43
22,2026-07-01 03:45:00,28.6105330575211,77.17486663646713,38
22,2026-07-01 03:50:00,28.609850343204947,77.17395662657867,34
22,2026-07-01 03:55:00,28.607357953553365,77.17461647619078,39
22,2026-07-01 04:00:00,28.607656086950573,77.17479879257101,43
22,2026-07-01 04:05:00,28.60799883595601,77.17538812985575,42
22,2026-07-01 04:10:00,28.60789067232082,77.17511055754719,44
22,2026-07-01 04:15:00,28.608923668399918,77.17373439053077,44
22,2026-07-01 04:20:00,28.60737297169937,77.17389186532611,42
22,2026-07-01 04:25:00,28.605219383586427,77.17411628536449,44
22,2026-07-01 04:30:00,28.60519895684418,77.17475645607537,44
22,2026-07-01 04:35:00,28.60445086586133,77.17504811500856,43
22,2026-07-01 04:40:00,28.60369134110807,77.17550390707162,38
22,2026-07-01 04:45:00,28.60478465448674,77.1762599548476,33
22,2026-07-01 04:50:00,28.605928590800122,77.17719534699765,31
22,2026-07-01 04:55:00,28.607759334624955,77.17768854268614,32
22,2026-07-01 05:00:00,28.60635476015329,77.17689412156929,28
22,2026-07-01 05:05:00,28.606000169520787,77.17634856896656,33
22,2026-07-01 05:10:00,28.607797295337413,77.17651968993387,37
22,2026-07-01 05:15:00,28.608487353677223,77.17631847445598,34
22,2026-07-01 05:20:00,28.60808132452281,77.17685565427053,39
22,2026-07-01 05:25:00,28.608319924596078,77.17578249512569,37
22,2026-07-01 05:30:00,28.608381947774035,77.17479914026865,37
22,2026-07-01 05:35:00,28.609006765597087,77.17560408284228,36
22,2026-07-01 05:40:00,28.608712741858845,77.17486005601977,32
22,2026-07-01 05:45:00,28.607499330758024,77.17667686479335,31
22,2026-07-01 05:50:00,28.607824582433878,77.17785612795193,35
22,2026-07-01 05:55:00,28.606664641801455,77.17845839321403,31
22,2026-07-01 06:00:00,28.606715480328067,77.17866837249478,28
22,2026-07-01 06:05:00,28.60784115286475,77.17713463839311,26
22,2026-07-01 06:10:00,28.608925630389606,77.17692274886191,31
22,2026-07-01 06:15:00,28.610288157759264,77.17564117140286,27
22,2026-07-01 06:20:00,28.611393639111608,77.17316448984683,22
22,2026-07-01 06:25:00,28.611852930458358,77.1739583667484,27
22,2026-07-01 06:30:00,28.611678486524074,77.17321093749514,26
22,2026-07-01 06:35:00,28.61178615527978,77.17093923297715,31
22,2026-07-01 06:40:00,28.61248786067657,77.17106451844043,33
22,2026-07-01 06:45:00,28.611123670449423,77.17320124407614,37
22,2026-07-01 06:50:00,28.611248046571724,77.1747993549719,34
22,2026-07-01 06:55:00,28.612799484337614,77.17506383537297,32
22,2026-07-01 07:00:00,28.613515538672505,77.17629950265898,36
22,2026-07-01 07:05:00,28.611847873406315,77.17729006948642,41
22,2026-07-01 07:10:00,28.611496592603935,77.17751983061491,38
22,2026-07-01 07:15:00,28.61101312358396,77.17820595222369,34
22,2026-07-01 07:20:00,28.612117052062967,77.17936050524247,35
22,2026-07-01 07:25:00,28.61148305859971,77.17900053682105,32
22,2026-07-01 07:30:00,28.611192917696894,77.17884276864076,29
22,2026-07-01 07:35:00,28.612000308107547,77.17869581186532,33
22,2026-07-01 07:40:00,28.611315449448057,77.17776818770501,33
22,2026-07-01 07:45:00,28.609558108810983,77.17778961827639,29
22,2026-07-01 07:50:00,28.611029423788743,77.17772345672259,29
22,2026-07-01 07:55:00,28.611148735422613,77.17794082884929,29
22,2026-07-01 08:00:00,28.61042108159883,77.17764102608233,30
22,2026-07-01 08:05:00,28.609849153052632,77.17845635024914,27
22,2026-07-01 08:10:00,28.61026786761151,77.1770694707786,31
22,2026-07-01 08:15:00,28.61153889771094,77.17674239734774,35
22,2026-07-01 08:20:00,28.61095803638088,77.17573910159284,30
22,2026-07-01 08:25:00,28.6101943337217,77.17670964904399,35
22,2026-07-01 08:30:00,28.6080604964337,77.17511429815173,39
22,2026-07-01 08:35:00,28.6074051689105,77.17530926585772,36
22,2026-07-01 08:40:00,28.606813346033796,77.17508193827041,34
22,2026-07-01 08:45:00,28.608246977378187,77.17620094903876,36
22,2026-07-01 08:50:00,28.60738088862098,77.17500306614684,31
22,2026-07-01 08:55:00,28.60597699526958,77.17545338497362,30
22,2026-07-01 09:00:00,28.60461501694035,77.17789105546206,33
22,2026-07-01 09:05:00,28.60483585871064,77.17784823108298,33
22,2026-07-01 09:10:00,28.6067989767458,77.17585856377235,38
22,2026-07-01 09:15:00,28.605894503702196,77.1752897749314,39
22,2026-07-01 09:20:00,28.60529722476635,77.17590635428371,41
22,2026-07-01 09:25:00,28.60596745960694,77.17549309136479,40
22,2026-07-01 09:30:00,28.604747373813694,77.1743408960637,38
22,2026-07-01 09:35:00,28.605425923468314,77.1724660304082,40
22,2026-07-01 09:40:00,28.604422235885842,77.17283155377758,37
22,2026-07-01 09:45:00,28.603819949531175,77.17228283743624,37
22,2026-07-01 09:50:00,28.60296833229099,77.17324896276178,32
22,2026-07-01 09:55:00,28.603193654508388,77.17459657984757,33
22,2026-07-01 10:00:00,28.603681176567083,77.17630069036844,35
22,2026-07-01 10:05:00,28.6043384976622,77.17661495779024,31
22,2026-07-01 10:10:00,28.603320243760784,77.1755289946195,28
22,2026-07-01 10:15:00,28.604238662065356,77.17416144086324,25
22,2026-07-01 10:20:00,28.603011532928445,77.17456408082023,25
22,2026-07-01 10:25:00,28.602857329418732,77.17465393909306,30
22,2026-07-01 10:30:00,28.60169188789251,77.17612460108371,29
22,2026-07-01 10:35:00,28.600580398323658,77.17617154758476,27
22,2026-07-01 10:40:00,28.601499840740082,77.1772776401076,22
22,2026-07-01 10:45:00,28.601467609051323,77.1757728552155,22
22,2026-07-01 10:50:00,28.601393624269786,77.17536353500091,17
22,2026-07-01 10:55:00,28.603245915223855,77.17506668010718,17
22,2026-07-01 11:00:00,28.60284308179538,77.17489735125007,17
22,2026-07-01 11:05:00,28.603278750314022,77.17655561361067,16
22,2026-07-01 11:10:00,28.604419541761576,77.17345746645616,13
22,2026-07-01 11:15:00,28.60520601220064,77.1733937403058,10
22,2026-07-01 11:20:00,28.604963283332427,77.17439377775162,13
22,2026-07-01 11:25:00,28.604232459381446,77.17548921633013,16
22,2026-07-01 11:30:00,28.604494475955804,77.17642263928461,20
22,2026-07-01 11:35:00,28.60574041084158,77.17745458198158,18
22,2026-07-01 11:40:00,28.606009116294526,77.1769396496186,13
22,2026-07-01 11:45:00,28.60571043823148,77.17764859795139,8
22,2026-07-01 11:50:00,28.606474341140057,77.17725820348427,10
22,2026-07-01 11:55:00,28.607686495738424,77.17660591863954,8
22,2026-07-01 12:00:00,28.607752514487768,77.17546052691765,7
22,2026-07-01 12:05:00,28.607592064444503,77.17518041590989,5
22,2026-07-01 12:10:00,28.607873782329634,77.17524055788581,8
22,2026-07-01 12:15:00,28.608664526336874,77.17328812477761,9
22,2026-07-01 12:20:00,28.60801426256612,77.17400106883707,7
22,2026-07-01 12:25:00,28.608921096712493,77.1725492340919,12
22,2026-07-01 12:30:00,28.608909640825594,77.17145899638277,10
22,2026-07-01 12:35:00,28.609692447650588,77.17238300744002,12
22,2026-07-01 12:40:00,28.610687974342262,77.17230155145224,12
22,2026-07-01 12:45:00,28.61118520749362,77.17279668932228,8
22,2026-07-01 12:50:00,28.612289685197457,77.17266953072541,11
22,2026-07-01 12:55:00,28.612349821253172,77.17363797213376,11
22,2026-07-01 13:00:00,28.612273543101434,77.17197639114458,6
22,2026-07-01 13:05:00,28.613429006545466,77.17167141120184,7
22,2026-07-01 13:10:00,28.616030777016785,77.17384017236976,10
22,2026-07-01 13:15:00,28.617665540502482,77.17469064007328,5
22,2026-07-01 13:20:00,28.61796851237607,77.17410147968529,10
22,2026-07-01 13:25:00,28.616882990326268,77.17276450337893,13
22,2026-07-01 13:30:00,28.61695881325725,77.1709954156469,14
22,2026-07-01 13:35:00,28.617122261003868,77.17112426526826,14
22,2026-07-01 13:40:00,28.61865576184485,77.17072924340383,15
22,2026-07-01 13:45:00,28.620540192862755,77.17009525194537,16
22,2026-07-01 13:50:00,28.617834789230262,77.1705745146792,13
22,2026-07-01 13:55:00,28.61776933525184,77.17173739237295,15
22,2026-07-01 14:00:00,28.617711204270538,77.1718695199086,13
22,2026-07-01 14:05:00,28.617066239217685,77.17273811415448,15
22,2026-07-01 14:10:00,28.616934747405697,77.17193431070683,16
22,2026-07-01 14:15:00,28.617028504584603,77.17285626226409,11
22,2026-07-01 14:20:00,28.616169044861156,77.17353563543466,16
22,2026-07-01 14:25:00,28.61573003612791,77.1745757499491,11
22,2026-07-01 14:30:00,28.61573150349935,77.17263795979292,11
22,2026-07-01 14:35:00,28.616370635258036,77.17317595775897,6
22,2026-07-01 14:40:00,28.615817394256197,77.17260225461467,11
22,2026-07-01 14:45:00,28.61748284747603,77.17286535169768,15
22,2026-07-01 14:50:00,28.61841751763413,77.17302929664224,12
22,2026-07-01 14:55:00,28.620023421690668,77.17350419396662,17
22,2026-07-01 15:00:00,28.619304937705508,77.17428765961495,14
22,2026-07-01 15:05:00,28.61815662691799,77.1738324254402,11
22,2026-07-01 15:10:00,28.618343313691295,77.17230661045758,8
22,2026-07-01 15:15:00,28.620232596145545,77.17231798036639,13
22,2026-07-01 15:20:00,28.619226162838373,77.17212613458257,9
22,2026-07-01 15:25:00,28.619124833815555,77.17079197382682,11
22,2026-07-01 15:30:00,28.619643710699417,77.1719498587384,12
22,2026-07-01 15:35:00,28.618879763297173,77.17121984721554,11
22,2026-07-01 15:40:00,28.61991628756758,77.17384127227953,13
22,2026-07-01 15:45:00,28.620073923532853,77.17416143229126,17
22,2026-07-01 15:50:00,28.620126964317123,77.17396393234038,15
22,2026-07-01 15:55:00,28.62019937935485,77.17403184578119,10
22,2026-07-01 16:00:00,28.61842795680341,77.1728019626659,10
22,2026-07-01 16:05:00,28.619403066393925,77.17513543420179,6
22,2026-07-01 16:10:00,28.618614851226624,77.17407749753978,6
22,2026-07-01 16:15:00,28.618400147943937,77.17554519120365,4
22,2026-07-01 16:20:00,28.61767731314876,77.17336964242666,2
22,2026-07-01 16:25:00,28.61867608611762,77.17455259780242,6
22,2026-07-01 16:30:00,28.618429006680813,77.17342293034311,4
22,2026-07-01 16:35:00,28.619454806100762,77.17416545294904,4
23,2026-07-01 00:00:00,28.594419685022064,77.20761209017842,53
23,2026-07-01 00:05:00,28.5949512810493,77.21001282728714,57
23,2026-07-01 00:10:00,28.594881429181118,77.2092153417898,54
23,2026-07-01 00:15:00,28.59440118566127,77.21060520549216,53
23,2026-07-01 00:20:00,28.595402428669363,77.21139900495167,54
23,2026-07-01 00:25:00,28.594878208455246,77.2124177094492,50
23,2026-07-01 00:30:00,28.59464487812799,77.21388191208038,49
23,2026-07-01 00:35:00,28.592975587598048,77.214594098738,53
23,2026-07-01 00:40:00,28.59332495115153,77.21493619821956,58
23,2026-07-01 00:45:00,28.593104153068396,77.21537382611336,55
23,2026-07-01 00:50:00,28.593176291122248,77.2176885584179,52
23,2026-07-01 00:55:00,28.593430997215265,77.21676467321393,50
23,2026-07-01 01:00:00,28.593352666366336,77.21624920394085,45
23,2026-07-01 01:05:00,28.592022680975397,77.21667438842081,50
23,2026-07-01 01:10:00,28.593249340809706,77.21712587690328,53
23,2026-07-01 01:15:00,28.59190808108247,77.21766438005992,52
23,2026-07-01 01:20:00,28.593297524215988,77.21842572862329,56
23,2026-07-01 01:25:00,28.59373777512961,77.21951910305232,57
23,2026-07-01 01:30:00,28.59379115940209,77.22014720602215,61
23,2026-07-01 01:35:00,28.593549239743353,77.21933582752125,58
23,2026-07-01 01:40:00,28.59219658292937,77.21926240704056,60
23,2026-07-01 01:45:00,28.591969920725646,77.21991155476164,57
23,2026-07-01 01:50:00,28.593939366106977,77.21917702094329,60
23,2026-07-01 01:55:00,28.5941458516114,77.21933937414155,58
23,2026-07-01 02:00:00,28.59438372676775,77.21908476615555,58
23,2026-07-01 02:05:00,28.59526580158304,77.21886125509653,60
23,2026-07-01 02:10:00,28.595276848575477,77.21769650610419,55
23,2026-07-01 02:15:00,28.595755696148693,77.21766929197182,54
23,2026-07-01 02:20:00,28.59747779695719,77.21616648333578,52
23,2026-07-01 02:25:00,28.598328779635697,77.21692378755955,52
23,2026-07-01 02:30:00,28.597770698031383,77.21675058033573,48
23,2026-07-01 02:35:00,28.598375831047143,77.21647029762265,53
23,2026-07-01 02:40:00,28.59801450319378,77.21660724323128,53
23,2026-07-01 02:45:00,28.599964459713167,77.21676056841055,49
23,2026-07-01 02:50:00,28.59960117848489,77.21706812002091,48
23,2026-07-01 02:55:00,28.599719528686013,77.21626475958814,44
23,2026-07-01 03:00:00,28.599849947793523,77.21592272756068,43
23,2026-07-01 03:05:00,28.59936041112153,77.2158218827423,38
23,2026-07-01 03:10:00,28.59910057600543,77.2154282735438,37
23,2026-07-01 03:15:00,28.599480643446004,77.21599937617239,39
23,2026-07-01 03:20:00,28.60011150720484,77.21461820611343,38
23,2026-07-01 03:25:00,28.601487059118202,77.21405317185297,36
23,2026-07-01 03:30:00,28.60084493194437,77.21202659407636,37
23,2026-07-01 03:35:00,28.600760905087395,77.21185504243732,36
23,2026-07-01 03:40:00,28.60177196817529,77.2117721424466,37
23,2026-07-01 03:45:00,28.60267474924389,77.21130489287451,37
23,2026-07-01 03:50:00,28.602442880737264,77.21096287552871,33
23,2026-07-01 03:55:00,28.602064540216812,77.21144929436056,38
23,2026-07-01 04:00:00,28.60266196975234,77.21141180358883,36
23,2026-07-01 04:05:00,28.60168980154619,77.20993144731082,39
23,2026-07-01 04:10:00,28.5995100128848,77.20987461045861,36
23,2026-07-01 04:15:00,28.600587506695945,77.20941505614361,41
23,2026-07-01 04:20:00,28.600119185178468,77.21113159680114,36
23,2026-07-01 04:25:00,28.600099654789002,77.21041796790793,31
23,2026-07-01 04:30:00,28.601235511733982,77.21219950303914,34
23,2026-07-01 04:35:00,28.60176280165282,77.21182558889309,37
23,2026-07-01 04:40:00,28.601993500084742,77.21245525005197,38
23,2026-07-01 04:45:00,28.601411919321514,77.21159972236403,38
23,2026-07-01 04:50:00,28.601732395473775,77.20952705341371,36
23,2026-07-01 04:55:00,28.603061467570768,77.21151346398999,38
23,2026-07-01 05:00:00,28.603901362305056,77.21164621772806,34
23,2026-07-01 05:05:00,28.604489798485297,77.21208372393153,38
23,2026-07-01 05:10:00,28.60284542404406,77.21411029934514,39
23,2026-07-01 05:15:00,28.602519685150877,77.21422363380904,38
23,2026-07-01 05:20:00,28.602967692150532,77.21482749440787,42
23,2026-07-01 05:25:00,28.602778731646865,77.21609668166673,38
23,2026-07-01 05:30:00,28.604102814016745,77.21497561888539,41
23,2026-07-01 05:35:00,28.603638412235334,77.21639951782264,39
23,2026-07-01 05:40:00,28.602616430577985,77.21768585853728,39
23,2026-07-01 05:45:00,28.60239696648064,77.21745003077403,34
23,2026-07-01 05:50:00,28.602022343661314,77.21696986118982,34
23,2026-07-01 05:55:00,28.60197463550464,77.21638725666926,30
23,2026-07-01 06:00:00,28.60187931205655,77.21582429793786,33
23,2026-07-01 06:05:00,28.60106549841462,77.21600476607969,31
23,2026-07-01 06:10:00,28.601757444442462,77.21615348867044,32
23,2026-07-01 06:15:00,28.600981167958494,77.21898738090238,34
23,2026-07-01 06:20:00,28.60064707518315,77.21873733391054,29
23,2026-07-01 06:25:00,28.60017159044196,77.21807350080772,32
23,2026-07-01 06:30:00,28.60107358389471,77.21730507412619,33
23,2026-07-01 06:35:00,28.60131828432117,77.21960141344212,35
23,2026-07-01 06:40:00,28.601059389850953,77.21961306767996,40
23,2026-07-01 06:45:00,28.602244396834536,77.22067457683714,38
23,2026-07-01 06:50:00,28.60194029096971,77.22132213525154,35
23,2026-07-01 06:55:00,28.600705407342378,77.21987054567299,32
23,2026-07-01 07:00:00,28.602021752179898,77.21696188492851,35
23,2026-07-01 07:05:00,28.602914129314783,77.21568393504319,30
23,2026-07-01 07:10:00,28.601931440387254,77.21509049071831,31
23,2026-07-01 07:15:00,28.600152224999924,77.21580834262895,32
23,2026-07-01 07:20:00,28.599742705531146,77.21660832009687,27
23,2026-07-01 07:25:00,28.601299866420845,77.21679532781835,23
23,2026-07-01 07:30:00,28.602187832872477,77.21650586189702,23
23,2026-07-01 07:35:00,28.602975903274082,77.21616327228288,27
23,2026-07-01 07:40:00,28.601876712183078,77.21796061930804,26
23,2026-07-01 07:45:00,28.60210023594562,77.21647664024857,26
23,2026-07-01 07:50:00,28.602838280475012,77.2161925722884,25
23,2026-07-01 07:55:00,28.600413137560704,77.21873561062758,29
23,2026-07-01 08:00:00,28.600335845351623,77.21696613584882,33
23,2026-07-01 08:05:00,28.599177962919708,77.21709194580231,31
23,2026-07-01 08:10:00,28.59799301097848,77.21869688030407,27
23,2026-07-01 08:15:00,28.597716153886285,77.21905451407763,22
23,2026-07-01 08:20:00,28.59779353716312,77.21842283312748,20
23,2026-07-01 08:25:00,28.598787277425988,77.21816974628646,24
23,2026-07-01 08:30:00,28.59887425283591,77.21795175169554,29
23,2026-07-01 08:35:00,28.599079153693886,77.21767576955243,30
23,2026-07-01 08:40:00,28.59883649367506,77.21757139794758,28
23,2026-07-01 08:45:00,28.598705918217764,77.21803272866062,25
23,2026-07-01 08:50:00,28.598359565194105,77.21693388183463,22
23,2026-07-01 08:55:00,28.598842964473562,77.21812255581679,20
23,2026-07-01 09:00:00,28.597594275988133,77.21762943256522,22
23,2026-07-01 09:05:00,28.599927292406385,77.2189253604268,21
23,2026-07-01 09:10:00,28.598876302033286,77.220511584959,19
23,2026-07-01 09:15:00,28.59714081449812,77.22029870254309,16
23,2026-07-01 09:20:00,28.597235509515833,77.22062362428412,21
23,2026-07-01 09:25:00,28.599486447824365,77.22121555568852,23
23,2026-07-01 09:30:00,28.600630606296157,77.21963726531237,27
23,2026-07-01 09:35:00,28.601988882031353,77.21805434457245,29
23,2026-07-01 09:40:00,28.60224053269703,77.21916553698391,33
23,2026-07-01 09:45:00,28.60232727573485,77.21819067984839,29
23,2026-07-01 09:50:00,28.602804864554404,77.21727341820622,30
23,2026-07-01 09:55:00,28.603797950937135,77.21664972559306,31
23,2026-07-01 10:00:00,28.601921271870236,77.21585067292108,30
23,2026-07-01 10:05:00,28.60181340687174,77.21603249920867,35
23,2026-07-01 10:10:00,28.60034114950826,77.21374747910474,36
23,2026-07-01 10:15:00,28.598729233490953,77.2154189718226,38
23,2026-07-01 10:20:00,28.60123753976401,77.21722583070675,36
23,2026-07-01 10:25:00,28.60133283288317,77.21878154268467,40
23,2026-07-01 10:30:00,28.602310096253472,77.21896123806577,40
23,2026-07-01 10:35:00,28.600340340077278,77.22028432331858,37
23,2026-07-01 10:40:00,28.59975072081472,77.21818641863429,33
23,2026-07-01 10:45:00,28.599667615506302,77.21928308952178,34
23,2026-07-01 10:50:00,28.6001521449892,77.22028826422616,29
23,2026-07-01 10:55:00,28.601299107857454,77.2202233927851,25
23,2026-07-01 11:00:00,28.60138787454331,77.22055472203716,28
23,2026-07-01 11:05:00,28.599931959623845,77.22265848351411,23
23,2026-07-01 11:10:00,28.602559867512042,77.22433856920236,26
23,2026-07-01 11:15:00,28.600435840436162,77.22364855660254,24
23,2026-07-01 11:20:00,28.59936116283818,77.22429429445292,22
23,2026-07-01 11:25:00,28.600145144380406,77.2240844364243,25
23,2026-07-01 11:30:00,28.600595628305157,77.22288678890612,30
23,2026-07-01 11:35:00,28.598836278816375,77.22337091682617,29
23,2026-07-01 11:40:00,28.598468597692914,77.22250586439608,31
23,2026-07-01 11:45:00,28.59837100380276,77.22082248226305,28
23,2026-07-01 11:50:00,28.599168858437302,77.22060045812209,30
23,2026-07-01 11:55:00,28.59708867046466,77.22087943622401,29
23,2026-07-01 12:00:00,28.59635748622375,77.21936033093277,27
23,2026-07-01 12:05:00,28.59408905179072,77.2166937643906,27
23,2026-07-01 12:10:00,28.595271952280108,77.21720074073643,22
23,2026-07-01 12:15:00,28.59723071265307,77.21663309209372,23
23,2026-07-01 12:20:00,28.598964166119675,77.21601143008867,28
23,2026-07-01 12:25:00,28.599089203793202,77.21623854547295,24
23,2026-07-01 12:30:00,28.597934380925476,77.21556274461952,19
23,2026-07-01 12:35:00,28.596671336284295,77.21629638540547,18
23,2026-07-01 12:40:00,28.597275069300487,77.21692446410238,17
23,2026-07-01 12:45:00,28.597722853428287,77.21556473635061,22
23,2026-07-01 12:50:00,28.59872023847543,77.21661810948972,21
23,2026-07-01 12:55:00,28.59857469350179,77.21522191617368,21
23,2026-07-01 13:00:00,28.597401280475545,77.2158108618312,22
23,2026-07-01 13:05:00,28.598542066275996,77.21610387063846,19
23,2026-07-01 13:10:00,28.59695582702482,77.21514975937886,18
23,2026-07-01 13:15:00,28.598061239430038,77.21605618396626,14
23,2026-07-01 13:20:00,28.59720336743025,77.2171807980775,15
23,2026-07-01 13:25:00,28.595893163588713,77.21683760402922,14
23,2026-07-01 13:30:00,28.595404798339075,77.21652146479958,15
23,2026-07-01 13:35:00,28.59593409827302,77.2178775715138,13
23,2026-07-01 13:40:00,28.595707149203477,77.21783702455404,15
23,2026-07-01 13:45:00,28.59400274882179,77.21889097817953,14
23,2026-07-01 13:50:00,28.592972662766886,77.22133674774864,16
23,2026-07-01 13:55:00,28.59210675399811,77.22132418116433,17
23,2026-07-01 14:00:00,28.59234111368884,77.22185855772717,19
23,2026-07-01 14:05:00,28.591115578966622,77.22199335915046,21
23,2026-07-01 14:10:00,28.590046019060747,77.22176668137337,21
23,2026-07-01 14:15:00,28.59091908512708,77.22237566581985,16
23,2026-07-01 14:20:00,28.5903997438162,77.22238294880691,14
23,2026-07-01 14:25:00,28.59083127729479,77.22216963785246,15
23,2026-07-01 14:30:00,28.589905038182202,77.22190785713012,14
23,2026-07-01 14:35:00,28.588687414739443,77.22308048111265,17
23,2026-07-01 14:40:00,28.590403114832323,77.22317378375521,19
23,2026-07-01 14:45:00,28.590471321614928,77.22399177585447,17
23,2026-07-01 14:50:00,28.59065141315374,77.22389494395443,17
23,2026-07-01 14:55:00,28.58990230645695,77.2230839341358,22
23,2026-07-01 15:00:00,28.58990965713187,77.22200109360693,18
23,2026-07-01 15:05:00,28.590120906649577,77.22259413088086,14
23,2026-07-01 15:10:00,28.59069996822227,77.22306122182486,11
23,2026-07-01 15:15:00,28.589435019328384,77.22235814716768,12
23,2026-07-01 15:20:00,28.58911892004433,77.22210656789065,12
23,2026-07-01 15:25:00,28.59143374163611,77.22231384045648,13
23,2026-07-01 15:30:00,28.592058414989808,77.22056839982656,16
23,2026-07-01 15:35:00,28.5939182417516,77.21985895978641,15
23,2026-07-01 15:40:00,28.593549128731677,77.2206799325786,12
23,2026-07-01 15:45:00,28.59411540892845,77.22169419890837,8
23,2026-07-01 15:50:00,28.59569112937882,77.22171298941967,5
23,2026-07-01 15:55:00,28.59544650429578,77.220871216512,4
23,2026-07-01 16:00:00,28.596580343814427,77.22087793546,0
23,2026-07-01 16:05:00,28.598309644680473,77.21938685553638,0
23,2026-07-01 16:10:00,28.59860619631381,77.2198374076866,2
23,2026-07-01 16:15:00,28.600277046843253,77.22204225840868,1
23,2026-07-01 16:20:00,28.599304721381827,77.2216607661244,2
23,2026-07-01 16:25:00,28.601076563805385,77.21928810060307,7
23,2026-07-01 16:30:00,28.602284911707265,77.21945095992768,10
23,2026-07-01 16:35:00,28.602930509786226,77.22015492460447,11
24,2026-07-01 00:00:00,28.618870661092792,77.21520708362803,0
24,2026-07-01 00:05:00,28.619593658027416,77.21644482173377,0
24,2026-07-01 00:10:00,28.618502185689117,77.2161185542665,0
24,2026-07-01 00:15:00,28.618906661011966,77.21771115212184,0
24,2026-07-01 00:20:00,28.620527435095376,77.21732260887245,0
24,2026-07-01 00:25:00,28.6213562386555,77.21614364829246,0
24,2026-07-01 00:30:00,28.622456121929055,77.21604947350772,0
24,2026-07-01 00:35:00,28.62328909410939,77.21658090882767,0
24,2026-07-01 00:40:00,28.62388726625972,77.21560537589205,2
24,2026-07-01 00:45:00,28.62359331186751,77.2158060700173,4
24,2026-07-01 00:50:00,28.622465333052,77.2148882708308,2
24,2026-07-01 00:55:00,28.620182094417384,77.2146748381337,5
24,2026-07-01 01:00:00,28.621870534290892,77.21378046801316,10
24,2026-07-01 01:05:00,28.622061990427042,77.21451562324515,15
24,2026-07-01 01:10:00,28.621871627363724,77.21439197711791,16
24,2026-07-01 01:15:00,28.62163431512953,77.21541993612017,12
24,2026-07-01 01:20:00,28.622711772089275,77.21432043305283,16
24,2026-07-01 01:25:00,28.624069360298552,77.2152069418549,15
24,2026-07-01 01:30:00,28.624015475547264,77.21446409966337,16
24,2026-07-01 01:35:00,28.62394887452024,77.21223971555476,17
24,2026-07-01 01:40:00,28.624611853558335,77.2144222604224,14
24,2026-07-01 01:45:00,28.624540423912098,77.21540975013936,10
24,2026-07-01 01:50:00,28.624489470785324,77.21492121943766,11
24,2026-07-01 01:55:00,28.6241330436648,77.213396034001,6
24,2026-07-01 02:00:00,28.623844787394805,77.21257143960169,5
24,2026-07-01 02:05:00,28.62348261645595,77.21233578620118,9
24,2026-07-01 02:10:00,28.624299372929872,77.21339204190924,12
24,2026-07-01 02:15:00,28.623967873541574,77.2134724042352,13
24,2026-07-01 02:20:00,28.623228908148352,77.21255486442396,9
24,2026-07-01 02:25:00,28.62263026001015,77.21233204280978,8
24,2026-07-01 02:30:00,28.622815383401104,77.21331328933984,10
24,2026-07-01 02:35:00,28.62190270464041,77.21303463300596,8
24,2026-07-01 02:40:00,28.622174457905167,77.21160108355369,6
24,2026-07-01 02:45:00,28.622443269102348,77.21057300179385,8
24,2026-07-01 02:50:00,28.62081451137341,77.21185297349719,8
24,2026-07-01 02:55:00,28.618545434100458,77.21087590135105,10
24,2026-07-01 03:00:00,28.616615625187567,77.21079014840342,9
24,2026-07-01 03:05:00,28.615925969682667,77.21073693596715,12
24,2026-07-01 03:10:00,28.616322367984523,77.21030906836653,16
24,2026-07-01 03:15:00,28.618054126367703,77.20862136350411,16
24,2026-07-01 03:20:00,28.617306863389796,77.20852750105101,11
24,2026-07-01 03:25:00,28.61788124974093,77.20803013151787,10
24,2026-07-01 03:30:00,28.61927104232069,77.20998185468828,10
24,2026-07-01 03:35:00,28.619123576417724,77.2090105978744,5
24,2026-07-01 03:40:00,28.619574729237463,77.20915285338195,6
24,2026-07-01 03:45:00,28.619175472591518,77.21005972391656,7
24,2026-07-01 03:50:00,28.62013249601536,77.21005520077605,3
24,2026-07-01 03:55:00,28.619189253252713,77.20912974552796,8
24,2026-07-01 04:00:00,28.61888684158316,77.20935720530656,3
24,2026-07-01 04:05:00,28.617832901959968,77.21008397828484,3
24,2026-07-01 04:10:00,28.61766970145222,77.20951575744813,2
24,2026-07-01 04:15:00,28.618456977745343,77.20997533293644,0
24,2026-07-01 04:20:00,28.6198331766878,77.20925837889722,3
24,2026-07-01 04:25:00,28.618709979547457,77.21006143938588,0
24,2026-07-01 04:30:00,28.619176774321712,77.20999270679229,2
24,2026-07-01 04:35:00,28.61830688099248,77.2111912574954,0
24,2026-07-01 04:40:00,28.61995337547152,77.2110296432347,0
24,2026-07-01 04:45:00,28.6203073262659,77.20971644100565,0
24,2026-07-01 04:50:00,28.621707766350696,77.2096360177558,1
24,2026-07-01 04:55:00,28.62260792908414,77.20886686575125,2
24,2026-07-01 05:00:00,28.62312960373331,77.20825134990126,6
24,2026-07-01 05:05:00,28.62351465890125,77.20554378420759,7
24,2026-07-01 05:10:00,28.6237974234678,77.2041559706968,12
24,2026-07-01 05:15:00,28.622994243522,77.20333505753862,15
24,2026-07-01 05:20:00,28.623146989486298,77.20428549738375,13
24,2026-07-01 05:25:00,28.622362546153234,77.20448800206036,13
24,2026-07-01 05:30:00,28.61969491643863,77.20537126107659,18
24,2026-07-01 05:35:00,28.62005816530556,77.20429195828926,19
24,2026-07-01 05:40:00,28.61953723294528,77.2046671483062,22
24,2026-07-01 05:45:00,28.620207855005365,77.20429802623536,26
24,2026-07-01 05:50:00,28.62275390954131,77.20601033092281,28
24,2026-07-01 05:55:00,28.62184712775704,77.20539933996758,32
24,2026-07-01 06:00:00,28.622873953352627,77.20513701637128,35
24,2026-07-01 06:05:00,28.622467801936054,77.20419003360567,32
24,2026-07-01 06:10:00,28.623304393199174,77.20162410203832,33
24,2026-07-01 06:15:00,28.623231570766585,77.20246211609286,31
24,2026-07-01 06:20:00,28.624616273469588,77.20205334621176,26
24,2026-07-01 06:25:00,28.625130553002258,77.2015344790438,30
24,2026-07-01 06:30:00,28.624994034346898,77.20198387059087,28
24,2026-07-01 06:35:00,28.62501303342916,77.20146261578401,29
24,2026-07-01 06:40:00,28.62596613703682,77.19988525517681,25
24,2026-07-01 06:45:00,28.624827521203038,77.20130072117689,21
24,2026-07-01 06:50:00,28.625374110928725,77.2024582407827,20
24,2026-07-01 06:55:00,28.625643128456495,77.20366901852952,24
24,2026-07-01 07:00:00,28.625461718482573,77.2041026890619,27
24,2026-07-01 07:05:00,28.62589300229946,77.20292854668942,24
24,2026-07-01 07:10:00,28.62418167608105,77.20143834490464,24
24,2026-07-01 07:15:00,28.625487258796863,77.20072503400436,27
24,2026-07-01 07:20:00,28.626047573141992,77.20200734896085,23
24,2026-07-01 07:25:00,28.624754562726235,77.20336070388343,27
24,2026-07-01 07:30:00,28.625606832575752,77.20184656206487,32
24,2026-07-01 07:35:00,28.626461418700885,77.1995630451218,27
24,2026-07-01 07:40:00,28.62596551037118,77.19707652364919,30
24,2026-07-01 07:45:00,28.626481565385955,77.19794603213118,27
24,2026-07-01 07:50:00,28.626026242741986,77.19855710338535,25
24,2026-07-01 07:55:00,28.62585790510775,77.19879657037413,30
24,2026-07-01 08:00:00,28.625845628574247,77.19908049826174,33
24,2026-07-01 08:05:00,28.626015690296754,77.1978642282239,29
24,2026-07-01 08:10:00,28.624124450554277,77.19711078003192,24
24,2026-07-01 08:15:00,28.623273472125025,77.1976115283979,29
24,2026-07-01 08:20:00,28.622304402277322,77.19659645457489,27
24,2026-07-01 08:25:00,28.62280065084357,77.19807928744127,28
24,2026-07-01 08:30:00,28.62167384186996,77.19954071355986,26
24,2026-07-01 08:35:00,28.621432163905446,77.19988823159576,26
24,2026-07-01 08:40:00,28.62146882493384,77.1995095367933,29
24,2026-07-01 08:45:00,28.620557171796527,77.1982720683712,32
24,2026-07-01 08:50:00,28.6206884406677,77.19893742515885,35
24,2026-07-01 08:55:00,28.618691469782128,77.1985494703455,38
24,2026-07-01 09:00:00,28.617884254104645,77.19849160418629,40
24,2026-07-01 09:05:00,28.617720082205096,77.19843453853528,38
24,2026-07-01 09:10:00,28.61736169423692,77.19957434275153,40
24,2026-07-01 09:15:00,28.617431224021292,77.19983139972118,35
24,2026-07-01 09:20:00,28.61766302732641,77.19925587255264,39
24,2026-07-01 09:25:00,28.617458786836746,77.19997564907212,39
24,2026-07-01 09:30:00,28.615981123146742,77.20014088971924,40
24,2026-07-01 09:35:00,28.61434583287667,77.19922227326072,41
24,2026-07-01 09:40:00,28.614231852686686,77.19921107408926,44
24,2026-07-01 09:45:00,28.614143708010992,77.1980363889953,46
24,2026-07-01 09:50:00,28.614003391782944,77.2000541954441,49
24,2026-07-01 09:55:00,28.61260557978046,77.19818375455466,45
24,2026-07-01 10:00:00,28.61214941143298,77.19868632932904,48
24,2026-07-01 10:05:00,28.61259165097649,77.19890333432726,51
24,2026-07-01 10:10:00,28.612761344134462,77.19938530215431,56
24,2026-07-01 10:15:00,28.614209590149834,77.19799646292793,51
24,2026-07-01 10:20:00,28.613663931156623,77.19884875261738,55
24,2026-07-01 10:25:00,28.611907520450238,77.19928355601431,60
24,2026-07-01 10:30:00,28.613080488149404,77.19875979672328,57
24,2026-07-01 10:35:00,28.614080464218336,77.20026143134191,52
24,2026-07-01 10:40:00,28.615536171146573,77.20025642313735,53
24,2026-07-01 10:45:00,28.615493314898913,77.20033069682754,54
24,2026-07-01 10:50:00,28.615219569736468,77.20063237008877,54
24,2026-07-01 10:55:00,28.616308454357434,77.1997977895113,49
24,2026-07-01 11:00:00,28.61638538496264,77.19917804178203,51
24,2026-07-01 11:05:00,28.616095761935433,77.19842460199109,49
24,2026-07-01 11:10:00,28.61509773632911,77.19815580109363,45
24,2026-07-01 11:15:00,28.615634511314994,77.19939259963499,46
24,2026-07-01 11:20:00,28.61574058389138,77.20010039124915,48
24,2026-07-01 11:25:00,28.616384084427978,77.20035649849422,43
24,2026-07-01 11:30:00,28.614776712857644,77.19906467524898,48
24,2026-07-01 11:35:00,28.614827916768217,77.19783632648374,46
24,2026-07-01 11:40:00,28.615076146703295,77.19774216389014,43
24,2026-07-01 11:45:00,28.61308883647357,77.19687057341908,45
24,2026-07-01 11:50:00,28.611686631383233,77.19687456197958,41
24,2026-07-01 11:55:00,28.612200152752486,77.19879678653986,43
24,2026-07-01 12:00:00,28.61173235528851,77.19992948871308,44
24,2026-07-01 12:05:00,28.612408877396522,77.20071078535577,48
24,2026-07-01 12:10:00,28.612669743571242,77.20151067264547,43
24,2026-07-01 12:15:00,28.611892716621373,77.20162688016994,47
24,2026-07-01 12:20:00,28.61104433881749,77.2016443091229,45
24,2026-07-01 12:25:00,28.6099063035089,77.20005891572742,48
24,2026-07-01 12:30:00,28.609020456265547,77.20003475661784,44
24,2026-07-01 12:35:00,28.61050169285717,77.20079360438368,40
24,2026-07-01 12:40:00,28.610953762254674,77.19878803913576,42
24,2026-07-01 12:45:00,28.610938783049246,77.20077072405738,45
24,2026-07-01 12:50:00,28.612227315388296,77.20004192744294,46
24,2026-07-01 12:55:00,28.610851002767998,77.19986122735092,45
24,2026-07-01 13:00:00,28.611798074456427,77.19968138045965,48
24,2026-07-01 13:05:00,28.611949471675917,77.19895797091132,52
24,2026-07-01 13:10:00,28.613360298093752,77.19766606091173,47
24,2026-07-01 13:15:00,28.614794335758273,77.19795843625171,47
24,2026-07-01 13:20:00,28.61576125315935,77.1972353631468,50
24,2026-07-01 13:25:00,28.61543588715435,77.19733301581674,45
24,2026-07-01 13:30:00,28.614795158541725,77.19510728247936,41
24,2026-07-01 13:35:00,28.614484714561183,77.19525447485431,38
24,2026-07-01 13:40:00,28.613828747672926,77.19595663089085,34
24,2026-07-01 13:45:00,28.614069195178065,77.19779553745516,34
24,2026-07-01 13:50:00,28.613850003633345,77.19924557916019,39
24,2026-07-01 13:55:00,28.61430287796014,77.19897936620978,37
24,2026-07-01 14:00:00,28.615118353914834,77.199069948636,39
24,2026-07-01 14:05:00,28.61358156440085,77.20082785532585,37
24,2026-07-01 14:10:00,28.61444029753601,77.20168026373601,40
24,2026-07-01 14:15:00,28.613168059908777,77.20239328958644,36
24,2026-07-01 14:20:00,28.612507520963963,77.20187991904119,37
24,2026-07-01 14:25:00,28.61187836477784,77.20157462206546,32
24,2026-07-01 14:30:00,28.613334025180983,77.20118877317273,37
24,2026-07-01 14:35:00,28.611827102881843,77.2013349879691,36
24,2026-07-01 14:40:00,28.6108562200097,77.20156908326628,33
24,2026-07-01 14:45:00,28.60996561961085,77.20111026219361,33
24,2026-07-01 14:50:00,28.610159418324617,77.20213733249426,32
24,2026-07-01 14:55:00,28.612122255279722,77.20144587143162,34
24,2026-07-01 15:00:00,28.610956197161144,77.20384905335732,37
24,2026-07-01 15:05:00,28.610955544619046,77.2032025251375,33
24,2026-07-01 15:10:00,28.61081594949193,77.20380932016256,32
24,2026-07-01 15:15:00,28.61177747009049,77.20416659372461,33
24,2026-07-01 15:20:00,28.61085016283656,77.20349630314416,35
24,2026-07-01 15:25:00,28.610206916246867,77.20365736375058,38
24,2026-07-01 15:30:00,28.60918131363762,77.2034522734939,41
24,2026-07-01 15:35:00,28.609660510840897,77.20411792348447,37
24,2026-07-01 15:40:00,28.611050021485017,77.20394574672339,34
24,2026-07-01 15:45:00,28.61234517002921,77.20435068807721,30
24,2026-07-01 15:50:00,28.612984463032475,77.2036978170413,33
24,2026-07-01 15:55:00,28.613297286418717,77.20368301995661,34
24,2026-07-01 16:00:00,28.612394673196192,77.20460800247749,37
24,2026-07-01 16:05:00,28.610165993011766,77.20650342348428,38
24,2026-07-01 16:10:00,28.611334715805995,77.2062581159981,34
24,2026-07-01 16:15:00,28.612566068465615,77.2062229407338,32
24,2026-07-01 16:20:00,28.611633375212083,77.20747110354506,29
24,2026-07-01 16:25:00,28.610436860163933,77.20504098116933,28
24,2026-07-01 16:30:00,28.609036263793676,77.20498105467173,26
24,2026-07-01 16:35:00,28.607971889826,77.20540570864019,21
25,2026-07-01 00:00:00,28.596371259081575,77.21679273062935,42
25,2026-07-01 00:05:00,28.59588911647057,77.21729989638857,45
25,2026-07-01 00:10:00,28.595160787202147,77.21806809051667,41
25,2026-07-01 00:15:00,28.594870534446308,77.21583329691092,36
25,2026-07-01 00:20:00,28.594844802690417,77.2148393155303,32
25,2026-07-01 00:25:00,28.595895766745585,77.21469125691806,28
25,2026-07-01 00:30:00,28.59520683120642,77.21692194343079,32
25,2026-07-01 00:35:00,28.59674693903016,77.21789044223341,32
25,2026-07-01 00:40:00,28.59713020828469,77.22003178727128,31
25,2026-07-01 00:45:00,28.5965470968076,77.22096854053481,34
25,2026-07-01 00:50:00,28.597225424203383,77.2205544437338,36
25,2026-07-01 00:55:00,28.59796584541743,77.22122432822403,41
25,2026-07-01 01:00:00,28.59746690308548,77.2204197867399,43
25,2026-07-01 01:05:00,28.597795931631307,77.22238803119505,43
25,2026-07-01 01:10:00,28.598478516619686,77.22074338942635,45
25,2026-07-01 01:15:00,28.598611340854028,77.21971057598334,47
25,2026-07-01 01:20:00,28.59670431696796,77.21967299639189,43
25,2026-07-01 01:25:00,28.597414018686838,77.2196062304631,45
25,2026-07-01 01:30:00,28.596867470390603,77.21950860976733,42
25,2026-07-01 01:35:00,28.59758181510536,77.21944581120324,40
25,2026-07-01 01:40:00,28.596889668054985,77.22073599184202,36
25,2026-07-01 01:45:00,28.59802980861504,77.22175879459198,33
25,2026-07-01 01:50:00,28.599814367503892,77.2215933705398,35
25,2026-07-01 01:55:00,28.598579160238373,77.22122346949432,37
25,2026-07-01 02:00:00,28.598076088407186,77.21888287707047,33
25,2026-07-01 02:05:00,28.596744484088575,77.21813258840129,29
25,2026-07-01 02:10:00,28.59568274655616,77.2176309203284,27
25,2026-07-01 02:15:00,28.59670900608761,77.21880637081723,32
25,2026-07-01 02:20:00,28.596169576293832,77.21897943846581,36
25,2026-07-01 02:25:00,28.596086700738148,77.2189236454833,34
25,2026-07-01 02:30:00,28.59763192614752,77.22002594004613,31
25,2026-07-01 02:35:00,28.596410628762914,77.22089033154353,28
25,2026-07-01 02:40:00,28.5967471774527,77.22156210463814,23
25,2026-07-01 02:45:00,28.597193817954352,77.21977344438051,21
25,2026-07-01 02:50:00,28.596954362860586,77.21950031223679,26
25,2026-07-01 02:55:00,28.59819429876622,77.22029540730652,24
25,2026-07-01 03:00:00,28.59827636218173,77.22016947387304,28
25,2026-07-01 03:05:00,28.598585640566856,77.21995675395611,30
25,2026-07-01 03:10:00,28.59784046776205,77.21967019052379,28
25,2026-07-01 03:15:00,28.597544137479403,77.21976080412551,24
25,2026-07-01 03:20:00,28.597827075514864,77.21890332541608,25
25,2026-07-01 03:25:00,28.59944503665782,77.2177057282783,28
25,2026-07-01 03:30:00,28.598653033083725,77.21651234946586,32
25,2026-07-01 03:35:00,28.599194137055015,77.21616430649948,28
25,2026-07-01 03:40:00,28.59779211855937,77.21597070410347,33
25,2026-07-01 03:45:00,28.59675990715938,77.21667603543503,35
25,2026-07-01 03:50:00,28.59763464678096,77.21636788780557,32
25,2026-07-01 03:55:00,28.598365389468796,77.21511483118174,27
25,2026-07-01 04:00:00,28.598877560588083,77.2134486083809,32
25,2026-07-01 04:05:00,28.597911892674237,77.21328674361554,35
25,2026-07-01 04:10:00,28.598668984858598,77.21156282956771,34
25,2026-07-01 04:15:00,28.598805926642065,77.21099812721371,32
25,2026-07-01 04:20:00,28.599094345716974,77.21150642627987,28
25,2026-07-01 04:25:00,28.599852260895123,77.2112889983341,32
25,2026-07-01 04:30:00,28.600161157188392,77.21167750465796,32
25,2026-07-01 04:35:00,28.600398408875513,77.21139933600286,30
25,2026-07-01 04:40:00,28.60093238967293,77.20962113327529,31
25,2026-07-01 04:45:00,28.600509165940164,77.20921365768791,29
25,2026-07-01 04:50:00,28.600075359353077,77.2073835511992,31
25,2026-07-01 04:55:00,28.600748047877687,77.20770752361828,36
25,2026-07-01 05:00:00,28.600510872492098,77.20554754919151,41
25,2026-07-01 05:05:00,28.602821948832922,77.2047179989966,42
25,2026-07-01 05:10:00,28.60534297945895,77.20608228445035,37
25,2026-07-01 05:15:00,28.60438955515813,77.20653419064799,39
25,2026-07-01 05:20:00,28.603353486858055,77.2062493735137,43
25,2026-07-01 05:25:00,28.603214985836114,77.20741956584777,40
25,2026-07-01 05:30:00,28.603058681075744,77.20805277143732,42
25,2026-07-01 05:35:00,28.60347823151766,77.20644965518139,42
25,2026-07-01 05:40:00,28.603484016678667,77.20691291100977,41
25,2026-07-01 05:45:00,28.60312979806275,77.20775108822937,41
25,2026-07-01 05:50:00,28.603222406063974,77.20746671237029,46
25,2026-07-01 05:55:00,28.602716875566163,77.20841864534405,50
25,2026-07-01 06:00:00,28.602720073556778,77.20789378588373,45
25,2026-07-01 06:05:00,28.603283446598542,77.20717399890938,40
25,2026-07-01 06:10:00,28.60061722868822,77.20696674946115,35
25,2026-07-01 06:15:00,28.60179045777951,77.20696762504738,34
25,2026-07-01 06:20:00,28.602677213692473,77.20786008871661,30
25,2026-07-01 06:25:00,28.60338043194733,77.20818445469087,32
25,2026-07-01 06:30:00,28.602389401093202,77.20786002698232,36
25,2026-07-01 06:35:00,28.60161918417847,77.20698446488188,32
25,2026-07-01 06:40:00,28.6004602998562,77.20695243684838,27
25,2026-07-01 06:45:00,28.599107178858194,77.20762514810879,22
25,2026-07-01 06:50:00,28.59905814766438,77.20821128530226,21
25,2026-07-01 06:55:00,28.598829363320462,77.20837897683711,21
25,2026-07-01 07:00:00,28.597883493077017,77.20824531745173,19
25,2026-07-01 07:05:00,28.598217963782076,77.2084842958698,16
25,2026-07-01 07:10:00,28.597783228813952,77.20698909828249,15
25,2026-07-01 07:15:00,28.59775212002717,77.20692262855113,13
25,2026-07-01 07:20:00,28.59733485466185,77.20683921781638,16
25,2026-07-01 07:25:00,28.598432751198583,77.20484483024144,12
25,2026-07-01 07:30:00,28.598260300436554,77.20586306845254,11
25,2026-07-01 07:35:00,28.597190141973048,77.206130204749,7
25,2026-07-01 07:40:00,28.595627818811447,77.2064054832781,7
25,2026-07-01 07:45:00,28.59519957638732,77.20569982799569,10
25,2026-07-01 07:50:00,28.594627973910676,77.20737255831197,6
25,2026-07-01 07:55:00,28.59549008528971,77.2061649538044,5
25,2026-07-01 08:00:00,28.59472393987349,77.20703840613555,1
25,2026-07-01 08:05:00,28.596191315861816,77.20624179356592,0
25,2026-07-01 08:10:00,28.594386965090727,77.20758813127227,0
25,2026-07-01 08:15:00,28.59629275332509,77.20769745825524,0
25,2026-07-01 08:20:00,28.59527889089103,77.20651351671461,0
25,2026-07-01 08:25:00,28.594912173222454,77.20616665272668,0
25,2026-07-01 08:30:00,28.593662211363057,77.20545890439226,0
25,2026-07-01 08:35:00,28.594097109294207,77.20704580023585,0
25,2026-07-01 08:40:00,28.59431567818308,77.20871460831715,0
25,2026-07-01 08:45:00,28.594338487716342,77.20791724076605,4
25,2026-07-01 08:50:00,28.594612288905775,77.2070962088261,0
25,2026-07-01 08:55:00,28.595586055841714,77.20795914853734,0
25,2026-07-01 09:00:00,28.596329000904593,77.20705477703945,0
25,2026-07-01 09:05:00,28.59561348813847,77.20701021014003,0
25,2026-07-01 09:10:00,28.596471858597884,77.2065882127633,0
25,2026-07-01 09:15:00,28.595411542607852,77.20497791460778,0
25,2026-07-01 09:20:00,28.595631300691792,77.20354435068482,3
25,2026-07-01 09:25:00,28.595619891612937,77.20405511727341,7
25,2026-07-01 09:30:00,28.595479149812263,77.20407548662452,4
25,2026-07-01 09:35:00,28.59737853357323,77.20412548105163,4
25,2026-07-01 09:40:00,28.59687415995127,77.20343059624464,6
25,2026-07-01 09:45:00,28.595423996784234,77.20322955747278,7
25,2026-07-01 09:50:00,28.59646267229733,77.20303025000051,2
25,2026-07-01 09:55:00,28.594908762772754,77.20210989382504,3
25,2026-07-01 10:00:00,28.596268147995985,77.20074368223413,8
25,2026-07-01 10:05:00,28.595199053271774,77.20159832565648,9
25,2026-07-01 10:10:00,28.59596773540866,77.20238744667996,9
25,2026-07-01 10:15:00,28.596686357368622,77.20210371525044,11
25,2026-07-01 10:20:00,28.597159574434436,77.20272010954098,14
25,2026-07-01 10:25:00,28.596717873728704,77.20386256007845,16
25,2026-07-01 10:30:00,28.596351239850033,77.20322725470882,19
25,2026-07-01 10:35:00,28.595864830761368,77.20344249332202,19
25,2026-07-01 10:40:00,28.596522713268868,77.20200397905765,16
25,2026-07-01 10:45:00,28.59702494798922,77.20038165844436,12
25,2026-07-01 10:50:00,28.597922284734924,77.20066515075072,11
25,2026-07-01 10:55:00,28.597368148788714,77.19990161016365,11
25,2026-07-01 11:00:00,28.598227543993055,77.19971975911913,9
25,2026-07-01 11:05:00,28.596642297982324,77.20007623622381,8
25,2026-07-01 11:10:00,28.596897282714803,77.20126977869481,8
25,2026-07-01 11:15:00,28.597375963895455,77.20142586943327,12
25,2026-07-01 11:20:00,28.59762238106858,77.20163809662887,12
25,2026-07-01 11:25:00,28.59855940779999,77.20137389199854,9
25,2026-07-01 11:30:00,28.59682160176649,77.20087487616343,7
25,2026-07-01 11:35:00,28.59926771576205,77.2015982810388,9
25,2026-07-01 11:40:00,28.598047321630485,77.20185586773293,8
25,2026-07-01 11:45:00,28.59771662548504,77.19982759469235,12
25,2026-07-01 11:50:00,28.59633013606435,77.19930375152204,10
25,2026-07-01 11:55:00,28.595884656961246,77.2013978246179,8
25,2026-07-01 12:00:00,28.59460367952681,77.20039371219315,11
25,2026-07-01 12:05:00,28.593495754300616,77.20114772626454,9
25,2026-07-01 12:10:00,28.596779872501905,77.20193103050163,7
25,2026-07-01 12:15:00,28.598561732805457,77.20223202736173,11
25,2026-07-01 12:20:00,28.60016642343534,77.20185013871827,8
25,2026-07-01 12:25:00,28.59918443535865,77.20172754749642,13
25,2026-07-01 12:30:00,28.601122530258046,77.20078601357615,15
25,2026-07-01 12:35:00,28.601608256584843,77.20070526190561,11
25,2026-07-01 12:40:00,28.60162667577103,77.20069088629249,15
25,2026-07-01 12:45:00,28.60175304354179,77.1994738866597,11
25,2026-07-01 12:50:00,28.601802635369452,77.1998817657106,7
25,2026-07-01 12:55:00,28.602004097913294,77.20029981467903,12
25,2026-07-01 13:00:00,28.601416199017642,77.20015870289222,13
25,2026-07-01 13:05:00,28.601703779317,77.20163945057895,11
25,2026-07-01 13:10:00,28.60331119866408,77.20314468926836,15
25,2026-07-01 13:15:00,28.604504440939223,77.20286347680607,11
25,2026-07-01 13:20:00,28.604068696535762,77.20141744909213,15
25,2026-07-01 13:25:00,28.603628984975327,77.20156372813595,14
25,2026-07-01 13:30:00,28.602767002078753,77.20085305911684,17
25,2026-07-01 13:35:00,28.60443308712174,77.20150513481997,15
25,2026-07-01 13:40:00,28.604275835019155,77.20018469885831,19
25,2026-07-01 13:45:00,28.602535134412776,77.19978562831906,22
25,2026-07-01 13:50:00,28.60141043020385,77.200687503944,18
25,2026-07-01 13:55:00,28.601676515624916,77.20132472203535,22
25,2026-07-01 14:00:00,28.601089770864185,77.20140145489475,21
25,2026-07-01 14:05:00,28.60128009419145,77.20167901642766,16
25,2026-07-01 14:10:00,28.6014380568892,77.2011468745577,21
25,2026-07-01 14:15:00,28.602460154943948,77.20137780615784,17
25,2026-07-01 14:20:00,28.602306346166067,77.20169663320142,15
25,2026-07-01 14:25:00,28.603849734315773,77.20002692316852,18
25,2026-07-01 14:30:00,28.60428705482461,77.19974150233224,20
25,2026-07-01 14:35:00,28.60542795080176,77.19837763439861,18
25,2026-07-01 14:40:00,28.605441775993047,77.19731309429518,21
25,2026-07-01 14:45:00,28.60581128910936,77.19762568652534,21
25,2026-07-01 14:50:00,28.604551600908703,77.19791973582706,23
25,2026-07-01 14:55:00,28.60357517536897,77.19889507156195,23
25,2026-07-01 15:00:00,28.60274979263176,77.19838160369734,27
25,2026-07-01 15:05:00,28.60361869874959,77.19870022033754,24
25,2026-07-01 15:10:00,28.606121936554658,77.19872470000739,19
25,2026-07-01 15:15:00,28.606321262750765,77.19732169894036,19
25,2026-07-01 15:20:00,28.605218538711284,77.19690301887655,16
25,2026-07-01 15:25:00,28.604990654422902,77.19699862642067,21
25,2026-07-01 15:30:00,28.60413455742628,77.19681123710131,20
25,2026-07-01 15:35:00,28.605536131236953,77.19580565521423,21
25,2026-07-01 15:40:00,28.605147719995966,77.19602837127682,26
25,2026-07-01 15:45:00,28.604322352631943,77.1971358849198,27
25,2026-07-01 15:50:00,28.603085797031795,77.19752832262388,27
25,2026-07-01 15:55:00,28.60410429353352,77.19553033054565,24
25,2026-07-01 16:00:00,28.60297594219601,77.19679386955644,24
25,2026-07-01 16:05:00,28.603810161430935,77.19487602302789,21
25,2026-07-01 16:10:00,28.605042570528184,77.19542447087657,17
25,2026-07-01 16:15:00,28.6050899334684,77.19457888967837,22
25,2026-07-01 16:20:00,28.605549094784376,77.19347874726209,24
25,2026-07-01 16:25:00,28.605815221323844,77.19398247735155,25
25,2026-07-01 16:30:00,28.604493394212096,77.19383251395044,24
25,2026-07-01 16:35:00,28.605149817230174,77.19476660530508,24
26,2026-07-01 00:00:00,28.58911693492518,77.19474504358148,31
26,2026-07-01 00:05:00,28.588866881069134,77.19433633305374,36
26,2026-07-01 00:10:00,28.58766544971305,77.19545434842253,32
26,2026-07-01 00:15:00,28.587306158873485,77.19519695714773,33
26,2026-07-01 00:20:00,28.586137177963273,77.19338531730061,34
26,2026-07-01 00:25:00,28.58619596678396,77.19140315169646,33
26,2026-07-01 00:30:00,28.585962451982418,77.19131256655368,36
26,2026-07-01 00:35:00,28.586496078407233,77.18985800514844,34
26,2026-07-01 00:40:00,28.585926584849133,77.1904065921241,32
26,2026-07-01 00:45:00,28.586169631478786,77.19057018123847,33
26,2026-07-01 00:50:00,28.58589651691575,77.19202715952467,32
26,2026-07-01 00:55:00,28.587219743863525,77.19276240096896,31
26,2026-07-01 01:00:00,28.58745141654772,77.19283474618628,27
26,2026-07-01 01:05:00,28.58804593345889,77.19076046536595,29
26,2026-07-01 01:10:00,28.586713692405105,77.19247954114162,25
26,2026-07-01 01:15:00,28.584496377620443,77.19283249422644,23
26,2026-07-01 01:20:00,28.586281576698983,77.19194415159265,20
26,2026-07-01 01:25:00,28.58630094402647,77.19252688215097,18
26,2026-07-01 01:30:00,28.58475065787683,77.1918996549082,18
26,2026-07-01 01:35:00,28.58529164169903,77.1923877509099,13
26,2026-07-01 01:40:00,28.585212315502652,77.19236717148281,9
26,2026-07-01 01:45:00,28.58615162196628,77.19205870483249,9
26,2026-07-01 01:50:00,28.585064054294804,77.19053893765441,4
26,2026-07-01 01:55:00,28.58424068477219,77.19037941560634,0
26,2026-07-01 02:00:00,28.584458785652636,77.19051787028933,0
26,2026-07-01 02:05:00,28.585102854195632,77.1929452436737,5
26,2026-07-01 02:10:00,28.58682834955781,77.19311695694822,3
26,2026-07-01 02:15:00,28.586925766900873,77.19285727008477,6
26,2026-07-01 02:20:00,28.588070277030557,77.19462427096236,10
26,2026-07-01 02:25:00,28.58900762300865,77.19309457852536,5
26,2026-07-01 02:30:00,28.588826985955876,77.19392002602434,5
26,2026-07-01 02:35:00,28.587559192750597,77.19287992192213,2
26,2026-07-01 02:40:00,28.58683972036626,77.19225481450144,4
26,2026-07-01 02:45:00,28.58572975973055,77.19254322844999,8
26,2026-07-01 02:50:00,28.58669502411493,77.19326421760343,3
26,2026-07-01 02:55:00,28.588884586290213,77.19334839097046,4
26,2026-07-01 03:00:00,28.590363297858246,77.19406864962929,7
26,2026-07-01 03:05:00,28.587740147952672,77.1940504947027,7
26,2026-07-01 03:10:00,28.589723521552095,77.19428202318291,4
26,2026-07-01 03:15:00,28.589785584416795,77.19355461764832,0
26,2026-07-01 03:20:00,28.588188932756545,77.19429491797707,0
26,2026-07-01 03:25:00,28.587569943953696,77.19508367202096,2
26,2026-07-01 03:30:00,28.588279703289995,77.19513847574888,2
26,2026-07-01 03:35:00,28.5893144640971,77.19629444773899,1
26,2026-07-01 03:40:00,28.58785760646885,77.19566967515621,5
26,2026-07-01 03:45:00,28.587488001407618,77.19646783541147,5
26,2026-07-01 03:50:00,28.587030042264463,77.19546804111644,10
26,2026-07-01 03:55:00,28.586801681471805,77.19569958218526,8
26,2026-07-01 04:00:00,28.586037816078814,77.19618507668059,3
26,2026-07-01 04:05:00,28.5871842879563,77.19697576289062,1
26,2026-07-01 04:10:00,28.58761512307223,77.19835791067396,2
26,2026-07-01 04:15:00,28.587582346370272,77.19759359444373,0
26,2026-07-01 04:20:00,28.588157595053183,77.19832368122717,1
26,2026-07-01 04:25:00,28.586454012892908,77.19885796660637,3
26,2026-07-01 04:30:00,28.58671722612327,77.2000126933261,0
26,2026-07-01 04:35:00,28.58801740265008,77.19770783615351,4
26,2026-07-01 04:40:00,28.589342058011017,77.19684628537063,2
26,2026-07-01 04:45:00,28.587368050208752,77.19570235180002,7
26,2026-07-01 04:50:00,28.587379786578474,77.19622979045188,5
26,2026-07-01 04:55:00,28.58702285972468,77.19509192477723,8
26,2026-07-01 05:00:00,28.586874681191183,77.19420525974255,5
26,2026-07-01 05:05:00,28.58588610193333,77.19473827567852,9
26,2026-07-01 05:10:00,28.58554354741458,77.19540700342942,14
26,2026-07-01 05:15:00,28.5853604175533,77.19680875687173,13
26,2026-07-01 05:20:00,28.584702459425635,77.19549784486466,11
26,2026-07-01 05:25:00,28.58483234641816,77.19625987468184,7
26,2026-07-01 05:30:00,28.586876670220533,77.19528534197775,4
26,2026-07-01 05:35:00,28.58547863566928,77.19599996417858,4
26,2026-07-01 05:40:00,28.585673283673184,77.19637616649645,8
26,2026-07-01 05:45:00,28.58451139823719,77.19545145099694,13
26,2026-07-01 05:50:00,28.583579800093663,77.19747017590991,13
26,2026-07-01 05:55:00,28.58473529113854,77.1979738434487,17
26,2026-07-01 06:00:00,28.586473195900375,77.1969987445929,18
26,2026-07-01 06:05:00,28.587943298682095,77.19547579414352,19
26,2026-07-01 06:10:00,28.586582804379745,77.19359150495723,23
26,2026-07-01 06:15:00,28.586864753253554,77.19517131191462,21
26,2026-07-01 06:20:00,28.58711608451401,77.19517983298736,24
26,2026-07-01 06:25:00,28.585106120404184,77.19549387451667,25
26,2026-07-01 06:30:00,28.584038056556622,77.19513121254532,24
26,2026-07-01 06:35:00,28.58425541639376,77.19553328597206,28
26,2026-07-01 06:40:00,28.58477964657371,77.197703738151,28
26,2026-07-01 06:45:00,28.585096167351743,77.19743996512611,32
26,2026-07-01 06:50:00,28.5860245123263,77.19746236671415,28
26,2026-07-01 06:55:00,28.58842296161189,77.19799345184512,25
26,2026-07-01 07:00:00,28.587952136217314,77.19742582703044,28
26,2026-07-01 07:05:00,28.589873007367252,77.19747380975089,29
26,2026-07-01 07:10:00,28.59089293597268,77.19800851370053,24
26,2026-07-01 07:15:00,28.590816375099063,77.19709197385808,29
26,2026-07-01 07:20:00,28.589480003795785,77.19558331008825,27
26,2026-07-01 07:25:00,28.58867728207956,77.19752588726709,24
26,2026-07-01 07:30:00,28.59014102620455,77.19884033416707,28
26,2026-07-01 07:35:00,28.58949999147614,77.19813209652986,25
26,2026-07-01 07:40:00,28.589763879970487,77.19667748178128,20
26,2026-07-01 07:45:00,28.589172881501717,77.19613074937169,24
26,2026-07-01 07:50:00,28.587035983372356,77.19645330986769,19
26,2026-07-01 07:55:00,28.588658244744412,77.19466369440644,16
26,2026-07-01 08:00:00,28.58680665791012,77.19548224312288,19
26,2026-07-01 08:05:00,28.587865892957996,77.19668593603629,22
26,2026-07-01 08:10:00,28.58913673857907,77.19701356225362,19
26,2026-07-01 08:15:00,28.588724406602374,77.19605353476844,19
26,2026-07-01 08:20:00,28.589110530718244,77.19512008600826,19
26,2026-07-01 08:25:00,28.58745602032333,77.195602934754,22
26,2026-07-01 08:30:00,28.586816669525852,77.19435090137577,26
26,2026-07-01 08:35:00,28.58660392950779,77.19352746728082,24
26,2026-07-01 08:40:00,28.586151939951513,77.19389283421795,22
26,2026-07-01 08:45:00,28.58720506140404,77.19339833624413,25
26,2026-07-01 08:50:00,28.589533516126973,77.19294241075751,30
26,2026-07-01 08:55:00,28.588588047418796,77.19257027621617,25
26,2026-07-01 09:00:00,28.58919795654145,77.19242578837473,21
26,2026-07-01 09:05:00,28.588069783109365,77.1928237776772,24
26,2026-07-01 09:10:00,28.586832140383237,77.19347934507563,20
26,2026-07-01 09:15:00,28.587624277782382,77.193731558079,21
26,2026-07-01 09:20:00,28.589599101375267,77.1933838620264,26
26,2026-07-01 09:25:00,28.59024717938648,77.19479376668167,27
26,2026-07-01 09:30:00,28.588702579659575,77.19594601733354,23
26,2026-07-01 09:35:00,28.5890806290187,77.19556880087052,21
26,2026-07-01 09:40:00,28.588365235447462,77.1957859772431,17
26,2026-07-01 09:45:00,28.588172981055248,77.19502528579513,22
26,2026-07-01 09:50:00,28.588674344640683,77.19576639059181,17
26,2026-07-01 09:55:00,28.587706331676095,77.19691419338358,21
26,2026-07-01 10:00:00,28.58699340572751,77.19572443463878,26
26,2026-07-01 10:05:00,28.58824990984545,77.1968478993567,22
26,2026-07-01 10:10:00,28.58786354971846,77.19753090082123,25
26,2026-07-01 10:15:00,28.58944258341955,77.19803736588317,20
26,2026-07-01 10:20:00,28.58863733128055,77.1994607276208,24
26,2026-07-01 10:25:00,28.588205210237422,77.20190165158625,29
26,2026-07-01 10:30:00,28.589061670050572,77.20188778945175,26
26,2026-07-01 10:35:00,28.58898032133866,77.2026655171841,24
26,2026-07-01 10:40:00,28.5882180735609,77.20165766198542,29
26,2026-07-01 10:45:00,28.5872146081351,77.20017518547006,33
26,2026-07-01 10:50:00,28.58800362538691,77.20105453201708,32
26,2026-07-01 10:55:00,28.58789500861734,77.20246150169902,28
26,2026-07-01 11:00:00,28.585527550904303,77.20256844063891,26
26,2026-07-01 11:05:00,28.586482130485408,77.20293613789214,25
26,2026-07-01 11:10:00,28.587028316847125,77.20231388684094,29
26,2026-07-01 11:15:00,28.5871703062977,77.20357076487261,25
26,2026-07-01 11:20:00,28.586944746553005,77.20478664906074,29
26,2026-07-01 11:25:00,28.587133924635317,77.20453699939507,28
26,2026-07-01 11:30:00,28.58652267251746,77.20528118531382,25
26,2026-07-01 11:35:00,28.586402171459238,77.20389389880039,26
26,2026-07-01 11:40:00,28.586869073061713,77.20317317167124,26
26,2026-07-01 11:45:00,28.588269627448213,77.20330394414019,22
26,2026-07-01 11:50:00,28.586664823137315,77.2034733472151,17
26,2026-07-01 11:55:00,28.584789235138008,77.20458368521926,22
26,2026-07-01 12:00:00,28.58508045425977,77.20535622703831,26
26,2026-07-01 12:05:00,28.58555378875907,77.20526712702812,29
26,2026-07-01 12:10:00,28.584386965989538,77.20325211858861,30
26,2026-07-01 12:15:00,28.583917749741335,77.20214918936733,30
26,2026-07-01 12:20:00,28.585211502897202,77.20058009034264,27
26,2026-07-01 12:25:00,28.585257314832102,77.20173600206859,25
26,2026-07-01 12:30:00,28.584258979642605,77.202988891064,26
26,2026-07-01 12:35:00,28.58404102873636,77.20275498307855,22
26,2026-07-01 12:40:00,28.584134050024584,77.20367258234882,27
26,2026-07-01 12:45:00,28.58432697009956,77.20312062563558,30
26,2026-07-01 12:50:00,28.584263993179746,77.20360358236937,25
26,2026-07-01 12:55:00,28.584466344578058,77.20233054647451,25
26,2026-07-01 13:00:00,28.58562314852697,77.20345678466295,25
26,2026-07-01 13:05:00,28.585738982667923,77.20508099682635,28
26,2026-07-01 13:10:00,28.585775203238388,77.20435609390009,23
26,2026-07-01 13:15:00,28.58591048574694,77.20290887612083,25
26,2026-07-01 13:20:00,28.585940925309334,77.2018589265429,24
26,2026-07-01 13:25:00,28.585677708294934,77.20235055390712,29
26,2026-07-01 13:30:00,28.58618175863267,77.20311802982494,32
26,2026-07-01 13:35:00,28.585355212032784,77.2033126484728,35
26,2026-07-01 13:40:00,28.585645487050243,77.20362601162394,36
26,2026-07-01 13:45:00,28.585117015080254,77.20402229793469,38
26,2026-07-01 13:50:00,28.58403536398399,77.20252003268234,35
26,2026-07-01 13:55:00,28.583643678805828,77.20072262448245,30
26,2026-07-01 14:00:00,28.583358526535473,77.20192611290788,31
26,2026-07-01 14:05:00,28.58281461648196,77.20275196557772,32
26,2026-07-01 14:10:00,28.58373642340418,77.20247719150389,28
26,2026-07-01 14:15:00,28.584641639733245,77.20222606519845,30
26,2026-07-01 14:20:00,28.584053299675936,77.20313404495624,31
26,2026-07-01 14:25:00,28.58330523142385,77.2032337877904,32
26,2026-07-01 14:30:00,28.58337511941972,77.20440858548378,30
26,2026-07-01 14:35:00,28.582964167351705,77.20477957640757,25
26,2026-07-01 14:40:00,28.5829922438862,77.20309451751015,26
26,2026-07-01 14:45:00,28.583411725116136,77.20459109891122,21
26,2026-07-01 14:50:00,28.581053260973928,77.20586997267593,17
26,2026-07-01 14:55:00,28.581913080063583,77.20622688450129,18
26,2026-07-01 15:00:00,28.58247251290899,77.20487087222969,22
26,2026-07-01 15:05:00,28.580967035766268,77.20608756924486,20
26,2026-07-01 15:10:00,28.580430478482455,77.20628893007354,15
26,2026-07-01 15:15:00,28.58148241260282,77.20665040803713,17
26,2026-07-01 15:20:00,28.579858572264737,77.20729494404337,13
26,2026-07-01 15:25:00,28.579298219108676,77.20711958586898,12
26,2026-07-01 15:30:00,28.579578500742713,77.20838539380883,10
26,2026-07-01 15:35:00,28.580033708990815,77.20855501061554,15
26,2026-07-01 15:40:00,28.5793933207611,77.20857662031142,11
26,2026-07-01 15:45:00,28.5796764857745,77.2089890814766,16
26,2026-07-01 15:50:00,28.580188152074665,77.210010576463,20
26,2026-07-01 15:55:00,28.58010768660998,77.21099970717415,15
26,2026-07-01 16:00:00,28.58086463934611,77.2108661814387,20
26,2026-07-01 16:05:00,28.58038655944274,77.20986306624933,17
26,2026-07-01 16:10:00,28.57948529521716,77.20936694947115,18
26,2026-07-01 16:15:00,28.579310584179233,77.20812060917753,22
26,2026-07-01 16:20:00,28.57987817754384,77.20775636869547,27
26,2026-07-01 16:25:00,28.58051171147582,77.20767615344013,31
26,2026-07-01 16:30:00,28.58032253114066,77.20751995954004,34
26,2026-07-01 16:35:00,28.580429605643957,77.20791038960198,38
27,2026-07-01 00:00:00,28.600551154818756,77.19348099813965,35
27,2026-07-01 00:05:00,28.60012132199561,77.19299441246994,36
27,2026-07-01 00:10:00,28.600324837599327,77.19377105495929,37
27,2026-07-01 00:15:00,28.598833672184078,77.19349368403984,33
27,2026-07-01 00:20:00,28.59918999801365,77.19543664547469,33
27,2026-07-01 00:25:00,28.600487777987308,77.19719704848863,30
27,2026-07-01 00:30:00,28.60141542351911,77.19656660329784,26
27,2026-07-01 00:35:00,28.600164949375507,77.19729602523618,27
27,2026-07-01 00:40:00,28.598847335685374,77.19618054908423,31
27,2026-07-01 00:45:00,28.598390765105464,77.19577280447193,27
27,2026-07-01 00:50:00,28.59793076304135,77.19655835079183,23
27,2026-07-01 00:55:00,28.59687921548301,77.19558059639078,19
27,2026-07-01 01:00:00,28.59550285885851,77.19622651031283,14
27,2026-07-01 01:05:00,28.59804496520718,77.19471671140434,13
27,2026-07-01 01:10:00,28.598407773483732,77.19483657588209,11
27,2026-07-01 01:15:00,28.598715142980648,77.19341158777031,16
27,2026-07-01 01:20:00,28.599431452831215,77.19374029416893,17
27,2026-07-01 01:25:00,28.597393006306334,77.19268398603846,20
27,2026-07-01 01:30:00,28.598306628698175,77.19210596363052,17
27,2026-07-01 01:35:00,28.600617916562996,77.1923190288515,17
27,2026-07-01 01:40:00,28.60089170848828,77.19178247509737,15
27,2026-07-01 01:45:00,28.60247494709634,77.1906448386275,11
27,2026-07-01 01:50:00,28.60191223174277,77.18960322072738,6
27,2026-07-01 01:55:00,28.60275964745592,77.18916506922176,4
27,2026-07-01 02:00:00,28.601580819866754,77.18957310503933,6
27,2026-07-01 02:05:00,28.598760651044515,77.19040716049118,9
27,2026-07-01 02:10:00,28.599234572469033,77.19096105289142,4
27,2026-07-01 02:15:00,28.59952590611235,77.1935783262304,5
27,2026-07-01 02:20:00,28.60009704046737,77.19288565161231,5
27,2026-07-01 02:25:00,28.600240630292852,77.19207252751846,0
27,2026-07-01 02:30:00,28.600023860611795,77.19171637160801,2
27,2026-07-01 02:35:00,28.600239410612442,77.19064107770468,5
27,2026-07-01 02:40:00,28.597419724735747,77.19024953830684,0
27,2026-07-01 02:45:00,28.596912168008128,77.1903123536472,0
27,2026-07-01 02:50:00,28.596512621750442,77.19025953445022,4
27,2026-07-01 02:55:00,28.596773277905147,77.19157707526924,9
27,2026-07-01 03:00:00,28.597154343144847,77.19194220558155,7
27,2026-07-01 03:05:00,28.59822535738129,77.19145127950088,4
27,2026-07-01 03:10:00,28.598575007138436,77.1916523130046,7
27,2026-07-01 03:15:00,28.598723237025624,77.19220596266862,5
27,2026-07-01 03:20:00,28.599382086166752,77.19283325468174,0
27,2026-07-01 03:25:00,28.599947824671204,77.1928690979766,0
27,2026-07-01 03:30:00,28.599856146652886,77.19342052454734,0
27,2026-07-01 03:35:00,28.600622691404656,77.19299759620233,1
27,2026-07-01 03:40:00,28.602801066014678,77.19261861080514,0
27,2026-07-01 03:45:00,28.602577126590365,77.19253852780689,0
27,2026-07-01 03:50:00,28.6015917852778,77.19168295225238,1
27,2026-07-01 03:55:00,28.602421334498025,77.19260966072538,0
27,2026-07-01 04:00:00,28.600163497709485,77.19251222484938,5
27,2026-07-01 04:05:00,28.599040596553408,77.19418002278239,9
27,2026-07-01 04:10:00,28.598551967946776,77.193425071559,6
27,2026-07-01 04:15:00,28.59888911336125,77.19291432442408,6
27,2026-07-01 04:20:00,28.599569078524336,77.19387194451947,7
27,2026-07-01 04:25:00,28.598688988537013,77.1921548044164,6
27,2026-07-01 04:30:00,28.59924110722226,77.1908383082771,9
27,2026-07-01 04:35:00,28.598988563100043,77.19094922568509,13
27,2026-07-01 04:40:00,28.599626461416303,77.191819285902,18
27,2026-07-01 04:45:00,28.600359718343427,77.19171790958292,23
27,2026-07-01 04:50:00,28.599473783417963,77.19249420317367,23
27,2026-07-01 04:55:00,28.59770618890948,77.19314412204774,20
27,2026-07-01 05:00:00,28.599007100146896,77.19364918471402,22
27,2026-07-01 05:05:00,28.59869399128088,77.1934350997674,23
27,2026-07-01 05:10:00,28.598570655562504,77.1927084608892,27
27,2026-07-01 05:15:00,28.599361004571197,77.19287805856558,30
27,2026-07-01 05:20:00,28.599065851720166,77.19256510235905,30
27,2026-07-01 05:25:00,28.598549174613133,77.19093336695927,25
27,2026-07-01 05:30:00,28.5984466324146,77.1913678375593,25
27,2026-07-01 05:35:00,28.596675575612263,77.19066418118199,21
27,2026-07-01 05:40:00,28.59630444488814,77.18836409715247,18
27,2026-07-01 05:45:00,28.595726057766417,77.1904991791614,18
27,2026-07-01 05:50:00,28.5947606634815,77.18988187013835,14
27,2026-07-01 05:55:00,28.595360242109315,77.18902136281184,19
27,2026-07-01 06:00:00,28.594326552637604,77.18797322146965,19
27,2026-07-01 06:05:00,28.59381073153893,77.18752825685281,16
27,2026-07-01 06:10:00,28.593690349008472,77.18797733502458,15
27,2026-07-01 06:15:00,28.59537628556243,77.18775374324468,19
27,2026-07-01 06:20:00,28.595079859690404,77.1868402874245,14
27,2026-07-01 06:25:00,28.594375499366183,77.18704514472472,11
27,2026-07-01 06:30:00,28.594216633674776,77.18809772436182,8
27,2026-07-01 06:35:00,28.593962705364767,77.18801911456008,3
27,2026-07-01 06:40:00,28.5944043062246,77.18762382178322,5
27,2026-07-01 06:45:00,28.595771052961293,77.18793696480635,1
27,2026-07-01 06:50:00,28.59594004439271,77.18710321386452,6
27,2026-07-01 06:55:00,28.595389356452905,77.18737777726318,3
27,2026-07-01 07:00:00,28.59581925148761,77.18907556645391,7
27,2026-07-01 07:05:00,28.59588825498835,77.18825798486714,10
27,2026-07-01 07:10:00,28.595443229951094,77.1869484222748,7
27,2026-07-01 07:15:00,28.59604860850691,77.18747871463385,3
27,2026-07-01 07:20:00,28.595765847991203,77.18594196008566,3
27,2026-07-01 07:25:00,28.59392209503241,77.18512290744253,0
27,2026-07-01 07:30:00,28.593097132530602,77.18575883788122,3
27,2026-07-01 07:35:00,28.593915996596188,77.18654866395164,1
27,2026-07-01 07:40:00,28.596095341995234,77.18653556354691,0
27,2026-07-01 07:45:00,28.59653764415137,77.18474651839267,0
27,2026-07-01 07:50:00,28.597678259370568,77.18503497795471,0
27,2026-07-01 07:55:00,28.596371273911434,77.1843223788728,5
27,2026-07-01 08:00:00,28.597350178463895,77.18516644409912,5
27,2026-07-01 08:05:00,28.596100089788802,77.1835543305676,6
27,2026-07-01 08:10:00,28.596006133228705,77.18184664452646,11
27,2026-07-01 08:15:00,28.59583498593927,77.17901335460071,13
27,2026-07-01 08:20:00,28.593743334035906,77.18086496367775,17
27,2026-07-01 08:25:00,28.593539270839827,77.17927314162552,15
27,2026-07-01 08:30:00,28.595594080658465,77.18042215632157,13
27,2026-07-01 08:35:00,28.595268326659404,77.17950448216396,8
27,2026-07-01 08:40:00,28.596930659404258,77.17900710629092,12
27,2026-07-01 08:45:00,28.596711401803326,77.17890702437303,12
27,2026-07-01 08:50:00,28.5973405816612,77.1772779310844,13
27,2026-07-01 08:55:00,28.597516230249497,77.17778873272383,9
27,2026-07-01 09:00:00,28.599299344769488,77.17786313939575,12
27,2026-07-01 09:05:00,28.59819995481785,77.17812716989636,12
27,2026-07-01 09:10:00,28.596540592358622,77.17670363475538,17
27,2026-07-01 09:15:00,28.595656923609937,77.17699146608383,13
27,2026-07-01 09:20:00,28.597066358033988,77.17701068493605,13
27,2026-07-01 09:25:00,28.59683773824048,77.17910145309614,18
27,2026-07-01 09:30:00,28.597762696134986,77.17818740577529,16
27,2026-07-01 09:35:00,28.599069161831256,77.17727871888461,18
27,2026-07-01 09:40:00,28.59997669413205,77.17836896316827,17
27,2026-07-01 09:45:00,28.6006536348657,77.17733690585489,16
27,2026-07-01 09:50:00,28.599918472555633,77.17927898386505,19
27,2026-07-01 09:55:00,28.59964108678941,77.18208767131549,23
27,2026-07-01 10:00:00,28.60035699720554,77.18299942143946,22
27,2026-07-01 10:05:00,28.598582238554894,77.18073561855975,22
27,2026-07-01 10:10:00,28.59765350223936,77.1799847181938,27
27,2026-07-01 10:15:00,28.598585232290333,77.1819518931566,26
27,2026-07-01 10:20:00,28.59658465621197,77.1818000236178,21
27,2026-07-01 10:25:00,28.5954079580262,77.18242910902681,25
27,2026-07-01 10:30:00,28.594262380490765,77.18332889587758,21
27,2026-07-01 10:35:00,28.593457084678107,77.18299604561258,21
27,2026-07-01 10:40:00,28.592576335550277,77.18259324465934,22
27,2026-07-01 10:45:00,28.591795931272568,77.1833068421479,26
27,2026-07-01 10:50:00,28.59222302373333,77.18271673374177,23
27,2026-07-01 10:55:00,28.591769670283227,77.18502877779812,18
27,2026-07-01 11:00:00,28.59253993681171,77.18422442764029,14
27,2026-07-01 11:05:00,28.592821937354266,77.18460081620218,13
27,2026-07-01 11:10:00,28.59167114987696,77.1845569212852,8
27,2026-07-01 11:15:00,28.59063801363688,77.18497948844988,8
27,2026-07-01 11:20:00,28.590967936443665,77.1850452977633,4
27,2026-07-01 11:25:00,28.591666335564994,77.18616227719093,1
27,2026-07-01 11:30:00,28.5914427836352,77.18711549855985,3
27,2026-07-01 11:35:00,28.590439197167036,77.18666664140018,8
27,2026-07-01 11:40:00,28.589321317545643,77.1868394205092,5
27,2026-07-01 11:45:00,28.586943747715715,77.18753964242049,3
27,2026-07-01 11:50:00,28.587329781159163,77.18816125467575,4
27,2026-07-01 11:55:00,28.586204396420424,77.18817539862178,3
27,2026-07-01 12:00:00,28.586582278702704,77.18797810853266,7
27,2026-07-01 12:05:00,28.587272124666523,77.18755734223325,12
27,2026-07-01 12:10:00,28.58723511657245,77.18671629380285,14
27,2026-07-01 12:15:00,28.58806895821868,77.18756017499092,11
27,2026-07-01 12:20:00,28.5881282709841,77.18830129500381,13
27,2026-07-01 12:25:00,28.588045355931104,77.1896135943001,14
27,2026-07-01 12:30:00,28.58768545039392,77.18936588710166,12
27,2026-07-01 12:35:00,28.585476098908664,77.18802761953022,14
27,2026-07-01 12:40:00,28.58455312201029,77.18812152601188,15
27,2026-07-01 12:45:00,28.585272472654623,77.18819178659874,18
27,2026-07-01 12:50:00,28.58463266001543,77.18803183571417,22
27,2026-07-01 12:55:00,28.584220498870383,77.1874910723592,25
27,2026-07-01 13:00:00,28.584159342267537,77.18674113744541,27
27,2026-07-01 13:05:00,28.58457650829736,77.18663048476246,24
27,2026-07-01 13:10:00,28.584269143332786,77.1859791441631,29
27,2026-07-01 13:15:00,28.585087457069108,77.18568504985471,27
27,2026-07-01 13:20:00,28.586275929402127,77.18487869607702,24
27,2026-07-01 13:25:00,28.586599952836348,77.18551404788832,20
27,2026-07-01 13:30:00,28.58565628502137,77.18360593549667,15
27,2026-07-01 13:35:00,28.585767352494564,77.18187020155972,10
27,2026-07-01 13:40:00,28.58528858997548,77.1843092247469,5
27,2026-07-01 13:45:00,28.585665954341614,77.18410654507183,8
27,2026-07-01 13:50:00,28.587251633514715,77.185062483132,10
27,2026-07-01 13:55:00,28.58539443660357,77.18776728052272,13
27,2026-07-01 14:00:00,28.58402164576219,77.18851920183212,11
27,2026-07-01 14:05:00,28.58446355468435,77.1886892120511,10
27,2026-07-01 14:10:00,28.58377548134967,77.18859731886238,13
27,2026-07-01 14:15:00,28.58647097005914,77.1876476801173,17
27,2026-07-01 14:20:00,28.58633675885771,77.1872810260646,18
27,2026-07-01 14:25:00,28.586566401913277,77.18596274977257,13
27,2026-07-01 14:30:00,28.586611792857944,77.18602656150145,16
27,2026-07-01 14:35:00,28.585903665993936,77.18367307830782,11
27,2026-07-01 14:40:00,28.584773922328203,77.18541020216468,13
27,2026-07-01 14:45:00,28.584625192740386,77.18589081337993,13
27,2026-07-01 14:50:00,28.584608132053244,77.18608091967278,17
27,2026-07-01 14:55:00,28.58395984834394,77.18626250708348,12
27,2026-07-01 15:00:00,28.584106859177552,77.18739956594352,13
27,2026-07-01 15:05:00,28.58443692801492,77.18940245946027,9
27,2026-07-01 15:10:00,28.584772863406318,77.18958900128148,7
27,2026-07-01 15:15:00,28.584931046409114,77.19085965615916,5
27,2026-07-01 15:20:00,28.586211398429953,77.192401113354,4
27,2026-07-01 15:25:00,28.586278123949107,77.19308213412216,2
27,2026-07-01 15:30:00,28.587936559856118,77.19413022685102,5
27,2026-07-01 15:35:00,28.58852574200649,77.19513386249449,3
27,2026-07-01 15:40:00,28.587598027714204,77.195326661287,0
27,2026-07-01 15:45:00,28.587499614458736,77.19452461204074,4
27,2026-07-01 15:50:00,28.58750848791759,77.19628188625781,1
27,2026-07-01 15:55:00,28.587685804063064,77.19645423248491,0
27,2026-07-01 16:00:00,28.588515508192437,77.19517591966455,1
27,2026-07-01 16:05:00,28.58989794153334,77.19383157365972,0
27,2026-07-01 16:10:00,28.589259868498075,77.19452657332862,3
27,2026-07-01 16:15:00,28.590393915425608,77.19484264833535,7
27,2026-07-01 16:20:00,28.59151510021528,77.19435588905549,5
27,2026-07-01 16:25:00,28.59082251449537,77.19546486929401,8
27,2026-07-01 16:30:00,28.590048292553213,77.19591579841357,4
27,2026-07-01 16:35:00,28.58999735027415,77.19568962312589,7
28,2026-07-01 00:00:00,28.602471386134415,77.1996450465774,12
28,2026-07-01 00:05:00,28.602433451438788,77.20138455117394,16
28,2026-07-01 00:10:00,28.601574013251994,77.20280138525608,16
28,2026-07-01 00:15:00,28.600824835677457,77.20209447744068,14
28,2026-07-01 00:20:00,28.60137237189674,77.20222609812967,14
28,2026-07-01 00:25:00,28.598460567952024,77.2007814568766,15
28,2026-07-01 00:30:00,28.599363246094722,77.20110508934911,15
28,2026-07-01 00:35:00,28.59774433439775,77.2021275654767,14
28,2026-07-01 00:40:00,28.59574434783744,77.20002937801343,10
28,2026-07-01 00:45:00,28.595698304103067,77.19872284537176,6
28,2026-07-01 00:50:00,28.596046291010865,77.19735730351628,5
28,2026-07-01 00:55:00,28.59625412939423,77.19695871147736,6
28,2026-07-01 01:00:00,28.595630329102164,77.19783169946328,9
28,2026-07-01 01:05:00,28.59683865238811,77.19807648408289,4
28,2026-07-01 01:10:00,28.597055536452764,77.1981087863937,4
28,2026-07-01 01:15:00,28.597036299691702,77.19897560747962,6
28,2026-07-01 01:20:00,28.597301711543825,77.19873923815642,5
28,2026-07-01 01:25:00,28.600587435257506,77.19943440417404,8
28,2026-07-01 01:30:00,28.600257086010956,77.19948210364491,3
28,2026-07-01 01:35:00,28.599627199773384,77.19983001972304,2
28,2026-07-01 01:40:00,28.59905186240534,77.20008320341874,2
28,2026-07-01 01:45:00,28.59962182323793,77.20006556475893,0
28,2026-07-01 01:50:00,28.60036272787098,77.20105029944467,0
28,2026-07-01 01:55:00,28.600455229488595,77.20296684872005,2
28,2026-07-01 02:00:00,28.59971199312182,77.2039008409432,5
28,2026-07-01 02:05:00,28.600001920680427,77.2052221446424,6
28,2026-07-01 02:10:00,28.600136538690766,77.20561534542415,8
28,2026-07-01 02:15:00,28.60043398729599,77.20600666319037,11
28,2026-07-01 02:20:00,28.600103801734758,77.20489381682032,10
28,2026-07-01 02:25:00,28.600506458716406,77.20482335647985,12
28,2026-07-01 02:30:00,28.602307467826027,77.20627305346706,12
28,2026-07-01 02:35:00,28.602951566805995,77.20578412297165,16
28,2026-07-01 02:40:00,28.60201455982475,77.20445471786833,13
28,2026-07-01 02:45:00,28.602425878977975,77.2047505974853,15
28,2026-07-01 02:50:00,28.603259268467937,77.20497718961148,18
28,2026-07-01 02:55:00,28.60295299845913,77.2063746124723,17
28,2026-07-01 03:00:00,28.603143922190885,77.20648175780204,17
28,2026-07-01 03:05:00,28.603277555384075,77.20533426738696,12
28,2026-07-01 03:10:00,28.602539138133533,77.20518188311775,16
28,2026-07-01 03:15:00,28.604659971128868,77.20490839888444,17
28,2026-07-01 03:20:00,28.60652531679533,77.2049897084568,17
28,2026-07-01 03:25:00,28.60528195453465,77.20393623942272,17
28,2026-07-01 03:30:00,28.605959135757377,77.20492722328656,22
28,2026-07-01 03:35:00,28.605542820500034,77.20479390748004,23
28,2026-07-01 03:40:00,28.606485113728837,77.20574765954562,22
28,2026-07-01 03:45:00,28.60465694880091,77.20736501824307,23
28,2026-07-01 03:50:00,28.60213135257646,77.20693025355158,23
28,2026-07-01 03:55:00,28.602915532786838,77.20779050413809,20
28,2026-07-01 04:00:00,28.60400239627656,77.20607400656094,22
28,2026-07-01 04:05:00,28.603484862787646,77.20747658797798,27
28,2026-07-01 04:10:00,28.60302380777365,77.20719635304773,24
28,2026-07-01 04:15:00,28.60167722227068,77.20777159493367,19
28,2026-07-01 04:20:00,28.602475699281126,77.20829108380782,22
28,2026-07-01 04:25:00,28.600665737350255,77.2091958230958,25
28,2026-07-01 04:30:00,28.60079060496045,77.20841328180947,29
28,2026-07-01 04:35:00,28.600804255001723,77.20851911780714,27
28,2026-07-01 04:40:00,28.60020033240798,77.20818426707753,32
28,2026-07-01 04:45:00,28.59938967485228,77.20724521393383,33
28,2026-07-01 04:50:00,28.599247902717785,77.20708272691625,30
28,2026-07-01 04:55:00,28.601398213511118,77.20607802205555,26
28,2026-07-01 05:00:00,28.601750088663515,77.2044532986351,31
28,2026-07-01 05:05:00,28.600309967534436,77.20424904932302,35
28,2026-07-01 05:10:00,28.60078417764692,77.20331212633954,35
28,2026-07-01 05:15:00,28.600672823244533,77.20310197073535,34
28,2026-07-01 05:20:00,28.60270263670925,77.20243010033082,37
28,2026-07-01 05:25:00,28.603352579727062,77.20187685814662,35
28,2026-07-01 05:30:00,28.602379053918416,77.20170170169226,30
28,2026-07-01 05:35:00,28.60224270155875,77.20216078175076,32
28,2026-07-01 05:40:00,28.60194583097684,77.20381303164204,36
28,2026-07-01 05:45:00,28.60181514826525,77.20460539121268,37
28,2026-07-01 05:50:00,28.600351344352003,77.20489526340928,33
28,2026-07-01 05:55:00,28.60163907461846,77.20297305712579,33
28,2026-07-01 06:00:00,28.601448200316106,77.2013141465429,31
28,2026-07-01 06:05:00,28.602350810474043,77.20161547594607,26
28,2026-07-01 06:10:00,28.6021727007424,77.20007510492513,27
28,2026-07-01 06:15:00,28.60129388616336,77.19999633309571,29
28,2026-07-01 06:20:00,28.603112963353556,77.20046390800819,29
28,2026-07-01 06:25:00,28.603790837539933,77.20053699177298,33
28,2026-07-01 06:30:00,28.603003286099305,77.2000670338998,30
28,2026-07-01 06:35:00,28.60368159135336,77.20040732630967,29
28,2026-07-01 06:40:00,28.601131565061845,77.20079335092838,30
28,2026-07-01 06:45:00,28.602099377272648,77.19987102687212,27
28,2026-07-01 06:50:00,28.601906472346624,77.198504222477,25
28,2026-07-01 06:55:00,28.59922648786066,77.19821065564041,27
28,2026-07-01 07:00:00,28.599962888980848,77.19887699862466,22
28,2026-07-01 07:05:00,28.600582630368354,77.1986285200008,27
28,2026-07-01 07:10:00,28.60127632832337,77.19935294817704,29
28,2026-07-01 07:15:00,28.601625210154673,77.19950654278377,30
28,2026-07-01 07:20:00,28.60173299682746,77.20016231695905,30
28,2026-07-01 07:25:00,28.603349262897652,77.19886590865497,34
28,2026-07-01 07:30:00,28.605117332899113,77.20021986442008,36
28,2026-07-01 07:35:00,28.605095806753425,77.19981313303856,41
28,2026-07-01 07:40:00,28.605893292523003,77.19961397987754,45
28,2026-07-01 07:45:00,28.60476432925787,77.2020069921723,44
28,2026-07-01 07:50:00,28.60459445219885,77.2023687104823,42
28,2026-07-01 07:55:00,28.60404117362598,77.20113635297798,47
28,2026-07-01 08:00:00,28.604618094036663,77.2007879250277,49
28,2026-07-01 08:05:00,28.60387860028364,77.20164820245232,52
28,2026-07-01 08:10:00,28.603316715632378,77.20212340408027,53
28,2026-07-01 08:15:00,28.603299283138195,77.2014016755914,57
28,2026-07-01 08:20:00,28.60340931796213,77.20303672326202,61
28,2026-07-01 08:25:00,28.60292553720496,77.2030650627469,58
28,2026-07-01 08:30:00,28.6035498063593,77.2042099443706,56
28,2026-07-01 08:35:00,28.60225487447396,77.20566882975923,55
28,2026-07-01 08:40:00,28.60248769753609,77.20530488911588,52
28,2026-07-01 08:45:00,28.601690237013283,77.20364695612216,47
28,2026-07-01 08:50:00,28.601784467660586,77.20408008434958,45
28,2026-07-01 08:55:00,28.601599201745657,77.20347184520152,48
28,2026-07-01 09:00:00,28.600565236005686,77.20464316766474,46
28,2026-07-01 09:05:00,28.60053939786097,77.20445154174908,41
28,2026-07-01 09:10:00,28.597339637298607,77.20361232923756,42
28,2026-07-01 09:15:00,28.5970171151795,77.20473049778593,41
28,2026-07-01 09:20:00,28.597473719358053,77.20392647624087,38
28,2026-07-01 09:25:00,28.596074376310266,77.20410795412275,41
28,2026-07-01 09:30:00,28.595823404866238,77.20280931072776,37
28,2026-07-01 09:35:00,28.594940674749715,77.20318964831921,35
28,2026-07-01 09:40:00,28.594792686002194,77.20489941157088,40
28,2026-07-01 09:45:00,28.59458898291952,77.20411140170287,43
28,2026-07-01 09:50:00,28.596306630606204,77.20445258133188,44
28,2026-07-01 09:55:00,28.596737092821755,77.20323413771999,46
28,2026-07-01 10:00:00,28.59655233942078,77.20323790189532,43
28,2026-07-01 10:05:00,28.59720307912487,77.20361268042618,45
28,2026-07-01 10:10:00,28.59711589828654,77.20389727093587,48
28,2026-07-01 10:15:00,28.595865872630952,77.20420297212662,53
28,2026-07-01 10:20:00,28.59507048895158,77.2048724574818,48
28,2026-07-01 10:25:00,28.595670471154158,77.20456317291227,51
28,2026-07-01 10:30:00,28.593924502121684,77.2043809310881,48
28,2026-07-01 10:35:00,28.594420097836583,77.20458102820652,47
28,2026-07-01 10:40:00,28.59499271322864,77.20503445669574,52
28,2026-07-01 10:45:00,28.596490898352993,77.20615935638538,54
28,2026-07-01 10:50:00,28.59544671117413,77.20700728513874,52
28,2026-07-01 10:55:00,28.595397631969902,77.20764310604189,50
28,2026-07-01 11:00:00,28.598363997765077,77.20721041005132,52
28,2026-07-01 11:05:00,28.599381063309046,77.20733596857379,49
28,2026-07-01 11:10:00,28.60027250335578,77.2077800345517,47
28,2026-07-01 11:15:00,28.600606448403777,77.20740012658516,49
28,2026-07-01 11:20:00,28.60088633696412,77.20598017211314,50
28,2026-07-01 11:25:00,28.60006810498062,77.20586824486274,45
28,2026-07-01 11:30:00,28.599487846806255,77.20523226808614,47
28,2026-07-01 11:35:00,28.600473772623342,77.20612967772178,46
28,2026-07-01 11:40:00,28.601665771538876,77.20746334746292,41
28,2026-07-01 11:45:00,28.603302255724508,77.20683369156458,44
28,2026-07-01 11:50:00,28.60171792814666,77.20825797497886,49
28,2026-07-01 11:55:00,28.599391429778084,77.20796382927726,48
28,2026-07-01 12:00:00,28.60135737563009,77.20761523156072,48
28,2026-07-01 12:05:00,28.601100757812777,77.20649429099906,50
28,2026-07-01 12:10:00,28.59971689879378,77.20589751852269,49
28,2026-07-01 12:15:00,28.598686591143206,77.20610213674829,47
28,2026-07-01 12:20:00,28.600372598092978,77.20851377694008,46
28,2026-07-01 12:25:00,28.598448049652212,77.20837438919379,43
28,2026-07-01 12:30:00,28.597381282097526,77.20861057334909,39
28,2026-07-01 12:35:00,28.59651679048577,77.20888398113884,41
28,2026-07-01 12:40:00,28.595769046454432,77.20949454541439,36
28,2026-07-01 12:45:00,28.59490487437526,77.20950719987853,33
28,2026-07-01 12:50:00,28.596279760466405,77.2093310732751,34
28,2026-07-01 12:55:00,28.596508700710302,77.20975500558671,37
28,2026-07-01 13:00:00,28.59665865559787,77.2089898494664,36
28,2026-07-01 13:05:00,28.597230186294773,77.21037769543675,36
28,2026-07-01 13:10:00,28.59770053103643,77.20784382423655,37
28,2026-07-01 13:15:00,28.597688772978035,77.20802211517767,33
28,2026-07-01 13:20:00,28.599056063127804,77.20842984250098,30
28,2026-07-01 13:25:00,28.599191002657967,77.20581272938354,29
28,2026-07-01 13:30:00,28.59841955549938,77.20548299293345,28
28,2026-07-01 13:35:00,28.59813191803834,77.20535732754819,31
28,2026-07-01 13:40:00,28.59719730912575,77.20655347776972,27
28,2026-07-01 13:45:00,28.598072665203095,77.20643691561452,29
28,2026-07-01 13:50:00,28.59843803525753,77.20712690933725,29
28,2026-07-01 13:55:00,28.599633977164967,77.20800865573801,30
28,2026-07-01 14:00:00,28.60031415324503,77.20906610887745,25
28,2026-07-01 14:05:00,28.601608054038568,77.20730617806704,23
28,2026-07-01 14:10:00,28.60208535004738,77.20752369156298,21
28,2026-07-01 14:15:00,28.60272597731486,77.20931887425212,21
28,2026-07-01 14:20:00,28.603239381683036,77.20987357918462,22
28,2026-07-01 14:25:00,28.601969458595708,77.2110697129017,18
28,2026-07-01 14:30:00,28.602088630358644,77.21104571809835,23
28,2026-07-01 14:35:00,28.601433087822834,77.21154482454033,24
28,2026-07-01 14:40:00,28.601330506462592,77.210473329155,28
28,2026-07-01 14:45:00,28.600603511636876,77.20970456232644,30
28,2026-07-01 14:50:00,28.602828722301265,77.20919312975562,31
28,2026-07-01 14:55:00,28.6035941530305,77.21034926550426,28
28,2026-07-01 15:00:00,28.605639067499283,77.20982381217803,33
28,2026-07-01 15:05:00,28.60553354256051,77.2095557795907,36
28,2026-07-01 15:10:00,28.60437813788973,77.20903833793128,31
28,2026-07-01 15:15:00,28.603682760424245,77.20995379145235,27
28,2026-07-01 15:20:00,28.604750755490798,77.21055378413432,29
28,2026-07-01 15:25:00,28.603643294082172,77.21175520116611,32
28,2026-07-01 15:30:00,28.602713250853096,77.21134957636444,29
28,2026-07-01 15:35:00,28.603673601005454,77.21184559742797,28
28,2026-07-01 15:40:00,28.602354818367782,77.21139125882826,24
28,2026-07-01 15:45:00,28.601367883754172,77.21101221084719,23
28,2026-07-01 15:50:00,28.602042333345587,77.2103837249877,21
28,2026-07-01 15:55:00,28.601188404431014,77.21152200643259,19
28,2026-07-01 16:00:00,28.600990246852373,77.21141413171718,17
28,2026-07-01 16:05:00,28.600738480025303,77.21117568605003,22
28,2026-07-01 16:10:00,28.598996715912918,77.21231569933643,23
28,2026-07-01 16:15:00,28.599577383233264,77.21306313567698,25
28,2026-07-01 16:20:00,28.598567296774405,77.21322432059922,30
28,2026-07-01 16:25:00,28.598139462558688,77.2152272676833,31
28,2026-07-01 16:30:00,28.59895157735087,77.21563915976053,35
28,2026-07-01 16:35:00,28.599998225711712,77.21487723191647,34
29,2026-07-01 00:00:00,28.603038476688223,77.20043734437384,25
29,2026-07-01 00:05:00,28.602151175321186,77.20046816857827,27
29,2026-07-01 00:10:00,28.60184127810088,77.20014235349849,27
29,2026-07-01 00:15:00,28.603097215140895,77.20071691521603,32
29,2026-07-01 00:20:00,28.603170072961046,77.20001444125798,29
29,2026-07-01 00:25:00,28.602810139789565,77.19989327536517,30
29,2026-07-01 00:30:00,28.602116461146633,77.19991053924443,26
29,2026-07-01 00:35:00,28.60228141802204,77.20104263612527,23
29,2026-07-01 00:40:00,28.60015928460937,77.20022574003708,25
29,2026-07-01 00:45:00,28.600630153468742,77.2012135744584,26
29,2026-07-01 00:50:00,28.601462769885522,77.2033125220307,22
29,2026-07-01 00:55:00,28.601011743766907,77.20288450277499,22
29,2026-07-01 01:00:00,28.600747423075237,77.2027205576869,18
29,2026-07-01 01:05:00,28.602522460096363,77.20275234159178,18
29,2026-07-01 01:10:00,28.601639395320607,77.20379986098499,14
29,2026-07-01 01:15:00,28.601537966427426,77.2049392479155,16
29,2026-07-01 01:20:00,28.603004254599764,77.20447869358479,11
29,2026-07-01 01:25:00,28.602147082225873,77.20497050798588,11
29,2026-07-01 01:30:00,28.600924241800442,77.2041629071379,6
29,2026-07-01 01:35:00,28.601452380592068,77.20448608501742,2
29,2026-07-01 01:40:00,28.601761538311585,77.20380203898705,1
29,2026-07-01 01:45:00,28.6025512113786,77.20169074478684,1
29,2026-07-01 01:50:00,28.60057234321846,77.20048565562048,6
29,2026-07-01 01:55:00,28.599862318131645,77.20113773585784,3
29,2026-07-01 02:00:00,28.60016316002396,77.2006710941527,5
29,2026-07-01 02:05:00,28.601530599067125,77.20053080764434,10
29,2026-07-01 02:10:00,28.602145688051273,77.20158803138611,5
29,2026-07-01 02:15:00,28.602684729548027,77.20126601941548,6
29,2026-07-01 02:20:00,28.601687638423762,77.20162447638171,9
29,2026-07-01 02:25:00,28.600250151128254,77.20295246696989,12
29,2026-07-01 02:30:00,28.59979142946667,77.20306075854735,11
29,2026-07-01 02:35:00,28.599627503489913,77.20346302089202,15
29,2026-07-01 02:40:00,28.601490033441788,77.20454314189583,13
29,2026-07-01 02:45:00,28.599571952776962,77.2042825420672,17
29,2026-07-01 02:50:00,28.600288739151026,77.20341967175766,22
29,2026-07-01 02:55:00,28.599785846292264,77.20358915280508,25
29,2026-07-01 03:00:00,28.60007040714359,77.20287261204939,29
29,2026-07-01 03:05:00,28.601413953650212,77.20224889601447,27
29,2026-07-01 03:10:00,28.600670594388585,77.20276441164849,26
29,2026-07-01 03:15:00,28.602554911232563,77.20311574699956,26
29,2026-07-01 03:20:00,28.600919645346572,77.20447179334619,24
29,2026-07-01 03:25:00,28.601581345277808,77.20626822467997,26
29,2026-07-01 03:30:00,28.601907726285653,77.20762926204091,21
29,2026-07-01 03:35:00,28.601295332500932,77.20775245570228,19
29,2026-07-01 03:40:00,28.599954172788724,77.20878982294204,24
29,2026-07-01 03:45:00,28.601137067727603,77.20724536803296,22
29,2026-07-01 03:50:00,28.60035859681393,77.20741819753385,25
29,2026-07-01 03:55:00,28.600280749032386,77.20753096827895,25
29,2026-07-01 04:00:00,28.599801109286588,77.20698473991023,28
29,2026-07-01 04:05:00,28.59898317199616,77.2071252488145,30
29,2026-07-01 04:10:00,28.598668088068457,77.207604830659,27
29,2026-07-01 04:15:00,28.596986020784758,77.20892093011085,22
29,2026-07-01 04:20:00,28.59776116533537,77.20977953306748,23
29,2026-07-01 04:25:00,28.597064922114928,77.20955038240845,18
29,2026-07-01 04:30:00,28.598557186624404,77.20929674195456,18
29,2026-07-01 04:35:00,28.597885498759826,77.2098587128622,14
29,2026-07-01 04:40:00,28.598694039518147,77.20890061204854,19
29,2026-07-01 04:45:00,28.5987067967472,77.20984291277124,18
29,2026-07-01 04:50:00,28.59878508917871,77.20947275652297,19
29,2026-07-01 04:55:00,28.59822795929011,77.20883403320245,16
29,2026-07-01 05:00:00,28.598086199965167,77.20920656091876,20
29,2026-07-01 05:05:00,28.59833353326685,77.20890574678839,22
29,2026-07-01 05:10:00,28.59744745097862,77.20777640235359,21
29,2026-07-01 05:15:00,28.596502636488378,77.20794142761602,24
29,2026-07-01 05:20:00,28.59689320962719,77.20739321947909,29
29,2026-07-01 05:25:00,28.598565001016905,77.20864488102455,27
29,2026-07-01 05:30:00,28.59872708670955,77.20950727160047,27
29,2026-07-01 05:35:00,28.600090717117254,77.20806463309505,25
29,2026-07-01 05:40:00,28.59821080541188,77.20944812325949,30
29,2026-07-01 05:45:00,28.59761447639616,77.21037359589292,32
29,2026-07-01 05:50:00,28.597950953847132,77.20965029084375,28
29,2026-07-01 05:55:00,28.600158999894674,77.20977569952323,28
29,2026-07-01 06:00:00,28.599418495467354,77.20981989052002,30
29,2026-07-01 06:05:00,28.599806517272654,77.20902816624613,27
29,2026-07-01 06:10:00,28.600381237588504,77.20977507441808,25
29,2026-07-01 06:15:00,28.601679778918275,77.21038911068203,23
29,2026-07-01 06:20:00,28.600812959789682,77.21047227076544,21
29,2026-07-01 06:25:00,28.598948689952426,77.21271695302087,17
29,2026-07-01 06:30:00,28.60039064410599,77.21188945573533,17
29,2026-07-01 06:35:00,28.600087056037168,77.21080473463492,12
29,2026-07-01 06:40:00,28.599951103809545,77.21199036934316,17
29,2026-07-01 06:45:00,28.599856147440043,77.21222216605268,22
29,2026-07-01 06:50:00,28.6009143321419,77.21275196498591,17
29,2026-07-01 06:55:00,28.602959270939934,77.21297713591814,12
29,2026-07-01 07:00:00,28.60363121062722,77.21282923931403,13
29,2026-07-01 07:05:00,28.603977833519696,77.21320365996554,18
29,2026-07-01 07:10:00,28.605006532235585,77.21228194212907,19
29,2026-07-01 07:15:00,28.605004749225333,77.21283523955347,14
29,2026-07-01 07:20:00,28.606251079036408,77.21168023105606,15
29,2026-07-01 07:25:00,28.605893709900688,77.211810989125,14
29,2026-07-01 07:30:00,28.60591512052909,77.21299505073941,14
29,2026-07-01 07:35:00,28.606129653447976,77.21207040672095,19
29,2026-07-01 07:40:00,28.605291939573103,77.21238488133207,18
29,2026-07-01 07:45:00,28.60665275380091,77.21241329906212,19
29,2026-07-01 07:50:00,28.60748052901528,77.21321563184,21
29,2026-07-01 07:55:00,28.60754396552515,77.21421288646806,23
29,2026-07-01 08:00:00,28.606693618427176,77.21381403007095,23
29,2026-07-01 08:05:00,28.60671030793282,77.21201253891326,20
29,2026-07-01 08:10:00,28.6056051348518,77.21188924086684,23
29,2026-07-01 08:15:00,28.60655209646662,77.21231367273562,18
29,2026-07-01 08:20:00,28.605859153236473,77.21289023385613,16
29,2026-07-01 08:25:00,28.604328898018363,77.21163609518844,21
29,2026-07-01 08:30:00,28.60391620785868,77.21126117551638,22
29,2026-07-01 08:35:00,28.601972551130967,77.21179262611511,24
29,2026-07-01 08:40:00,28.600901796754627,77.21275871897046,23
29,2026-07-01 08:45:00,28.60178267728709,77.21099050398344,21
29,2026-07-01 08:50:00,28.601742518974696,77.20854926192733,23
29,2026-07-01 08:55:00,28.601386042006066,77.20891128647833,18
29,2026-07-01 09:00:00,28.60219577775586,77.20897004186627,14
29,2026-07-01 09:05:00,28.600988194897642,77.20989185770222,13
29,2026-07-01 09:10:00,28.600543775348246,77.21014676473173,14
29,2026-07-01 09:15:00,28.599259577137335,77.20958321155048,12
29,2026-07-01 09:20:00,28.59825983408569,77.21161910019399,13
29,2026-07-01 09:25:00,28.59701090400123,77.21156726099822,8
29,2026-07-01 09:30:00,28.596798214266926,77.21127955811009,8
29,2026-07-01 09:35:00,28.596019333593418,77.21101411733223,13
29,2026-07-01 09:40:00,28.5970882941744,77.21014725875006,17
29,2026-07-01 09:45:00,28.598178055871827,77.2093101197122,15
29,2026-07-01 09:50:00,28.599475809583613,77.20923527907607,19
29,2026-07-01 09:55:00,28.599835295523388,77.20965065869858,21
29,2026-07-01 10:00:00,28.6012351880965,77.2089989946896,19
29,2026-07-01 10:05:00,28.599589611037565,77.20893542041239,16
29,2026-07-01 10:10:00,28.60022151250521,77.20838167878927,16
29,2026-07-01 10:15:00,28.601232992219273,77.20930181658807,13
29,2026-07-01 10:20:00,28.601775496448937,77.21056057782782,11
29,2026-07-01 10:25:00,28.602322298237276,77.21199527656078,12
29,2026-07-01 10:30:00,28.60301922887224,77.20957650109372,17
29,2026-07-01 10:35:00,28.60139523978149,77.21057253359186,21
29,2026-07-01 10:40:00,28.601309245465842,77.21083707420759,17
29,2026-07-01 10:45:00,28.602354949973897,77.20956243198835,12
29,2026-07-01 10:50:00,28.60188991687174,77.20988443111928,13
29,2026-07-01 10:55:00,28.602029976177857,77.210225198795,12
29,2026-07-01 11:00:00,28.60281753813877,77.20998420997053,13
29,2026-07-01 11:05:00,28.60313591058883,77.20942857408235,14
29,2026-07-01 11:10:00,28.60097499798606,77.20894102952595,16
29,2026-07-01 11:15:00,28.60161989861227,77.2084954264001,17
29,2026-07-01 11:20:00,28.60264718478201,77.20820537461682,18
29,2026-07-01 11:25:00,28.60352284114524,77.20733936790784,13
29,2026-07-01 11:30:00,28.605425075582787,77.20676795459796,12
29,2026-07-01 11:35:00,28.603383747351245,77.20721294060137,17
29,2026-07-01 11:40:00,28.60443977772281,77.2066901593848,20
29,2026-07-01 11:45:00,28.60485933993508,77.20656449450036,15
29,2026-07-01 11:50:00,28.605159999383964,77.20837085165972,14
29,2026-07-01 11:55:00,28.603812771726652,77.20715483363075,16
29,2026-07-01 12:00:00,28.603685145548003,77.2069705876519,19
29,2026-07-01 12:05:00,28.60435250083246,77.20715169994078,17
29,2026-07-01 12:10:00,28.60423665456011,77.20813283909435,17
29,2026-07-01 12:15:00,28.60403672463699,77.20887574239978,13
29,2026-07-01 12:20:00,28.60416415318303,77.20895184794074,8
29,2026-07-01 12:25:00,28.603095035522333,77.20851382937894,3
29,2026-07-01 12:30:00,28.60322306673928,77.2090283510866,1
29,2026-07-01 12:35:00,28.602512374746812,77.20971196939854,0
29,2026-07-01 12:40:00,28.60205665657291,77.21004398939235,3
29,2026-07-01 12:45:00,28.601647657393684,77.20851456167232,3
29,2026-07-01 12:50:00,28.60223273816925,77.20762540050916,0
29,2026-07-01 12:55:00,28.60305796258843,77.2081073021412,1
29,2026-07-01 13:00:00,28.603670292311673,77.2087291961034,0
29,2026-07-01 13:05:00,28.603483908046996,77.20998839455073,0
29,2026-07-01 13:10:00,28.603988062597946,77.21046500805775,1
29,2026-07-01 13:15:00,28.60352566959927,77.20951784592366,6
29,2026-07-01 13:20:00,28.604035977605534,77.20983936186988,11
29,2026-07-01 13:25:00,28.604005384541303,77.21006396134659,7
29,2026-07-01 13:30:00,28.603138017414224,77.21015448391205,5
29,2026-07-01 13:35:00,28.60486353681879,77.21088022398732,1
29,2026-07-01 13:40:00,28.604258561062085,77.21011604315564,5
29,2026-07-01 13:45:00,28.605542300495788,77.21016292169894,9
29,2026-07-01 13:50:00,28.603993320834117,77.20967505052413,13
29,2026-07-01 13:55:00,28.605389583327256,77.2104545205087,13
29,2026-07-01 14:00:00,28.605826351078367,77.21056875315321,14
29,2026-07-01 14:05:00,28.604059169107018,77.20882717472715,14
29,2026-07-01 14:10:00,28.604307168271575,77.2086858601968,9
29,2026-07-01 14:15:00,28.603872425208383,77.20696992112424,6
29,2026-07-01 14:20:00,28.604375152804693,77.20595737315695,9
29,2026-07-01 14:25:00,28.60299357008887,77.20519855372227,13
29,2026-07-01 14:30:00,28.60380293016088,77.20549456577541,10
29,2026-07-01 14:35:00,28.60288704759378,77.2067139152657,10
29,2026-07-01 14:40:00,28.603454526227917,77.20658404262258,12
29,2026-07-01 14:45:00,28.603620545075792,77.207580505238,15
29,2026-07-01 14:50:00,28.604527609518353,77.20771657224282,13
29,2026-07-01 14:55:00,28.60235739051805,77.2068014884922,18
29,2026-07-01 15:00:00,28.60184621755011,77.20684335854247,14
29,2026-07-01 15:05:00,28.60229934065882,77.20619754608971,16
29,2026-07-01 15:10:00,28.6041776268078,77.20762410090823,21
29,2026-07-01 15:15:00,28.604043473480807,77.20675150638182,21
29,2026-07-01 15:20:00,28.602790359560757,77.20635835480284,21
29,2026-07-01 15:25:00,28.604541200632408,77.20512453700107,17
29,2026-07-01 15:30:00,28.605198941614116,77.2044255078628,13
29,2026-07-01 15:35:00,28.60476950531761,77.20416070818047,13
29,2026-07-01 15:40:00,28.604492429429552,77.20357924562121,13
29,2026-07-01 15:45:00,28.607632852339655,77.2034296603059,8
29,2026-07-01 15:50:00,28.60910486539846,77.20231405521099,4
29,2026-07-01 15:55:00,28.60814786691312,77.20250687676135,5
29,2026-07-01 16:00:00,28.60804385225646,77.20456990085157,1
29,2026-07-01 16:05:00,28.60800596555544,77.20539086799089,4
29,2026-07-01 16:10:00,28.60859701342034,77.20485498771205,4
29,2026-07-01 16:15:00,28.608368691528984,77.20321846453565,4
29,2026-07-01 16:20:00,28.608859951697525,77.20251208961186,4
29,2026-07-01 16:25:00,28.608774532864693,77.20445383573391,9
29,2026-07-01 16:30:00,28.60862251187831,77.20351815789019,6
29,2026-07-01 16:35:00,28.6092437382301,77.20321998959973,7
30,2026-07-01 00:00:00,28.59759586460785,77.19985189143914,41
30,2026-07-01 00:05:00,28.59711041647387,77.19984595501266,44
30,2026-07-01 00:10:00,28.59701338975288,77.19985679675695,40
30,2026-07-01 00:15:00,28.597713886816038,77.19910219237455,40
30,2026-07-01 00:20:00,28.598308773320436,77.19955277234104,37
30,2026-07-01 00:25:00,28.600213773160846,77.19899453540745,40
30,2026-07-01 00:30:00,28.601024070366623,77.19900687881157,43
30,2026-07-01 00:35:00,28.60112259639153,77.19880643382889,43
30,2026-07-01 00:40:00,28.600643817031344,77.19818451196652,43
30,2026-07-01 00:45:00,28.59955206760212,77.19905083233134,41
30,2026-07-01 00:50:00,28.59960474581637,77.19793468397725,45
30,2026-07-01 00:55:00,28.600659800365314,77.19760047697919,50
30,2026-07-01 01:00:00,28.60110011848674,77.198378542073,49
30,2026-07-01 01:05:00,28.600734741050886,77.19709812626958,48
30,2026-07-01 01:10:00,28.599303011354362,77.19992229327899,45
30,2026-07-01 01:15:00,28.599121120963993,77.20003565880654,46
30,2026-07-01 01:20:00,28.598167204821998,77.20140753139303,46
30,2026-07-01 01:25:00,28.599518293768334,77.20232092248384,46
30,2026-07-01 01:30:00,28.599380829998594,77.20243854646792,51
30,2026-07-01 01:35:00,28.598847799338454,77.20095630924587,47
30,2026-07-01 01:40:00,28.597987936869302,77.20091529662787,46
30,2026-07-01 01:45:00,28.599174790659806,77.20100705495463,47
30,2026-07-01 01:50:00,28.599467314790342,77.20135979618422,46
30,2026-07-01 01:55:00,28.600703934532486,77.20089715144233,48
30,2026-07-01 02:00:00,28.602193840614436,77.20118159678067,43
30,2026-07-01 02:05:00,28.6020759563499,77.20130479727392,45
30,2026-07-01 02:10:00,28.603000782562276,77.20245231789055,46
30,2026-07-01 02:15:00,28.603443056192976,77.20134539305758,44
30,2026-07-01 02:20:00,28.603010070284164,77.1998935194407,40
30,2026-07-01 02:25:00,28.603518249721983,77.19917235797935,38
30,2026-07-01 02:30:00,28.604202354712918,77.19930694126417,42
30,2026-07-01 02:35:00,28.607445186784688,77.20096771212158,45
30,2026-07-01 02:40:00,28.60821285627345,77.20106641609,45
30,2026-07-01 02:45:00,28.607811539977188,77.20323287627971,43
30,2026-07-01 02:50:00,28.608368569599676,77.20497688651379,38
30,2026-07-01 02:55:00,28.607364528738657,77.20444412897433,39
30,2026-07-01 03:00:00,28.607589406635057,77.20449443837657,38
30,2026-07-01 03:05:00,28.60589536735383,77.20364771904865,39
30,2026-07-01 03:10:00,28.605015435345482,77.20457788527753,35
30,2026-07-01 03:15:00,28.606643080566265,77.20504194554466,32
30,2026-07-01 03:20:00,28.607683107286128,77.2054360720551,33
30,2026-07-01 03:25:00,28.60718527195695,77.20544159211667,31
30,2026-07-01 03:30:00,28.60739772001445,77.20758475363469,31
30,2026-07-01 03:35:00,28.60617856927351,77.20900375783094,27
30,2026-07-01 03:40:00,28.6055634574424,77.20927951089956,22
30,2026-07-01 03:45:00,28.603104563853567,77.20898032906811,26
30,2026-07-01 03:50:00,28.60312596789897,77.21016085535935,23
30,2026-07-01 03:55:00,28.603690832031123,77.209672055561,27
30,2026-07-01 04:00:00,28.603748630869312,77.21050155460945,27
30,2026-07-01 04:05:00,28.60390217942357,77.21070907424716,28
30,2026-07-01 04:10:00,28.603816698162525,77.2108223710668,27
30,2026-07-01 04:15:00,28.602821640021563,77.20973167782209,29
30,2026-07-01 04:20:00,28.601944289017755,77.20997364699015,27
30,2026-07-01 04:25:00,28.601574955758412,77.21145370251314,30
30,2026-07-01 04:30:00,28.601051281070358,77.20940333039678,28
30,2026-07-01 04:35:00,28.600984373576686,77.2098284520692,28
30,2026-07-01 04:40:00,28.60102017617672,77.20996659962557,33
30,2026-07-01 04:45:00,28.600485388076162,77.21144781823583,38
30,2026-07-01 04:50:00,28.598967750671378,77.21014898941773,34
30,2026-07-01 04:55:00,28.59983031526804,77.21100275303586,34
30,2026-07-01 05:00:00,28.600393494494913,77.21150547199902,29
30,2026-07-01 05:05:00,28.600895574879665,77.21228109568509,32
30,2026-07-01 05:10:00,28.600799430591742,77.21303528364612,37
30,2026-07-01 05:15:00,28.59894247931447,77.21270590854964,34
30,2026-07-01 05:20:00,28.597619682562232,77.21420460086696,33
30,2026-07-01 05:25:00,28.597646368612807,77.21490727105869,38
30,2026-07-01 05:30:00,28.59612877340548,77.21556377985945,38
30,2026-07-01 05:35:00,28.59680545336026,77.21564528690052,43
30,2026-07-01 05:40:00,28.597406690148414,77.21750720177867,39
30,2026-07-01 05:45:00,28.597401068454815,77.21789317555364,44
30,2026-07-01 05:50:00,28.598949410783423,77.21866375725769,48
30,2026-07-01 05:55:00,28.5986292412752,77.2181234717298,53
30,2026-07-01 06:00:00,28.59823867521671,77.2185388522655,58
30,2026-07-01 06:05:00,28.597914272296762,77.2182743784814,54
30,2026-07-01 06:10:00,28.597402249168432,77.21848273115356,59
30,2026-07-01 06:15:00,28.59637215409194,77.2186293637412,60
30,2026-07-01 06:20:00,28.595998448331187,77.2180786710727,58
30,2026-07-01 06:25:00,28.595350107147045,77.21790353931706,54
30,2026-07-01 06:30:00,28.594291482557427,77.21878493295696,54
30,2026-07-01 06:35:00,28.593823558835094,77.21763838279325,59
30,2026-07-01 06:40:00,28.593278920091024,77.2194922644096,61
30,2026-07-01 06:45:00,28.594238412096445,77.21941089448613,56
30,2026-07-01 06:50:00,28.594544372120883,77.22070689215677,56
30,2026-07-01 06:55:00,28.59584577451119,77.2180356938727,57
30,2026-07-01 07:00:00,28.595873146989884,77.21835738324278,57
30,2026-07-01 07:05:00,28.593868302302845,77.21937238202067,62
30,2026-07-01 07:10:00,28.594342685341825,77.217401470932,60
30,2026-07-01 07:15:00,28.59590811100557,77.21781430022558,59
30,2026-07-01 07:20:00,28.597415818704885,77.21740562787988,58
30,2026-07-01 07:25:00,28.59674432682447,77.21744557836182,55
30,2026-07-01 07:30:00,28.595454944735366,77.21818038970532,60
30,2026-07-01 07:35:00,28.593404807983386,77.2186005908552,62
30,2026-07-01 07:40:00,28.594710454351503,77.21712861157818,58
30,2026-07-01 07:45:00,28.594220396500717,77.2170282347147,62
30,2026-07-01 07:50:00,28.59466206787754,77.21761991121306,60
30,2026-07-01 07:55:00,28.59467362580031,77.216356426608,58
30,2026-07-01 08:00:00,28.594787902140716,77.21688544574654,54
30,2026-07-01 08:05:00,28.595459301665752,77.21726959108196,52
30,2026-07-01 08:10:00,28.597131137524496,77.21773952731503,53
30,2026-07-01 08:15:00,28.596828663666102,77.21869704057696,52
30,2026-07-01 08:20:00,28.59903197348136,77.21932919220664,55
30,2026-07-01 08:25:00,28.599171096885943,77.21971624687127,54
30,2026-07-01 08:30:00,28.599297020706427,77.22022288332619,57
30,2026-07-01 08:35:00,28.59858050191496,77.22066198152663,61
30,2026-07-01 08:40:00,28.59804505102583,77.22235848710854,64
30,2026-07-01 08:45:00,28.597854245419487,77.22228006594142,61
30,2026-07-01 08:50:00,28.5976011238432,77.22130104381185,64
30,2026-07-01 08:55:00,28.597857469198082,77.22327948073199,65
30,2026-07-01 09:00:00,28.599054892397888,77.22397477345865,70
30,2026-07-01 09:05:00,28.599662439121524,77.2234866652475,72
30,2026-07-01 09:10:00,28.598166858545337,77.22140448618447,67
30,2026-07-01 09:15:00,28.598058524662093,77.22086963186169,72
30,2026-07-01 09:20:00,28.598344557085586,77.21959763447751,67
30,2026-07-01 09:25:00,28.598979921546757,77.22086806783318,68
30,2026-07-01 09:30:00,28.599356247504403,77.22147449256157,71
30,2026-07-01 09:35:00,28.599348431587313,77.22027468638753,76
30,2026-07-01 09:40:00,28.598918472941516,77.22092097829122,75
30,2026-07-01 09:45:00,28.59741513294785,77.21916855750926,71
30,2026-07-01 09:50:00,28.598294871622073,77.21826953439553,69
30,2026-07-01 09:55:00,28.598258598135775,77.2179831450503,64
30,2026-07-01 10:00:00,28.59759690826481,77.21684256656081,68
30,2026-07-01 10:05:00,28.597203111408646,77.21690953640088,68
30,2026-07-01 10:10:00,28.597195443606598,77.21707203491113,72
30,2026-07-01 10:15:00,28.596901806513703,77.21611069532732,68
30,2026-07-01 10:20:00,28.595526640024097,77.21698299138069,67
30,2026-07-01 10:25:00,28.594736040802967,77.21706867249233,62
30,2026-07-01 10:30:00,28.595592705922837,77.21726269349683,63
30,2026-07-01 10:35:00,28.596940139421186,77.2172789039685,58
30,2026-07-01 10:40:00,28.5979739366127,77.21915809185357,53
30,2026-07-01 10:45:00,28.599125760511768,77.21753457780167,54
30,2026-07-01 10:50:00,28.59796937632215,77.21722079709744,56
30,2026-07-01 10:55:00,28.599721172539223,77.21804341246741,55
30,2026-07-01 11:00:00,28.59954680970281,77.21731779501084,50
30,2026-07-01 11:05:00,28.598791106587647,77.21634244697394,53
30,2026-07-01 11:10:00,28.598485944287706,77.21702615612435,54
30,2026-07-01 11:15:00,28.59832367774862,77.21668433269585,55
30,2026-07-01 11:20:00,28.599244073909876,77.21775218937314,51
30,2026-07-01 11:25:00,28.59765472468431,77.21716002940657,54
30,2026-07-01 11:30:00,28.59824421622903,77.21770278459402,59
30,2026-07-01 11:35:00,28.599459100259214,77.21677807271362,64
30,2026-07-01 11:40:00,28.597051236639768,77.21701553038557,67
30,2026-07-01 11:45:00,28.59539550212927,77.21764440164002,67
30,2026-07-01 11:50:00,28.595205520705775,77.21767915611831,68
30,2026-07-01 11:55:00,28.594166880995182,77.21885012851335,63
30,2026-07-01 12:00:00,28.595112541658004,77.2187291213101,66
30,2026-07-01 12:05:00,28.595176968331735,77.21881083323636,68
30,2026-07-01 12:10:00,28.595851112336856,77.21952709573283,64
30,2026-07-01 12:15:00,28.597197656800134,77.21754988230175,68
30,2026-07-01 12:20:00,28.59595130290497,77.21827401943403,63
30,2026-07-01 12:25:00,28.59522130623339,77.21916086209352,58
30,2026-07-01 12:30:00,28.595294045718433,77.22022066212634,54
30,2026-07-01 12:35:00,28.59611502328026,77.21832491598292,59
30,2026-07-01 12:40:00,28.5961047619562,77.218902844209,55
30,2026-07-01 12:45:00,28.596629311140266,77.21930504401139,52
30,2026-07-01 12:50:00,28.59660666701013,77.21910875039364,56
30,2026-07-01 12:55:00,28.594303735034348,77.21719338251765,59
30,2026-07-01 13:00:00,28.594050727686746,77.21658594162237,64
30,2026-07-01 13:05:00,28.593295756954177,77.21524819202067,59
30,2026-07-01 13:10:00,28.59333266229273,77.21626959178955,62
30,2026-07-01 13:15:00,28.595545470082175,77.21632703970465,60
30,2026-07-01 13:20:00,28.596290059685284,77.21620659270928,62
30,2026-07-01 13:25:00,28.59627284120705,77.21718504811359,58
30,2026-07-01 13:30:00,28.597788786353345,77.21575856495697,53
30,2026-07-01 13:35:00,28.59767302351762,77.21540247457506,54
30,2026-07-01 13:40:00,28.59731231901717,77.21518278753004,56
30,2026-07-01 13:45:00,28.598059386336143,77.21612548319754,57
30,2026-07-01 13:50:00,28.59923958904281,77.21613568274039,52
30,2026-07-01 13:55:00,28.598997771130282,77.21705978086922,56
30,2026-07-01 14:00:00,28.600213632251226,77.21554560461391,51
30,2026-07-01 14:05:00,28.59893048320581,77.21441573359738,50
30,2026-07-01 14:10:00,28.59957037953266,77.21525825473844,45
30,2026-07-01 14:15:00,28.600290393064498,77.21485059415988,48
30,2026-07-01 14:20:00,28.60062472131803,77.21398706809684,46
30,2026-07-01 14:25:00,28.599855576038223,77.21305306259478,44
30,2026-07-01 14:30:00,28.598815487551168,77.21330705401715,46
30,2026-07-01 14:35:00,28.597951965418154,77.21164987765685,48
30,2026-07-01 14:40:00,28.598351558747844,77.20955046316018,52
30,2026-07-01 14:45:00,28.600164465968504,77.20861085364308,50
30,2026-07-01 14:50:00,28.598932332041848,77.21008389377542,50
30,2026-07-01 14:55:00,28.599103371534486,77.21021757261366,51
30,2026-07-01 15:00:00,28.598370210661816,77.2098602402913,51
30,2026-07-01 15:05:00,28.600075539694714,77.21070514621393,51
30,2026-07-01 15:10:00,28.60074387292432,77.20957566063633,48
30,2026-07-01 15:15:00,28.59975909533847,77.21020956267178,46
30,2026-07-01 15:20:00,28.600407574665166,77.21167080489903,51
30,2026-07-01 15:25:00,28.60050287806432,77.21245181385363,49
30,2026-07-01 15:30:00,28.601346706838804,77.21210047891817,46
30,2026-07-01 15:35:00,28.601093887523476,77.21092068130888,50
30,2026-07-01 15:40:00,28.601220658124618,77.21167401248066,47
30,2026-07-01 15:45:00,28.60069243411863,77.21152642060035,48
30,2026-07-01 15:50:00,28.601649470948768,77.2113281826607,52
30,2026-07-01 15:55:00,28.600956157182758,77.21173369578001,53
30,2026-07-01 16:00:00,28.60080787404483,77.21275149174905,55
30,2026-07-01 16:05:00,28.600733499698343,77.21217967689715,55
30,2026-07-01 16:10:00,28.600826632655735,77.21201605144837,51
30,2026-07-01 16:15:00,28.599992885415016,77.21169107200411,55
30,2026-07-01 16:20:00,28.599913392992647,77.21296988704839,52
30,2026-07-01 16:25:00,28.59963572279556,77.2137960488804,57
30,2026-07-01 16:30:00,28.599306609673885,77.21419866727841,55
30,2026-07-01 16:35:00,28.599151547629187,77.21538714224491,53
31,2026-07-01 00:00:00,28.58753628693873,77.20832437699174,35
31,2026-07-01 00:05:00,28.587454143893154,77.21013902615907,35
31,2026-07-01 00:10:00,28.587884742140172,77.20984895150434,40
31,2026-07-01 00:15:00,28.58849641320115,77.20897438650664,40
31,2026-07-01 00:20:00,28.590035769723748,77.20941140412872,36
31,2026-07-01 00:25:00,28.589760098973258,77.20912877884916,38
31,2026-07-01 00:30:00,28.588060079487693,77.20940216995315,41
31,2026-07-01 00:35:00,28.58971514782952,77.20889735458805,46
31,2026-07-01 00:40:00,28.591553089859513,77.20931949828024,45
31,2026-07-01 00:45:00,28.59233520546449,77.20904050637995,43
31,2026-07-01 00:50:00,28.593185025829808,77.21067878756308,45
31,2026-07-01 00:55:00,28.593677452952114,77.20904253741375,45
31,2026-07-01 01:00:00,28.595035237504174,77.20832903563876,40
31,2026-07-01 01:05:00,28.595875388162277,77.20829125709055,39
31,2026-07-01 01:10:00,28.596463223284143,77.20887632729301,41
31,2026-07-01 01:15:00,28.59786103776305,77.20867649673687,41
31,2026-07-01 01:20:00,28.59735534936994,77.20917500754108,46
31,2026-07-01 01:25:00,28.597906632702717,77.20817486861984,45
31,2026-07-01 01:30:00,28.596912526968485,77.20997123939459,48
31,2026-07-01 01:35:00,28.596910976171504,77.20998891789642,47
31,2026-07-01 01:40:00,28.595552496770484,77.20861582405043,51
31,2026-07-01 01:45:00,28.595290853217584,77.2075981847986,53
31,2026-07-01 01:50:00,28.59413898133586,77.20651399228966,55
31,2026-07-01 01:55:00,28.59259436016725,77.20938807498767,52
31,2026-07-01 02:00:00,28.593487571060262,77.20955007415643,50
31,2026-07-01 02:05:00,28.59378638528517,77.21073628989083,45
31,2026-07-01 02:10:00,28.593186813915853,77.21248703313147,42
31,2026-07-01 02:15:00,28.591835016637962,77.21174684049521,39
31,2026-07-01 02:20:00,28.592297823097145,77.21171815883658,40
31,2026-07-01 02:25:00,28.592240295453447,77.21324290032521,40
31,2026-07-01 02:30:00,28.59182554613674,77.21551788873875,40
31,2026-07-01 02:35:00,28.59242690244714,77.21437885802655,39
31,2026-07-01 02:40:00,28.591125356063955,77.2148068246999,42
31,2026-07-01 02:45:00,28.59008198433616,77.2140970453427,37
31,2026-07-01 02:50:00,28.590578653129338,77.21500611758559,37
31,2026-07-01 02:55:00,28.587466125689247,77.21522161105358,42
31,2026-07-01 03:00:00,28.58791027771007,77.21634120460948,40
31,2026-07-01 03:05:00,28.587807149647716,77.21582217889056,43
31,2026-07-01 03:10:00,28.589165506814147,77.21688561461242,44
31,2026-07-01 03:15:00,28.59079987610868,77.21777461672805,41
31,2026-07-01 03:20:00,28.591869160658845,77.21653339870403,41
31,2026-07-01 03:25:00,28.591813570135646,77.21689649713669,42
31,2026-07-01 03:30:00,28.592168923016885,77.21806637538833,41
31,2026-07-01 03:35:00,28.5913850812778,77.2177116950284,37
31,2026-07-01 03:40:00,28.591647731882432,77.21768887027254,35
31,2026-07-01 03:45:00,28.58989030851203,77.2179999093379,35
31,2026-07-01 03:50:00,28.590932779570984,77.21774402471252,34
31,2026-07-01 03:55:00,28.590216512629095,77.21812831339318,36
31,2026-07-01 04:00:00,28.590197855835317,77.22022870900413,31
31,2026-07-01 04:05:00,28.589668001124725,77.21957365429385,32
31,2026-07-01 04:10:00,28.589660829913743,77.21709111030795,33
31,2026-07-01 04:15:00,28.592210958895496,77.21672837258248,36
31,2026-07-01 04:20:00,28.59094405143344,77.21493524779814,35
31,2026-07-01 04:25:00,28.590301277285413,77.21466571837749,34
31,2026-07-01 04:30:00,28.590254652520198,77.21493931295075,32
31,2026-07-01 04:35:00,28.592424423268948,77.21525342880012,31
31,2026-07-01 04:40:00,28.590565534130473,77.214385696068,34
31,2026-07-01 04:45:00,28.59025854008459,77.21497042141505,30
31,2026-07-01 04:50:00,28.588566885185024,77.2149155703162,26
31,2026-07-01 04:55:00,28.589442380068284,77.21460517383125,30
31,2026-07-01 05:00:00,28.58962190336982,77.21645411244981,31
31,2026-07-01 05:05:00,28.59132043947755,77.21726860724306,35
31,2026-07-01 05:10:00,28.59036092282648,77.21947695502953,32
31,2026-07-01 05:15:00,28.592503633860943,77.22091655295696,27
31,2026-07-01 05:20:00,28.593259531597,77.22119647764757,32
31,2026-07-01 05:25:00,28.592352738881477,77.22145941842633,36
31,2026-07-01 05:30:00,28.59244048908436,77.22024283595793,32
31,2026-07-01 05:35:00,28.593674946063125,77.22067067381847,29
31,2026-07-01 05:40:00,28.594556899104646,77.21919555630258,28
31,2026-07-01 05:45:00,28.594997406277248,77.21904021474846,31
31,2026-07-01 05:50:00,28.59504492424234,77.22071860956257,34
31,2026-07-01 05:55:00,28.593032427390636,77.2214950804747,37
31,2026-07-01 06:00:00,28.593080942052854,77.22127934676692,35
31,2026-07-01 06:05:00,28.59250625724565,77.22307416229361,34
31,2026-07-01 06:10:00,28.590576170376327,77.22350615885698,31
31,2026-07-01 06:15:00,28.590155068037273,77.22411107374525,31
31,2026-07-01 06:20:00,28.590147754857004,77.22551443490262,33
31,2026-07-01 06:25:00,28.59016493870739,77.22623850995336,33
31,2026-07-01 06:30:00,28.588985381685706,77.22709037487908,32
31,2026-07-01 06:35:00,28.589123740368063,77.22573238842917,33
31,2026-07-01 06:40:00,28.5885780849737,77.2265110711749,31
31,2026-07-01 06:45:00,28.587816986155392,77.22493322226936,32
31,2026-07-01 06:50:00,28.589280403603368,77.22529861305372,30
31,2026-07-01 06:55:00,28.58917002042272,77.22534728109689,26
31,2026-07-01 07:00:00,28.58978913893501,77.22525909067161,26
31,2026-07-01 07:05:00,28.590264165549566,77.22674292445159,27
31,2026-07-01 07:10:00,28.58984650869376,77.22586944936097,26
31,2026-07-01 07:15:00,28.590833199913757,77.22678219914089,30
31,2026-07-01 07:20:00,28.59168632279018,77.2265911645637,29
31,2026-07-01 07:25:00,28.59243260038379,77.22749195573773,25
31,2026-07-01 07:30:00,28.592181057436616,77.22866665287002,26
31,2026-07-01 07:35:00,28.59195134184317,77.22800207105409,26
31,2026-07-01 07:40:00,28.591437805090553,77.22743236966657,28
31,2026-07-01 07:45:00,28.5910829543592,77.22647345557657,24
31,2026-07-01 07:50:00,28.59113358643415,77.2265799099869,21
31,2026-07-01 07:55:00,28.591139952323207,77.22533061677643,21
31,2026-07-01 08:00:00,28.591821612974606,77.22771100452259,16
31,2026-07-01 08:05:00,28.590703052726823,77.22679843588493,12
31,2026-07-01 08:10:00,28.59052458373241,77.22697996138167,17
31,2026-07-01 08:15:00,28.589904319435743,77.22727370873335,20
31,2026-07-01 08:20:00,28.589914393501846,77.22620361521781,19
31,2026-07-01 08:25:00,28.58886126261894,77.22552031188897,16
31,2026-07-01 08:30:00,28.58930114571433,77.22486739580826,14
31,2026-07-01 08:35:00,28.58916335985314,77.22403179456758,15
31,2026-07-01 08:40:00,28.5880979058805,77.22346999743442,17
31,2026-07-01 08:45:00,28.58786047887909,77.22306768985732,14
31,2026-07-01 08:50:00,28.586721695942114,77.22241379276308,19
31,2026-07-01 08:55:00,28.586316080970406,77.2220072328759,14
31,2026-07-01 09:00:00,28.58574148166793,77.2218610876305,10
31,2026-07-01 09:05:00,28.585881775093632,77.22120451066715,8
31,2026-07-01 09:10:00,28.585646244872944,77.22213230330102,7
31,2026-07-01 09:15:00,28.58484038391769,77.222916498401,3
31,2026-07-01 09:20:00,28.585680582220245,77.2223034855802,3
31,2026-07-01 09:25:00,28.58500949669144,77.22261619043708,3
31,2026-07-01 09:30:00,28.58536572981431,77.22267235769354,0
31,2026-07-01 09:35:00,28.585097975644263,77.22181319071922,0
31,2026-07-01 09:40:00,28.585838328191326,77.22107547858816,0
31,2026-07-01 09:45:00,28.586463617703867,77.22110576222471,0
31,2026-07-01 09:50:00,28.586738243679243,77.22008213948558,5
31,2026-07-01 09:55:00,28.586513761524778,77.2210701888002,5
31,2026-07-01 10:00:00,28.587117809184157,77.22009503285399,5
31,2026-07-01 10:05:00,28.585434529858144,77.22047418259903,7
31,2026-07-01 10:10:00,28.5869169738869,77.22141217219932,4
31,2026-07-01 10:15:00,28.587716153354073,77.22098060975846,6
31,2026-07-01 10:20:00,28.588079897998234,77.22149038888915,3
31,2026-07-01 10:25:00,28.587933447559628,77.22121830073444,0
31,2026-07-01 10:30:00,28.587851310896074,77.22220506235192,0
31,2026-07-01 10:35:00,28.588612561395752,77.2233691495743,0
31,2026-07-01 10:40:00,28.588510146474654,77.22397808945541,0
31,2026-07-01 10:45:00,28.58861088172097,77.22458429923144,0
31,2026-07-01 10:50:00,28.589018187336414,77.2242219110826,0
31,2026-07-01 10:55:00,28.58892992710628,77.2240181515691,0
31,2026-07-01 11:00:00,28.588481414861338,77.22454626309093,5
31,2026-07-01 11:05:00,28.590193722589706,77.22441771205655,0
31,2026-07-01 11:10:00,28.591549040375604,77.22584253672548,2
31,2026-07-01 11:15:00,28.591092736983107,77.22440380697553,0
31,2026-07-01 11:20:00,28.59042140111187,77.22423546167705,2
31,2026-07-01 11:25:00,28.59060995991529,77.22437547858793,7
31,2026-07-01 11:30:00,28.59068755838513,77.22474531927868,4
31,2026-07-01 11:35:00,28.590824667444735,77.22507918777812,0
31,2026-07-01 11:40:00,28.592017273649713,77.22388284787891,0
31,2026-07-01 11:45:00,28.592014812453147,77.22287218422004,3
31,2026-07-01 11:50:00,28.592217705832415,77.22259317619853,5
31,2026-07-01 11:55:00,28.59280127387078,77.22081296187336,8
31,2026-07-01 12:00:00,28.59132504339047,77.22125783679004,8
31,2026-07-01 12:05:00,28.592155837313573,77.22225793768725,3
31,2026-07-01 12:10:00,28.59169340454749,77.22306829581234,5
31,2026-07-01 12:15:00,28.59176759511817,77.22166277688122,3
31,2026-07-01 12:20:00,28.59303972263308,77.22246472609801,7
31,2026-07-01 12:25:00,28.593786414976726,77.22276118773931,4
31,2026-07-01 12:30:00,28.593089805292536,77.22465905581511,1
31,2026-07-01 12:35:00,28.592869047228742,77.22414381009341,0
31,2026-07-01 12:40:00,28.592725798212438,77.2245435339978,2
31,2026-07-01 12:45:00,28.59163223952678,77.22635589029031,7
31,2026-07-01 12:50:00,28.590496923245542,77.22609410261668,7
31,2026-07-01 12:55:00,28.59148372168058,77.22672359677269,11
31,2026-07-01 13:00:00,28.591183403538015,77.22554516005975,16
31,2026-07-01 13:05:00,28.59191433910345,77.22397431903894,15
31,2026-07-01 13:10:00,28.592652274029714,77.22332951010254,17
31,2026-07-01 13:15:00,28.59176756182978,77.22190490351512,18
31,2026-07-01 13:20:00,28.592786186339815,77.22276600150413,16
31,2026-07-01 13:25:00,28.592962236245338,77.22210584445172,17
31,2026-07-01 13:30:00,28.59213129709953,77.22242770515652,14
31,2026-07-01 13:35:00,28.59102145761026,77.22142391734106,14
31,2026-07-01 13:40:00,28.59175943036234,77.221766071405,17
31,2026-07-01 13:45:00,28.592236761818764,77.22279738746694,13
31,2026-07-01 13:50:00,28.59258642708966,77.22222090859867,11
31,2026-07-01 13:55:00,28.59084373038787,77.22312762428253,8
31,2026-07-01 14:00:00,28.58822898839507,77.22309855642288,12
31,2026-07-01 14:05:00,28.58829200605397,77.22362224116426,10
31,2026-07-01 14:10:00,28.588871218996406,77.22269020429867,15
31,2026-07-01 14:15:00,28.58945075910965,77.22284223107894,18
31,2026-07-01 14:20:00,28.58916946545698,77.22272369684491,22
31,2026-07-01 14:25:00,28.589016678456677,77.22063447889458,25
31,2026-07-01 14:30:00,28.588891641172356,77.22042030279121,24
31,2026-07-01 14:35:00,28.58893630775502,77.22063952167878,23
31,2026-07-01 14:40:00,28.588443863642606,77.22109956706966,23
31,2026-07-01 14:45:00,28.589401635273884,77.22153500699639,19
31,2026-07-01 14:50:00,28.590428826833925,77.22151820568041,22
31,2026-07-01 14:55:00,28.589814399697612,77.22012644486702,19
31,2026-07-01 15:00:00,28.58845965803832,77.22087694089954,24
31,2026-07-01 15:05:00,28.588422141825866,77.22101385611946,29
31,2026-07-01 15:10:00,28.587594665074604,77.2199699351392,31
31,2026-07-01 15:15:00,28.587250329748766,77.22057739293963,26
31,2026-07-01 15:20:00,28.589885207549617,77.22180830806789,22
31,2026-07-01 15:25:00,28.588438278050287,77.22162918438565,26
31,2026-07-01 15:30:00,28.587470621622,77.22132592360798,23
31,2026-07-01 15:35:00,28.58756903614756,77.22222252335116,23
31,2026-07-01 15:40:00,28.588197244159357,77.2224809250667,19
31,2026-07-01 15:45:00,28.58777083187932,77.22328358345482,23
31,2026-07-01 15:50:00,28.58849835207318,77.22231719519549,22
31,2026-07-01 15:55:00,28.588631036692313,77.2217667433228,21
31,2026-07-01 16:00:00,28.589812864986254,77.22127183312732,23
31,2026-07-01 16:05:00,28.589946291900908,77.22109464825189,28
31,2026-07-01 16:10:00,28.590011709113778,77.22201455547747,25
31,2026-07-01 16:15:00,28.588835974667113,77.2219730375082,27
31,2026-07-01 16:20:00,28.589763077632945,77.22126593692234,24
31,2026-07-01 16:25:00,28.58984990199924,77.22231168348544,29
31,2026-07-01 16:30:00,28.589122436293007,77.22109126927464,30
31,2026-07-01 16:35:00,28.588279953096066,77.22051437381737,30
32,2026-07-01 00:00:00,28.607162261004405,77.19495713530625,0
32,2026-07-01 00:05:00,28.607225498661474,77.1941916168094,0
32,2026-07-01 00:10:00,28.60819628321575,77.19367936796222,0
32,2026-07-01 00:15:00,28.609232787733315,77.19294954941394,0
32,2026-07-01 00:20:00,28.608187333225434,77.1919528310038,4
32,2026-07-01 00:25:00,28.60871835561905,77.1909511540635,0
32,2026-07-01 00:30:00,28.60730136547937,77.19153252712283,2
32,2026-07-01 00:35:00,28.60625598669629,77.19161704302017,1
32,2026-07-01 00:40:00,28.607376745330228,77.19123738943108,1
32,2026-07-01 00:45:00,28.606862535885867,77.19223738043614,0
32,2026-07-01 00:50:00,28.605517219504833,77.19296220443748,0
32,2026-07-01 00:55:00,28.60561766400169,77.19357384022298,0
32,2026-07-01 01:00:00,28.60568539439531,77.194686724476,1
32,2026-07-01 01:05:00,28.603978168400737,77.19581901185084,5
32,2026-07-01 01:10:00,28.60385696633336,77.1956331996378,6
32,2026-07-01 01:15:00,28.604207967487586,77.1968447298501,10
32,2026-07-01 01:20:00,28.603094427926436,77.19665193361892,9
32,2026-07-01 01:25:00,28.603400643606218,77.19587598543615,6
32,2026-07-01 01:30:00,28.60365739086726,77.19661911870158,3
32,2026-07-01 01:35:00,28.604449277200487,77.1974864160664,8
32,2026-07-01 01:40:00,28.60459488356834,77.19764252659812,7
32,2026-07-01 01:45:00,28.604674572349783,77.19900220333462,5
32,2026-07-01 01:50:00,28.60536143160711,77.19787181771508,5
32,2026-07-01 01:55:00,28.605704285072893,77.19969028209347,10
32,2026-07-01 02:00:00,28.605220265449695,77.200495069537,13
32,2026-07-01 02:05:00,28.604861323504387,77.20283913758799,17
32,2026-07-01 02:10:00,28.605688866656536,77.20273423733339,15
32,2026-07-01 02:15:00,28.60454002653692,77.20191528488841,16
32,2026-07-01 02:20:00,28.603549821704263,77.20160042757217,16
32,2026-07-01 02:25:00,28.604253315226973,77.2025948378534,11
32,2026-07-01 02:30:00,28.604288177403085,77.20275127372075,9
32,2026-07-01 02:35:00,28.60621187653838,77.20278082416215,6
32,2026-07-01 02:40:00,28.60630382294174,77.20139974595943,4
32,2026-07-01 02:45:00,28.606836926551775,77.20284546407157,3
32,2026-07-01 02:50:00,28.607814559518577,77.20269121829855,0
32,2026-07-01 02:55:00,28.607142340646025,77.2039468958243,5
32,2026-07-01 03:00:00,28.606712866585863,77.2051496942772,0
32,2026-07-01 03:05:00,28.6062506714026,77.20342834031,1
32,2026-07-01 03:10:00,28.60589586234473,77.20361558333234,0
32,2026-07-01 03:15:00,28.605010126744098,77.20335276648981,0
32,2026-07-01 03:20:00,28.603604703971445,77.20387565612826,0
32,2026-07-01 03:25:00,28.60347756355666,77.2050203103475,5
32,2026-07-01 03:30:00,28.601911035060535,77.20663039745018,3
32,2026-07-01 03:35:00,28.602290158693606,77.20609769636263,7
32,2026-07-01 03:40:00,28.602151990547327,77.20610097226974,4
32,2026-07-01 03:45:00,28.603455976539436,77.20493316008964,8
32,2026-07-01 03:50:00,28.601519607264507,77.20318982868757,9
32,2026-07-01 03:55:00,28.601103713515144,77.20336429007632,5
32,2026-07-01 04:00:00,28.601364132121915,77.20463479545735,10
32,2026-07-01 04:05:00,28.600423154860632,77.20324650302587,13
32,2026-07-01 04:10:00,28.59965042344467,77.20268198655621,14
32,2026-07-01 04:15:00,28.60043468501417,77.20282186477999,13
32,2026-07-01 04:20:00,28.602043818200993,77.20336539037119,11
32,2026-07-01 04:25:00,28.60271289345549,77.2029444568066,9
32,2026-07-01 04:30:00,28.602630640291416,77.20451445115735,8
32,2026-07-01 04:35:00,28.603107219687963,77.20435262792917,10
32,2026-07-01 04:40:00,28.602476105382898,77.20494423293111,8
32,2026-07-01 04:45:00,28.602620221745678,77.20573396505574,12
32,2026-07-01 04:50:00,28.60119972445986,77.20530744260765,10
32,2026-07-01 04:55:00,28.603561025482648,77.20533301042644,15
32,2026-07-01 05:00:00,28.603204510174628,77.20439456902267,16
32,2026-07-01 05:05:00,28.60153696910794,77.20249650796809,12
32,2026-07-01 05:10:00,28.602655881379647,77.20471771136236,14
32,2026-07-01 05:15:00,28.600484584080778,77.2060196307908,9
32,2026-07-01 05:20:00,28.599652891791457,77.20359604797797,9
32,2026-07-01 05:25:00,28.60087293735024,77.20164993495898,7
32,2026-07-01 05:30:00,28.60171979109342,77.20113390842725,3
32,2026-07-01 05:35:00,28.601832853122463,77.20353136413698,0
32,2026-07-01 05:40:00,28.600913833331393,77.20255081780986,5
32,2026-07-01 05:45:00,28.600315379280246,77.2031775060352,0
32,2026-07-01 05:50:00,28.60113892540009,77.20319472561793,2
32,2026-07-01 05:55:00,28.60142641776032,77.20302538281689,5
32,2026-07-01 06:00:00,28.60040693992866,77.20338020964641,4
32,2026-07-01 06:05:00,28.599354416873663,77.2012933611171,7
32,2026-07-01 06:10:00,28.599022436503862,77.19944881104583,6
32,2026-07-01 06:15:00,28.59868065612894,77.19890888147894,10
32,2026-07-01 06:20:00,28.59755882732853,77.19885564781138,5
32,2026-07-01 06:25:00,28.598159141120107,77.19840069635879,0
32,2026-07-01 06:30:00,28.599930098673454,77.19983233234572,4
32,2026-07-01 06:35:00,28.599274952698636,77.20085968862527,5
32,2026-07-01 06:40:00,28.60052715335419,77.20079911168501,4
32,2026-07-01 06:45:00,28.601166711919692,77.20145411481964,5
32,2026-07-01 06:50:00,28.600814531471574,77.20138359526692,8
32,2026-07-01 06:55:00,28.60111365486091,77.20199592014112,11
32,2026-07-01 07:00:00,28.600371508437124,77.20197627012891,8
32,2026-07-01 07:05:00,28.601946109247653,77.20078139509307,8
32,2026-07-01 07:10:00,28.59933284070848,77.20270704376895,12
32,2026-07-01 07:15:00,28.599695265233095,77.20325055861025,15
32,2026-07-01 07:20:00,28.600274763970695,77.20298634932526,18
32,2026-07-01 07:25:00,28.600345919579574,77.20328842222003,23
32,2026-07-01 07:30:00,28.60035535787201,77.20345363156467,24
32,2026-07-01 07:35:00,28.6001663766275,77.20361432443214,26
32,2026-07-01 07:40:00,28.600233658620557,77.20448139601528,24
32,2026-07-01 07:45:00,28.598587719722786,77.20445569378278,23
32,2026-07-01 07:50:00,28.59993689270186,77.20352317865277,19
32,2026-07-01 07:55:00,28.599690783106592,77.20266574913741,21
32,2026-07-01 08:00:00,28.599136738722503,77.20284398888131,21
32,2026-07-01 08:05:00,28.60040689078425,77.2031634687646,26
32,2026-07-01 08:10:00,28.600525669191054,77.20397309119173,30
32,2026-07-01 08:15:00,28.600893211589792,77.20410409796374,26
32,2026-07-01 08:20:00,28.60230530796447,77.2036350273458,31
32,2026-07-01 08:25:00,28.601439021755418,77.2049567058801,35
32,2026-07-01 08:30:00,28.601493765709957,77.2043547117332,39
32,2026-07-01 08:35:00,28.602045512264826,77.20407565158699,44
32,2026-07-01 08:40:00,28.602746513532544,77.20243420992456,42
32,2026-07-01 08:45:00,28.602090931511384,77.20252511217501,39
32,2026-07-01 08:50:00,28.602706886600426,77.20265905247093,42
32,2026-07-01 08:55:00,28.603375134724367,77.20375321930655,45
32,2026-07-01 09:00:00,28.60376133602431,77.20372085346894,42
32,2026-07-01 09:05:00,28.602617081208045,77.20304214933682,47
32,2026-07-01 09:10:00,28.602295104217973,77.20384310290612,42
32,2026-07-01 09:15:00,28.602264953783685,77.20306692950186,45
32,2026-07-01 09:20:00,28.603393499561214,77.20317781000475,43
32,2026-07-01 09:25:00,28.60383708600348,77.2026838985336,44
32,2026-07-01 09:30:00,28.60369851838008,77.20011646262387,44
32,2026-07-01 09:35:00,28.604200963874586,77.19975102850674,39
32,2026-07-01 09:40:00,28.604269247150526,77.19972389327413,42
32,2026-07-01 09:45:00,28.60323601913433,77.20031600753215,44
32,2026-07-01 09:50:00,28.60369827146362,77.20136288656448,43
32,2026-07-01 09:55:00,28.60425470968298,77.20118046643371,40
32,2026-07-01 10:00:00,28.602970580150398,77.20283939768869,35
32,2026-07-01 10:05:00,28.601167841796677,77.20358382963012,39
32,2026-07-01 10:10:00,28.60001234575455,77.20101368208154,35
32,2026-07-01 10:15:00,28.599748834375593,77.2005360875984,33
32,2026-07-01 10:20:00,28.599546139268774,77.19983117854726,30
32,2026-07-01 10:25:00,28.600112316659544,77.20079806196401,35
32,2026-07-01 10:30:00,28.601740518828837,77.20081891985782,38
32,2026-07-01 10:35:00,28.600845784732083,77.19974808785399,36
32,2026-07-01 10:40:00,28.60057415675234,77.19908171644629,36
32,2026-07-01 10:45:00,28.600388047237583,77.19885067951063,36
32,2026-07-01 10:50:00,28.601590181424665,77.19796183612198,39
32,2026-07-01 10:55:00,28.602264646849157,77.19706875752136,39
32,2026-07-01 11:00:00,28.603130155476343,77.1978936765027,40
32,2026-07-01 11:05:00,28.603407149807463,77.19959740365739,44
32,2026-07-01 11:10:00,28.603137469845738,77.19928836963169,44
32,2026-07-01 11:15:00,28.605345720274734,77.19857513762106,42
32,2026-07-01 11:20:00,28.60429963605454,77.19904242619924,47
32,2026-07-01 11:25:00,28.6041284648593,77.199213131682,51
32,2026-07-01 11:30:00,28.603437606087464,77.19773670282054,50
32,2026-07-01 11:35:00,28.60289528700178,77.19527120882722,54
32,2026-07-01 11:40:00,28.60301564654589,77.19561335071961,59
32,2026-07-01 11:45:00,28.601018599109274,77.19571117721146,54
32,2026-07-01 11:50:00,28.600516579617334,77.19480486907396,57
32,2026-07-01 11:55:00,28.599064054171023,77.19399769162276,57
32,2026-07-01 12:00:00,28.598841809504755,77.19443626485818,58
32,2026-07-01 12:05:00,28.59849615584815,77.19520811534399,54
32,2026-07-01 12:10:00,28.598682408523512,77.1944372202015,55
32,2026-07-01 12:15:00,28.60018627020962,77.19194509950009,58
32,2026-07-01 12:20:00,28.602001392832168,77.19024442549535,58
32,2026-07-01 12:25:00,28.602610707624493,77.19030055640197,60
32,2026-07-01 12:30:00,28.602123707068603,77.19060444416125,61
32,2026-07-01 12:35:00,28.6019755177782,77.19199643573744,59
32,2026-07-01 12:40:00,28.60287300027885,77.1905694112756,58
32,2026-07-01 12:45:00,28.602066669059973,77.19132816746826,63
32,2026-07-01 12:50:00,28.602598517357304,77.19069175153871,64
32,2026-07-01 12:55:00,28.59926773134291,77.19128728986091,64
32,2026-07-01 13:00:00,28.599684811840916,77.18924375150701,67
32,2026-07-01 13:05:00,28.597831317083543,77.189444176834,63
32,2026-07-01 13:10:00,28.598248620545046,77.18911836505151,63
32,2026-07-01 13:15:00,28.599200557465696,77.19041837236908,60
32,2026-07-01 13:20:00,28.598242108084442,77.18984331417289,64
32,2026-07-01 13:25:00,28.598582721748073,77.19021614657872,59
32,2026-07-01 13:30:00,28.59682359955296,77.19072352346149,54
32,2026-07-01 13:35:00,28.59632429080584,77.18964391516639,54
32,2026-07-01 13:40:00,28.595941087571003,77.18952341223589,52
32,2026-07-01 13:45:00,28.594150935204805,77.190787706823,56
32,2026-07-01 13:50:00,28.595785540716566,77.1905908956999,53
32,2026-07-01 13:55:00,28.5959471360353,77.19187758754968,57
32,2026-07-01 14:00:00,28.594606788227377,77.19303017479326,61
32,2026-07-01 14:05:00,28.59371084122379,77.19330120904613,60
32,2026-07-01 14:10:00,28.59549741834777,77.19291015932015,63
32,2026-07-01 14:15:00,28.596056739178234,77.19263085209256,64
32,2026-07-01 14:20:00,28.59657449699394,77.1919578648734,67
32,2026-07-01 14:25:00,28.59812772005682,77.19198922238186,68
32,2026-07-01 14:30:00,28.598661540127072,77.19328988574863,73
32,2026-07-01 14:35:00,28.599569954366157,77.1940006597738,69
32,2026-07-01 14:40:00,28.600089892321325,77.1959586971866,70
32,2026-07-01 14:45:00,28.600402377319522,77.19417991545669,65
32,2026-07-01 14:50:00,28.60065895471537,77.19488894523201,60
32,2026-07-01 14:55:00,28.600451857903835,77.1962159392655,58
32,2026-07-01 15:00:00,28.601166510675373,77.19580929744663,56
32,2026-07-01 15:05:00,28.599259288675686,77.19560752307034,55
32,2026-07-01 15:10:00,28.598072224275064,77.1965614145641,53
32,2026-07-01 15:15:00,28.59810699352316,77.19767995597344,57
32,2026-07-01 15:20:00,28.59876165748589,77.19607309802709,54
32,2026-07-01 15:25:00,28.597147611360835,77.19718006689476,50
32,2026-07-01 15:30:00,28.596715860185803,77.195847822308,49
32,2026-07-01 15:35:00,28.59710165960358,77.19385350937125,45
32,2026-07-01 15:40:00,28.596536708076925,77.1944826446695,40
32,2026-07-01 15:45:00,28.596650952991762,77.19479610967092,38
32,2026-07-01 15:50:00,28.59644706952278,77.1955120268114,40
32,2026-07-01 15:55:00,28.59633108931429,77.19623551848534,36
32,2026-07-01 16:00:00,28.597508494458822,77.19549297380782,34
32,2026-07-01 16:05:00,28.59887039525947,77.19661262548311,32
32,2026-07-01 16:10:00,28.60099955112188,77.19675893145765,28
32,2026-07-01 16:15:00,28.601153405350754,77.19606771901987,24
32,2026-07-01 16:20:00,28.601367624659897,77.19643767640505,22
32,2026-07-01 16:25:00,28.601722315645937,77.19627965192497,25
32,2026-07-01 16:30:00,28.601341219503205,77.19480291748879,20
32,2026-07-01 16:35:00,28.601101010632203,77.19573392934366,18
33,2026-07-01 00:00:00,28.600872847452138,77.19644914873842,26
33,2026-07-01 00:05:00,28.60102922464413,77.19529270846479,27
33,2026-07-01 00:10:00,28.601654453115003,77.19645718431184,28
33,2026-07-01 00:15:00,28.60063570531439,77.19698665629993,25
33,2026-07-01 00:20:00,28.600632853043717,77.19661808339062,27
33,2026-07-01 00:25:00,28.599922724822882,77.19472021123468,25
33,2026-07-01 00:30:00,28.59888449409239,77.19549610878367,23
33,2026-07-01 00:35:00,28.5980966303134,77.19318397498873,21
33,2026-07-01 00:40:00,28.599281614761,77.19500128580846,17
33,2026-07-01 00:45:00,28.600589840741193,77.1950289269873,22
33,2026-07-01 00:50:00,28.600737150146173,77.19504816091681,22
33,2026-07-01 00:55:00,28.601951697588177,77.19590409737552,24
33,2026-07-01 01:00:00,28.6023851664871,77.19845143658532,26
33,2026-07-01 01:05:00,28.60168952103698,77.19751050063267,21
33,2026-07-01 01:10:00,28.601941011753958,77.19686057954148,17
33,2026-07-01 01:15:00,28.60179122553684,77.19722370155766,18
33,2026-07-01 01:20:00,28.601712399657366,77.19730355839343,22
33,2026-07-01 01:25:00,28.602549307126832,77.19708464304225,26
33,2026-07-01 01:30:00,28.602453134859648,77.19795916071679,28
33,2026-07-01 01:35:00,28.602533848586376,77.20029988332831,30
33,2026-07-01 01:40:00,28.601451086072323,77.2000571783126,32
33,2026-07-01 01:45:00,28.601156636625298,77.20060779327638,31
33,2026-07-01 01:50:00,28.60046305161376,77.20047654428191,32
33,2026-07-01 01:55:00,28.600857871634172,77.19995037891086,32
33,2026-07-01 02:00:00,28.602066285358603,77.19905190352497,28
33,2026-07-01 02:05:00,28.6026234095059,77.19763699676689,24
33,2026-07-01 02:10:00,28.602574996246688,77.19713157673183,25
33,2026-07-01 02:15:00,28.601004380911956,77.19596867559413,24
33,2026-07-01 02:20:00,28.600654172364333,77.19696980314724,28
33,2026-07-01 02:25:00,28.602129143795914,77.1968735556013,32
33,2026-07-01 02:30:00,28.603185787994267,77.1952386106256,37
33,2026-07-01 02:35:00,28.604028714093744,77.19445732833137,32
33,2026-07-01 02:40:00,28.601751238744978,77.19192850456278,32
33,2026-07-01 02:45:00,28.6014624098672,77.1911324911096,33
33,2026-07-01 02:50:00,28.602322104918496,77.19003586606546,32
33,2026-07-01 02:55:00,28.601889872066163,77.1905621020673,29
33,2026-07-01 03:00:00,28.601227883035417,77.19172890219652,25
33,2026-07-01 03:05:00,28.59978227283464,77.19176933113636,25
33,2026-07-01 03:10:00,28.602016035309738,77.19145688470971,28
33,2026-07-01 03:15:00,28.602258100931092,77.19149594922044,30
33,2026-07-01 03:20:00,28.600871560274605,77.1902785547791,32
33,2026-07-01 03:25:00,28.602271660086434,77.18965089208307,33
33,2026-07-01 03:30:00,28.603732261554182,77.1911270823616,35
33,2026-07-01 03:35:00,28.603794708530845,77.1916776559553,40
33,2026-07-01 03:40:00,28.6030409494871,77.19081620079763,35
33,2026-07-01 03:45:00,28.601260846249975,77.19057818117751,33
33,2026-07-01 03:50:00,28.60168339189928,77.19049154467686,28
33,2026-07-01 03:55:00,28.60263477688278,77.18892176799214,27
33,2026-07-01 04:00:00,28.603034456095138,77.18804127161009,27
33,2026-07-01 04:05:00,28.602529824105954,77.18821946088211,30
33,2026-07-01 04:10:00,28.603742006261594,77.18874101820491,31
33,2026-07-01 04:15:00,28.60421534744498,77.18852422617321,35
33,2026-07-01 04:20:00,28.60390282764514,77.18883661511467,30
33,2026-07-01 04:25:00,28.603802930065875,77.18992165693264,29
33,2026-07-01 04:30:00,28.603935854767585,77.18920416394134,31
33,2026-07-01 04:35:00,28.603792330098162,77.18778893001047,28
33,2026-07-01 04:40:00,28.604520674323492,77.18857267481903,25
33,2026-07-01 04:45:00,28.605197831128244,77.18774900346591,21
33,2026-07-01 04:50:00,28.604819961674284,77.18790883881782,23
33,2026-07-01 04:55:00,28.607001988836966,77.18718114374201,22
33,2026-07-01 05:00:00,28.607277974686387,77.1892684159038,26
33,2026-07-01 05:05:00,28.608142637454247,77.1893422484836,29
33,2026-07-01 05:10:00,28.607569861441885,77.18849812621991,28
33,2026-07-01 05:15:00,28.608396513239317,77.18706275739287,28
33,2026-07-01 05:20:00,28.608481584378517,77.18547642231773,29
33,2026-07-01 05:25:00,28.60845970141343,77.18477269626148,34
33,2026-07-01 05:30:00,28.609568909396017,77.18416247556894,32
33,2026-07-01 05:35:00,28.609166662529752,77.18300662798133,32
33,2026-07-01 05:40:00,28.60830693743981,77.18178139079166,32
33,2026-07-01 05:45:00,28.60742454813673,77.18233106060515,37
33,2026-07-01 05:50:00,28.608690885993628,77.18192620451524,42
33,2026-07-01 05:55:00,28.610584338316453,77.18329508910054,39
33,2026-07-01 06:00:00,28.61234182825007,77.18288752368451,44
33,2026-07-01 06:05:00,28.610250747825482,77.18285889330205,45
33,2026-07-01 06:10:00,28.610458422605966,77.18333655544015,44
33,2026-07-01 06:15:00,28.611760720437942,77.18303225711594,41
33,2026-07-01 06:20:00,28.61354038232503,77.18358824454963,43
33,2026-07-01 06:25:00,28.613132585436826,77.1821398886214,44
33,2026-07-01 06:30:00,28.612597751013663,77.18084912079307,47
33,2026-07-01 06:35:00,28.61108665746521,77.18190447386054,45
33,2026-07-01 06:40:00,28.611521217012125,77.18156697297555,41
33,2026-07-01 06:45:00,28.610874650232216,77.18214235424072,37
33,2026-07-01 06:50:00,28.610846483323765,77.18211016828978,35
33,2026-07-01 06:55:00,28.610862501822577,77.18321919818432,33
33,2026-07-01 07:00:00,28.6100190163263,77.18274912446451,37
33,2026-07-01 07:05:00,28.60986320724412,77.18242577079506,33
33,2026-07-01 07:10:00,28.610111010592135,77.18316378854588,30
33,2026-07-01 07:15:00,28.60935890579804,77.1840686560551,29
33,2026-07-01 07:20:00,28.611956343005414,77.18293884102484,26
33,2026-07-01 07:25:00,28.612234917031852,77.18270677833624,24
33,2026-07-01 07:30:00,28.61157783759416,77.18280122015575,29
33,2026-07-01 07:35:00,28.611639181258404,77.18248908878822,29
33,2026-07-01 07:40:00,28.610736452156925,77.18008968104382,26
33,2026-07-01 07:45:00,28.611003885191874,77.17954103148169,27
33,2026-07-01 07:50:00,28.611506289282158,77.17988947395274,29
33,2026-07-01 07:55:00,28.61309022572312,77.17813324371826,27
33,2026-07-01 08:00:00,28.612898855501264,77.17869398552529,32
33,2026-07-01 08:05:00,28.61394997724902,77.1778648266028,36
33,2026-07-01 08:10:00,28.614771825370433,77.179523323943,35
33,2026-07-01 08:15:00,28.613487859387,77.18061157542593,32
33,2026-07-01 08:20:00,28.613552373314562,77.18068876193675,28
33,2026-07-01 08:25:00,28.612716433538395,77.17907859213875,27
33,2026-07-01 08:30:00,28.613332883235866,77.17974168083673,30
33,2026-07-01 08:35:00,28.61331678879871,77.17753292744722,31
33,2026-07-01 08:40:00,28.612200649105883,77.17683700352012,26
33,2026-07-01 08:45:00,28.611783943622292,77.176447241384,24
33,2026-07-01 08:50:00,28.610162342199388,77.17669108505649,25
33,2026-07-01 08:55:00,28.610936722677298,77.17735953806618,30
33,2026-07-01 09:00:00,28.612513572502888,77.1765215588515,35
33,2026-07-01 09:05:00,28.611538780175838,77.17673063346908,40
33,2026-07-01 09:10:00,28.611973822910773,77.17854991887002,37
33,2026-07-01 09:15:00,28.61372603406798,77.17959291249468,32
33,2026-07-01 09:20:00,28.614631604463582,77.17954299608367,36
33,2026-07-01 09:25:00,28.614014319894327,77.17892401263278,32
33,2026-07-01 09:30:00,28.61530685286002,77.17941929892666,31
33,2026-07-01 09:35:00,28.615519071988395,77.1797781274593,28
33,2026-07-01 09:40:00,28.614541005646885,77.1793019687064,31
33,2026-07-01 09:45:00,28.61505928087492,77.17877767979536,33
33,2026-07-01 09:50:00,28.61417331830692,77.1770219119376,30
33,2026-07-01 09:55:00,28.614284263105166,77.17439448712457,32
33,2026-07-01 10:00:00,28.613948962264043,77.17451566515018,33
33,2026-07-01 10:05:00,28.615348059743308,77.17513649509547,35
33,2026-07-01 10:10:00,28.61463781255864,77.17577958973433,35
33,2026-07-01 10:15:00,28.61375145908133,77.17540288924796,34
33,2026-07-01 10:20:00,28.612659430847994,77.17776856495924,35
33,2026-07-01 10:25:00,28.61225457570788,77.1789772508624,38
33,2026-07-01 10:30:00,28.61108304138266,77.17944718974246,42
33,2026-07-01 10:35:00,28.61109702949855,77.18156850567219,37
33,2026-07-01 10:40:00,28.60988995802899,77.18174089610689,33
33,2026-07-01 10:45:00,28.6099388064222,77.18107425091392,35
33,2026-07-01 10:50:00,28.609313677699408,77.18216345034097,33
33,2026-07-01 10:55:00,28.607629950006096,77.18289440970727,31
33,2026-07-01 11:00:00,28.60723061963923,77.18306587155597,35
33,2026-07-01 11:05:00,28.605880301829398,77.18331913017823,35
33,2026-07-01 11:10:00,28.60523020807409,77.18286719404023,34
33,2026-07-01 11:15:00,28.604576657604483,77.18272755039898,38
33,2026-07-01 11:20:00,28.60265564446566,77.18338346953864,34
33,2026-07-01 11:25:00,28.60063100991153,77.18358506183343,32
33,2026-07-01 11:30:00,28.60121756922493,77.181591483451,32
33,2026-07-01 11:35:00,28.600792842018546,77.18092762651571,37
33,2026-07-01 11:40:00,28.60037153244881,77.18163355267848,34
33,2026-07-01 11:45:00,28.599169529109606,77.18221298577144,36
33,2026-07-01 11:50:00,28.59979692759523,77.18242977704905,37
33,2026-07-01 11:55:00,28.600045972891838,77.18207487526934,35
33,2026-07-01 12:00:00,28.60171133170427,77.18417016378045,31
33,2026-07-01 12:05:00,28.601695193675734,77.18385307313463,28
33,2026-07-01 12:10:00,28.602028195805183,77.18417963615049,31
33,2026-07-01 12:15:00,28.60062158680318,77.1851826346674,32
33,2026-07-01 12:20:00,28.600868790202806,77.18695193241366,34
33,2026-07-01 12:25:00,28.601140474221072,77.18706551795943,29
33,2026-07-01 12:30:00,28.601576420544973,77.18773290106256,28
33,2026-07-01 12:35:00,28.601283904351423,77.18840389371465,23
33,2026-07-01 12:40:00,28.601902948865693,77.18912647681285,23
33,2026-07-01 12:45:00,28.603346232398142,77.18933913189457,18
33,2026-07-01 12:50:00,28.603687851337146,77.18904783995738,19
33,2026-07-01 12:55:00,28.604448937942756,77.18888542887136,24
33,2026-07-01 13:00:00,28.60221880768984,77.18862160064096,21
33,2026-07-01 13:05:00,28.602378823171666,77.18940379920865,26
33,2026-07-01 13:10:00,28.601771675495037,77.19038225900863,30
33,2026-07-01 13:15:00,28.601006194274596,77.19033871333654,29
33,2026-07-01 13:20:00,28.600303903369557,77.19389517141092,34
33,2026-07-01 13:25:00,28.599988335677022,77.19484171993864,30
33,2026-07-01 13:30:00,28.599470199907767,77.19514116594269,25
33,2026-07-01 13:35:00,28.599849465955057,77.19447435760974,30
33,2026-07-01 13:40:00,28.59988934705216,77.19295116461731,33
33,2026-07-01 13:45:00,28.600745917165924,77.19391043207598,34
33,2026-07-01 13:50:00,28.600739666767087,77.19492539956117,33
33,2026-07-01 13:55:00,28.600043764526173,77.19438335309516,32
33,2026-07-01 14:00:00,28.601420741651722,77.19358053392224,28
33,2026-07-01 14:05:00,28.602660578343936,77.192804161704,30
33,2026-07-01 14:10:00,28.60295687370944,77.19289890017984,26
33,2026-07-01 14:15:00,28.60302991952693,77.19287879853835,30
33,2026-07-01 14:20:00,28.601649348509483,77.19264619929992,29
33,2026-07-01 14:25:00,28.60357508341961,77.19333802071006,29
33,2026-07-01 14:30:00,28.603740012668396,77.19394850601157,28
33,2026-07-01 14:35:00,28.604315072466786,77.1940405816567,24
33,2026-07-01 14:40:00,28.605038055278165,77.1949348191699,19
33,2026-07-01 14:45:00,28.603952247864658,77.1958153337441,23
33,2026-07-01 14:50:00,28.603179994793773,77.19542415558045,18
33,2026-07-01 14:55:00,28.603719204927756,77.19509102125029,21
33,2026-07-01 15:00:00,28.603191610568462,77.19627723456433,26
33,2026-07-01 15:05:00,28.602817465927455,77.19665248982108,24
33,2026-07-01 15:10:00,28.602989611336117,77.19717207264875,23
33,2026-07-01 15:15:00,28.602797506655488,77.19702345226533,28
33,2026-07-01 15:20:00,28.603605612935446,77.19917837013436,32
33,2026-07-01 15:25:00,28.60315883550581,77.20044799935495,36
33,2026-07-01 15:30:00,28.605526789564266,77.20025900811127,35
33,2026-07-01 15:35:00,28.605658551440268,77.2013512988133,36
33,2026-07-01 15:40:00,28.605840856889408,77.2013830671447,41
33,2026-07-01 15:45:00,28.60575270202054,77.20316071196352,44
33,2026-07-01 15:50:00,28.60622787717743,77.2039511035737,44
33,2026-07-01 15:55:00,28.60775167226317,77.20399236409726,45
33,2026-07-01 16:00:00,28.605765145121193,77.20482502985514,44
33,2026-07-01 16:05:00,28.60480862044906,77.20554199533238,48
33,2026-07-01 16:10:00,28.604520142246177,77.20430228513241,50
33,2026-07-01 16:15:00,28.604843981512506,77.20330575671579,52
33,2026-07-01 16:20:00,28.606004941127242,77.20180372530606,51
33,2026-07-01 16:25:00,28.605796753983462,77.20203588007423,51
33,2026-07-01 16:30:00,28.605339441076904,77.20219155546192,48
33,2026-07-01 16:35:00,28.604061829058868,77.20019106459935,50
34,2026-07-01 00:00:00,28.588310832619122,77.2057473282446,0
34,2026-07-01 00:05:00,28.589757837236707,77.20701924654801,2
34,2026-07-01 00:10:00,28.5902384300091,77.20653956860686,5
34,2026-07-01 00:15:00,28.592074003981484,77.20745539437239,2
34,2026-07-01 00:20:00,28.591734182813177,77.2076375292434,6
34,2026-07-01 00:25:00,28.59250890675815,77.20775114048112,2
34,2026-07-01 00:30:00,28.591938017757933,77.20871117808679,3
34,2026-07-01 00:35:00,28.59302957859992,77.20878091178895,6
34,2026-07-01 00:40:00,28.59238367042666,77.20980692591466,7
34,2026-07-01 00:45:00,28.59241947034445,77.20908719238167,12
34,2026-07-01 00:50:00,28.592838337271367,77.2087175711493,10
34,2026-07-01 00:55:00,28.592170353995634,77.20836378740991,13
34,2026-07-01 01:00:00,28.59234251266524,77.20851755123945,17
34,2026-07-01 01:05:00,28.59326252647078,77.20942674958849,19
34,2026-07-01 01:10:00,28.594781543296467,77.21072531863747,22
34,2026-07-01 01:15:00,28.59445948189999,77.21119639904157,22
34,2026-07-01 01:20:00,28.595066650868183,77.21144346509602,17
34,2026-07-01 01:25:00,28.593548127072953,77.21142795472622,17
34,2026-07-01 01:30:00,28.592468196098004,77.21108903808768,15
34,2026-07-01 01:35:00,28.591212963894545,77.21318551429323,15
34,2026-07-01 01:40:00,28.59237851734504,77.21453916490111,10
34,2026-07-01 01:45:00,28.593255282951223,77.21425216304274,12
34,2026-07-01 01:50:00,28.592601070835485,77.21473458126746,16
34,2026-07-01 01:55:00,28.59335500644047,77.21267573902021,21
34,2026-07-01 02:00:00,28.593518957921365,77.21308619924211,24
34,2026-07-01 02:05:00,28.59535102679136,77.2133981889293,22
34,2026-07-01 02:10:00,28.59446446005785,77.21262507479243,20
34,2026-07-01 02:15:00,28.595724572604603,77.21276063256147,22
34,2026-07-01 02:20:00,28.59624431184997,77.21379380632222,25
34,2026-07-01 02:25:00,28.59633505630217,77.21194178114908,20
34,2026-07-01 02:30:00,28.595013822564507,77.21292829515288,15
34,2026-07-01 02:35:00,28.594132822751178,77.21106399216991,16
34,2026-07-01 02:40:00,28.59415063567386,77.21154913116925,13
34,2026-07-01 02:45:00,28.59380172127275,77.21060755391865,18
34,2026-07-01 02:50:00,28.593241335618043,77.21073372205308,16
34,2026-07-01 02:55:00,28.59363290732193,77.21097989248344,18
34,2026-07-01 03:00:00,28.59076683571404,77.2100158641511,15
34,2026-07-01 03:05:00,28.590253347350266,77.21135861175442,18
34,2026-07-01 03:10:00,28.589586282067735,77.21044404683443,17
34,2026-07-01 03:15:00,28.590714876135213,77.20768619320488,14
34,2026-07-01 03:20:00,28.590391058122687,77.20944553273993,16
34,2026-07-01 03:25:00,28.589870028845855,77.21084406498461,19
34,2026-07-01 03:30:00,28.590577004310326,77.21109379047166,22
34,2026-07-01 03:35:00,28.590980266813,77.21103916713794,19
34,2026-07-01 03:40:00,28.59096441167911,77.21132115138063,19
34,2026-07-01 03:45:00,28.591503968132226,77.21300224707396,19
34,2026-07-01 03:50:00,28.59115883090175,77.2127662128838,21
34,2026-07-01 03:55:00,28.59110582755805,77.21234033751037,21
34,2026-07-01 04:00:00,28.589317438630847,77.2127897141494,19
34,2026-07-01 04:05:00,28.589361113915192,77.21263662536677,15
34,2026-07-01 04:10:00,28.589076018399364,77.21216412447369,18
34,2026-07-01 04:15:00,28.590658898444687,77.21253930678614,21
34,2026-07-01 04:20:00,28.589524650575836,77.21299122574716,24
34,2026-07-01 04:25:00,28.58997932331678,77.21354262408994,19
34,2026-07-01 04:30:00,28.590417732702317,77.21164776483744,24
34,2026-07-01 04:35:00,28.59099631801053,77.20926414357739,23
34,2026-07-01 04:40:00,28.59103735812918,77.21121465306645,19
34,2026-07-01 04:45:00,28.59088804470731,77.20864853368052,19
34,2026-07-01 04:50:00,28.59213818952409,77.2069724305266,18
34,2026-07-01 04:55:00,28.591863426548,77.20694367015109,17
34,2026-07-01 05:00:00,28.59261984459867,77.20755159130219,12
34,2026-07-01 05:05:00,28.592601537973962,77.20749137742257,11
34,2026-07-01 05:10:00,28.591150727301418,77.2070717667963,6
34,2026-07-01 05:15:00,28.591575646903813,77.20874841759907,1
34,2026-07-01 05:20:00,28.592662138581492,77.20883200255528,5
34,2026-07-01 05:25:00,28.594447477718187,77.20797600152001,10
34,2026-07-01 05:30:00,28.593871236748637,77.20933604513523,7
34,2026-07-01 05:35:00,28.59479471710537,77.21108573874861,6
34,2026-07-01 05:40:00,28.59653937216728,77.20956110742888,2
34,2026-07-01 05:45:00,28.597729275887733,77.20815184768229,1
34,2026-07-01 05:50:00,28.597326607676496,77.2076448194195,0
34,2026-07-01 05:55:00,28.598661281460632,77.2060293963366,0
34,2026-07-01 06:00:00,28.599916507707267,77.20799805043698,0
34,2026-07-01 06:05:00,28.599343311899798,77.20915457852297,4
34,2026-07-01 06:10:00,28.599048579330503,77.2072191052768,1
34,2026-07-01 06:15:00,28.601145706542876,77.20752171880275,0
34,2026-07-01 06:20:00,28.60288558609754,77.20671734853794,0
34,2026-07-01 06:25:00,28.601875590362095,77.20530740213604,1
34,2026-07-01 06:30:00,28.60384169460268,77.20645379581158,0
34,2026-07-01 06:35:00,28.602144958659927,77.20501138783135,3
34,2026-07-01 06:40:00,28.60149663001858,77.20442080209067,3
34,2026-07-01 06:45:00,28.60248371436033,77.20368680781179,1
34,2026-07-01 06:50:00,28.602035211826266,77.20385739562495,0
34,2026-07-01 06:55:00,28.600493018932077,77.20474292299726,0
34,2026-07-01 07:00:00,28.600262297390803,77.20557153989616,5
34,2026-07-01 07:05:00,28.600377637181197,77.20735503990946,4
34,2026-07-01 07:10:00,28.60153884858361,77.20896311704492,7
34,2026-07-01 07:15:00,28.601578075813972,77.20975673779265,3
34,2026-07-01 07:20:00,28.600552132474274,77.20978138517086,0
34,2026-07-01 07:25:00,28.600926090337335,77.20855837070943,0
34,2026-07-01 07:30:00,28.601606653180273,77.20910217393269,0
34,2026-07-01 07:35:00,28.60077227686852,77.20903966016452,0
34,2026-07-01 07:40:00,28.600683730964175,77.20957873726199,1
34,2026-07-01 07:45:00,28.600792342322215,77.20840218928805,6
34,2026-07-01 07:50:00,28.599790443571543,77.20876191221319,8
34,2026-07-01 07:55:00,28.60001226615681,77.20867045150884,5
34,2026-07-01 08:00:00,28.599771211942215,77.20894438724577,2
34,2026-07-01 08:05:00,28.59978926081346,77.20841807772202,3
34,2026-07-01 08:10:00,28.60019255955651,77.20931833674524,2
34,2026-07-01 08:15:00,28.600214446847822,77.21054701256068,3
34,2026-07-01 08:20:00,28.600046815322333,77.21166001325982,7
34,2026-07-01 08:25:00,28.5994948960428,77.2109736870614,5
34,2026-07-01 08:30:00,28.59988242400104,77.21230618142135,4
34,2026-07-01 08:35:00,28.599520292444087,77.21074620321843,5
34,2026-07-01 08:40:00,28.59897307400382,77.21253599398874,1
34,2026-07-01 08:45:00,28.599072072061443,77.21270524225048,0
34,2026-07-01 08:50:00,28.598907148482528,77.2128169659808,1
34,2026-07-01 08:55:00,28.597098806428505,77.21267745195247,6
34,2026-07-01 09:00:00,28.596655673367902,77.2116120314272,11
34,2026-07-01 09:05:00,28.597482275642093,77.21156524279446,14
34,2026-07-01 09:10:00,28.597455031596752,77.21001208879478,13
34,2026-07-01 09:15:00,28.596779992585333,77.21120958331134,11
34,2026-07-01 09:20:00,28.59744465515354,77.2110097616603,13
34,2026-07-01 09:25:00,28.59732175269916,77.21035129353798,8
34,2026-07-01 09:30:00,28.59749152409899,77.21119211244365,3
34,2026-07-01 09:35:00,28.59849965799516,77.21264374672299,5
34,2026-07-01 09:40:00,28.598670703925087,77.21141897039399,1
34,2026-07-01 09:45:00,28.597158718634518,77.21100515275793,2
34,2026-07-01 09:50:00,28.59672271879847,77.211306377568,2
34,2026-07-01 09:55:00,28.598181537934327,77.21107495950679,5
34,2026-07-01 10:00:00,28.597508536013876,77.211428995134,2
34,2026-07-01 10:05:00,28.597329624171756,77.21166005318723,1
34,2026-07-01 10:10:00,28.59691042011074,77.2100051590838,0
34,2026-07-01 10:15:00,28.596576367028682,77.2087064173972,1
34,2026-07-01 10:20:00,28.594979203334233,77.20914552490102,0
34,2026-07-01 10:25:00,28.593759467727907,77.2071419944816,0
34,2026-07-01 10:30:00,28.592996288826416,77.20806017565991,0
34,2026-07-01 10:35:00,28.59262664517607,77.2084528489734,0
34,2026-07-01 10:40:00,28.593458502879685,77.20917461622926,0
34,2026-07-01 10:45:00,28.594383889887027,77.20906944075917,4
34,2026-07-01 10:50:00,28.59583318231543,77.20895627011087,0
34,2026-07-01 10:55:00,28.59576081037806,77.20963246940805,0
34,2026-07-01 11:00:00,28.59590219105436,77.21049918740326,1
34,2026-07-01 11:05:00,28.59381274427291,77.21054338732161,0
34,2026-07-01 11:10:00,28.59330712368699,77.2106235470821,3
34,2026-07-01 11:15:00,28.593271258240122,77.2120471814384,8
34,2026-07-01 11:20:00,28.594198355719012,77.21118210451576,9
34,2026-07-01 11:25:00,28.594626997153114,77.21268197767438,10
34,2026-07-01 11:30:00,28.593001033389452,77.21207676749292,7
34,2026-07-01 11:35:00,28.59443049809853,77.21221527807593,10
34,2026-07-01 11:40:00,28.59434226709897,77.21345371910817,9
34,2026-07-01 11:45:00,28.596965652444766,77.21225428376113,4
34,2026-07-01 11:50:00,28.59715385453319,77.2140892887164,0
34,2026-07-01 11:55:00,28.596476813515864,77.21391622488322,0
34,2026-07-01 12:00:00,28.59591625617077,77.21561040064141,3
34,2026-07-01 12:05:00,28.59659393894919,77.2162173767338,5
34,2026-07-01 12:10:00,28.596434572663238,77.21835197228522,9
34,2026-07-01 12:15:00,28.59581727359348,77.21905054776609,14
34,2026-07-01 12:20:00,28.596423216464657,77.21819393253878,17
34,2026-07-01 12:25:00,28.59853084779336,77.21705253018732,16
34,2026-07-01 12:30:00,28.597455157368437,77.21938780797389,11
34,2026-07-01 12:35:00,28.596547966744637,77.2190634507913,10
34,2026-07-01 12:40:00,28.59556699582611,77.22001447212747,11
34,2026-07-01 12:45:00,28.59516419077158,77.22022782205498,8
34,2026-07-01 12:50:00,28.595945619691047,77.21980262910171,9
34,2026-07-01 12:55:00,28.596060105849453,77.22003242304326,6
34,2026-07-01 13:00:00,28.596521290375396,77.22015536607465,7
34,2026-07-01 13:05:00,28.597064086225945,77.22248155513351,10
34,2026-07-01 13:10:00,28.59658848347411,77.22154229288913,5
34,2026-07-01 13:15:00,28.59649248820792,77.22030549934925,6
34,2026-07-01 13:20:00,28.596413629351378,77.22044945064214,4
34,2026-07-01 13:25:00,28.59799344859621,77.22212107910005,1
34,2026-07-01 13:30:00,28.597028066575504,77.22325124379232,0
34,2026-07-01 13:35:00,28.594955892202577,77.22431298230353,5
34,2026-07-01 13:40:00,28.5947439816091,77.22360313964408,10
34,2026-07-01 13:45:00,28.594978153660488,77.22444830044299,9
34,2026-07-01 13:50:00,28.594548280926276,77.22334804872018,11
34,2026-07-01 13:55:00,28.595915932230213,77.22308761813369,7
34,2026-07-01 14:00:00,28.59479511923333,77.22307333707288,2
34,2026-07-01 14:05:00,28.595220685279212,77.22346762661884,2
34,2026-07-01 14:10:00,28.59508825969427,77.22355242434787,0
34,2026-07-01 14:15:00,28.594821046424897,77.22223988933715,0
34,2026-07-01 14:20:00,28.595942201848082,77.22190301588444,0
34,2026-07-01 14:25:00,28.594602906306466,77.2208787881588,0
34,2026-07-01 14:30:00,28.594054052446833,77.22039229554325,1
34,2026-07-01 14:35:00,28.593422782062333,77.22203926992587,6
34,2026-07-01 14:40:00,28.592102723496424,77.2210867508646,6
34,2026-07-01 14:45:00,28.59039759384949,77.22151561135493,4
34,2026-07-01 14:50:00,28.59181425515779,77.22236654828271,3
34,2026-07-01 14:55:00,28.592804315091602,77.22000610078295,5
34,2026-07-01 15:00:00,28.59431273822023,77.21927727779246,2
34,2026-07-01 15:05:00,28.594008063883372,77.21912784269303,3
34,2026-07-01 15:10:00,28.593038631440084,77.2188575503754,2
34,2026-07-01 15:15:00,28.591607932068474,77.21896273403497,7
34,2026-07-01 15:20:00,28.591351670761483,77.21718407291462,6
34,2026-07-01 15:25:00,28.592743813587738,77.21728049254496,3
34,2026-07-01 15:30:00,28.593361434252824,77.21850283780142,7
34,2026-07-01 15:35:00,28.594448176875332,77.21785680458127,11
34,2026-07-01 15:40:00,28.59233826903906,77.2175738596059,16
34,2026-07-01 15:45:00,28.592876993559447,77.21785472612511,17
34,2026-07-01 15:50:00,28.591455324511386,77.21588400484326,21
34,2026-07-01 15:55:00,28.591150063517034,77.21727743637216,23
34,2026-07-01 16:00:00,28.590389871195292,77.2164105111328,27
34,2026-07-01 16:05:00,28.589675222678878,77.21573214206272,28
34,2026-07-01 16:10:00,28.591225858917134,77.21433541261595,31
34,2026-07-01 16:15:00,28.59098318984223,77.21439170931173,33
34,2026-07-01 16:20:00,28.591447752569895,77.21538003242733,30
34,2026-07-01 16:25:00,28.592046715617816,77.21531566677783,29
34,2026-07-01 16:30:00,28.593054364613188,77.21460460044521,27
34,2026-07-01 16:35:00,28.59359818046074,77.21495159470435,30
35,2026-07-01 00:00:00,28.60711307904786,77.18990480153039,39
35,2026-07-01 00:05:00,28.608332510130815,77.18922843702735,39
35,2026-07-01 00:10:00,28.606897417706612,77.18876530907364,41
35,2026-07-01 00:15:00,28.605786804179946,77.18827743147297,40
35,2026-07-01 00:20:00,28.606168935455837,77.18728673396343,38
35,2026-07-01 00:25:00,28.60676306609675,77.18669343107231,33
35,2026-07-01 00:30:00,28.607200540761173,77.18624709827516,34
35,2026-07-01 00:35:00,28.607507426080133,77.18777469865536,37
35,2026-07-01 00:40:00,28.608748391678873,77.18809452171797,42
35,2026-07-01 00:45:00,28.60719592422873,77.18936205938064,37
35,2026-07-01 00:50:00,28.606352757572914,77.18952754181345,38
35,2026-07-01 00:55:00,28.60582930514308,77.19082068988847,33
35,2026-07-01 01:00:00,28.606416173078937,77.19126217792773,33
35,2026-07-01 01:05:00,28.606503527147552,77.19034143796128,28
35,2026-07-01 01:10:00,28.60853540854958,77.19101703347735,23
35,2026-07-01 01:15:00,28.60750934046684,77.19083730096334,28
35,2026-07-01 01:20:00,28.60785979027809,77.19146004784582,31
35,2026-07-01 01:25:00,28.60674297014676,77.19062873612036,29
35,2026-07-01 01:30:00,28.605884383921133,77.19232425193961,32
35,2026-07-01 01:35:00,28.606821499429117,77.19212113020333,36
35,2026-07-01 01:40:00,28.6070337332087,77.19323630905973,34
35,2026-07-01 01:45:00,28.607747843896703,77.19368341310545,32
35,2026-07-01 01:50:00,28.607999843406862,77.1942409321777,29
35,2026-07-01 01:55:00,28.60919783838816,77.19320103423202,31
35,2026-07-01 02:00:00,28.60965862723642,77.19280764179406,33
35,2026-07-01 02:05:00,28.60829885644583,77.19164492012716,33
35,2026-07-01 02:10:00,28.608531436517126,77.19088503529689,34
35,2026-07-01 02:15:00,28.608093153795,77.19214100603463,29
35,2026-07-01 02:20:00,28.609340700335313,77.19283855648351,27
35,2026-07-01 02:25:00,28.609380162534617,77.19177913507643,28
35,2026-07-01 02:30:00,28.610709557121364,77.19150745473176,29
35,2026-07-01 02:35:00,28.610565623737347,77.19006927782837,24
35,2026-07-01 02:40:00,28.61108506036054,77.18890925744643,19
35,2026-07-01 02:45:00,28.61247360720164,77.18820817591978,24
35,2026-07-01 02:50:00,28.612150702755674,77.18699502523248,19
35,2026-07-01 02:55:00,28.6103898154246,77.1870057798911,21
35,2026-07-01 03:00:00,28.60900826636572,77.18539406282548,21
35,2026-07-01 03:05:00,28.60725930528043,77.18651841636563,21
35,2026-07-01 03:10:00,28.606924474043254,77.18619639721577,20
35,2026-07-01 03:15:00,28.60643321101559,77.18649591763518,20
35,2026-07-01 03:20:00,28.607334613105753,77.18473219375869,16
35,2026-07-01 03:25:00,28.607825952210867,77.18394481887312,18
35,2026-07-01 03:30:00,28.607013795080334,77.18415574503508,19
35,2026-07-01 03:35:00,28.60746499016561,77.18395661184137,23
35,2026-07-01 03:40:00,28.607443726113598,77.18479123502361,28
35,2026-07-01 03:45:00,28.60796619023099,77.18443935284947,27
35,2026-07-01 03:50:00,28.606727903296004,77.18397800086689,22
35,2026-07-01 03:55:00,28.606730021717024,77.1837633063195,22
35,2026-07-01 04:00:00,28.607892547357928,77.18373616512251,19
35,2026-07-01 04:05:00,28.60881296666124,77.18352785696554,23
35,2026-07-01 04:10:00,28.60878654527696,77.18350144218088,28
35,2026-07-01 04:15:00,28.607222443513482,77.18372625891757,27
35,2026-07-01 04:20:00,28.606892456492666,77.1832820495435,26
35,2026-07-01 04:25:00,28.606094949912187,77.18338320383819,29
35,2026-07-01 04:30:00,28.607025079828134,77.18339658574797,25
35,2026-07-01 04:35:00,28.60898008755403,77.1827679175083,22
35,2026-07-01 04:40:00,28.609886524421963,77.18470548022869,27
35,2026-07-01 04:45:00,28.609537349120075,77.18329071621362,29
35,2026-07-01 04:50:00,28.60966976409663,77.18274697510326,29
35,2026-07-01 04:55:00,28.60983240305639,77.18320178859214,33
35,2026-07-01 05:00:00,28.61131692382224,77.18609243158254,36
35,2026-07-01 05:05:00,28.6100747718532,77.18492115056192,38
35,2026-07-01 05:10:00,28.60875111512113,77.18531073015104,34
35,2026-07-01 05:15:00,28.60945491100488,77.18494286685736,38
35,2026-07-01 05:20:00,28.610311732856324,77.18646993354858,41
35,2026-07-01 05:25:00,28.610746000125467,77.18672609656824,43
35,2026-07-01 05:30:00,28.60909258956441,77.18722934804276,39
35,2026-07-01 05:35:00,28.608250867296412,77.18820601453798,40
35,2026-07-01 05:40:00,28.60695581217101,77.18664524631129,44
35,2026-07-01 05:45:00,28.607175682313382,77.18653227583533,45
35,2026-07-01 05:50:00,28.607362322333827,77.18544582373629,40
35,2026-07-01 05:55:00,28.607822350418942,77.18591773415146,38
35,2026-07-01 06:00:00,28.6090528347753,77.18457940352464,37
35,2026-07-01 06:05:00,28.609581303080272,77.18495681110852,40
35,2026-07-01 06:10:00,28.611645977730856,77.18475014553233,37
35,2026-07-01 06:15:00,28.610648221451747,77.18531716736524,36
35,2026-07-01 06:20:00,28.609557236956512,77.1852298899269,38
35,2026-07-01 06:25:00,28.609640016493174,77.18500164897918,41
35,2026-07-01 06:30:00,28.610839356715463,77.18551636822824,41
35,2026-07-01 06:35:00,28.611466563058258,77.18527576381143,42
35,2026-07-01 06:40:00,28.612166932527906,77.18487830464164,38
35,2026-07-01 06:45:00,28.612832183091207,77.18521986745561,37
35,2026-07-01 06:50:00,28.61270604154133,77.18554653837715,33
35,2026-07-01 06:55:00,28.612189977022915,77.18485136920664,32
35,2026-07-01 07:00:00,28.61371738623168,77.1859608353886,35
35,2026-07-01 07:05:00,28.613148557644124,77.18503642682037,37
35,2026-07-01 07:10:00,28.6127616040985,77.18423951529667,32
35,2026-07-01 07:15:00,28.612685144547658,77.18550024064572,34
35,2026-07-01 07:20:00,28.61384812542805,77.1848803695751,39
35,2026-07-01 07:25:00,28.614469883551727,77.18399634447692,35
35,2026-07-01 07:30:00,28.613804917040408,77.18245352232789,32
35,2026-07-01 07:35:00,28.613313053249566,77.18204086740708,32
35,2026-07-01 07:40:00,28.61423714996301,77.18333774707844,30
35,2026-07-01 07:45:00,28.615362059405932,77.1836437296306,35
35,2026-07-01 07:50:00,28.61688765055872,77.18516175592217,37
35,2026-07-01 07:55:00,28.61877446029047,77.1840995590926,38
35,2026-07-01 08:00:00,28.619935412981214,77.18395433044677,33
35,2026-07-01 08:05:00,28.620447782405158,77.1850094354737,31
35,2026-07-01 08:10:00,28.622442516357868,77.1843353164947,30
35,2026-07-01 08:15:00,28.62156338026476,77.18241672707114,32
35,2026-07-01 08:20:00,28.62293028595773,77.18260116042079,29
35,2026-07-01 08:25:00,28.621955599639012,77.18460247837766,29
35,2026-07-01 08:30:00,28.622613497032678,77.184547711681,27
35,2026-07-01 08:35:00,28.622957630737506,77.18517131120805,26
35,2026-07-01 08:40:00,28.625345709112015,77.18488886270649,24
35,2026-07-01 08:45:00,28.623826074925496,77.1845302238157,26
35,2026-07-01 08:50:00,28.622877933931683,77.18600693657272,25
35,2026-07-01 08:55:00,28.621934332215762,77.18483576890492,21
35,2026-07-01 09:00:00,28.62212303197809,77.18533289656227,17
35,2026-07-01 09:05:00,28.62224162640115,77.18515743812723,18
35,2026-07-01 09:10:00,28.621689506349565,77.18352626599702,15
35,2026-07-01 09:15:00,28.62026276878552,77.1830453702882,14
35,2026-07-01 09:20:00,28.620440065998668,77.18304429915466,10
35,2026-07-01 09:25:00,28.620161879617985,77.18176528264605,12
35,2026-07-01 09:30:00,28.620737014721637,77.18257658815175,14
35,2026-07-01 09:35:00,28.621645903758008,77.18185514740192,9
35,2026-07-01 09:40:00,28.620723179449882,77.18033224022452,12
35,2026-07-01 09:45:00,28.621087505204784,77.17869829979134,8
35,2026-07-01 09:50:00,28.61949332252506,77.17872856846245,12
35,2026-07-01 09:55:00,28.617640317702794,77.17835724735106,10
35,2026-07-01 10:00:00,28.61816518269452,77.17818633729759,12
35,2026-07-01 10:05:00,28.618293001231645,77.1775703668445,11
35,2026-07-01 10:10:00,28.6195012579643,77.17647358401508,12
35,2026-07-01 10:15:00,28.61948257872998,77.1786649503109,10
35,2026-07-01 10:20:00,28.61830876073288,77.17698911014635,15
35,2026-07-01 10:25:00,28.617906233734274,77.17619715738634,10
35,2026-07-01 10:30:00,28.616800438502892,77.17722316363495,9
35,2026-07-01 10:35:00,28.617471035129004,77.17608412074637,8
35,2026-07-01 10:40:00,28.617132139454093,77.17661192086281,6
35,2026-07-01 10:45:00,28.61678383105905,77.17680428978984,2
35,2026-07-01 10:50:00,28.616393859350726,77.17578957838525,6
35,2026-07-01 10:55:00,28.616726849430503,77.17575994404817,3
35,2026-07-01 11:00:00,28.617579909886555,77.17688786903368,1
35,2026-07-01 11:05:00,28.618129895595654,77.17754673282927,0
35,2026-07-01 11:10:00,28.618331084655054,77.17748116890324,0
35,2026-07-01 11:15:00,28.61830794176409,77.17920691105535,0
35,2026-07-01 11:20:00,28.618040102331523,77.1766532800397,0
35,2026-07-01 11:25:00,28.61898126419727,77.17546489816755,0
35,2026-07-01 11:30:00,28.617452258124572,77.1745654842424,0
35,2026-07-01 11:35:00,28.61698695896109,77.17299535896075,0
35,2026-07-01 11:40:00,28.615602580816876,77.17278744665069,0
35,2026-07-01 11:45:00,28.61719224238272,77.17262394769196,0
35,2026-07-01 11:50:00,28.61680241253539,77.17290195784425,0
35,2026-07-01 11:55:00,28.61663826095058,77.17358321407586,3
35,2026-07-01 12:00:00,28.61630093930736,77.17258453550183,6
35,2026-07-01 12:05:00,28.615716440091738,77.17392278513259,2
35,2026-07-01 12:10:00,28.614544519159022,77.17340830703517,5
35,2026-07-01 12:15:00,28.614555784572616,77.1748373476398,10
35,2026-07-01 12:20:00,28.61373976150067,77.17398820799328,10
35,2026-07-01 12:25:00,28.6130035331785,77.17400913719567,10
35,2026-07-01 12:30:00,28.612330287000987,77.17503386860747,13
35,2026-07-01 12:35:00,28.611582012346208,77.17461360457631,10
35,2026-07-01 12:40:00,28.61334480233493,77.17484399374672,10
35,2026-07-01 12:45:00,28.614067276245837,77.17399966250164,14
35,2026-07-01 12:50:00,28.612818694556736,77.17420647886344,15
35,2026-07-01 12:55:00,28.61320074523429,77.17502881293301,10
35,2026-07-01 13:00:00,28.61278214070429,77.17644744649726,14
35,2026-07-01 13:05:00,28.61025413611527,77.1756132524034,13
35,2026-07-01 13:10:00,28.609777673880764,77.17494616648325,13
35,2026-07-01 13:15:00,28.610905907306922,77.17423526319548,11
35,2026-07-01 13:20:00,28.611283525713343,77.17467893892237,12
35,2026-07-01 13:25:00,28.61233726103099,77.17550640372362,11
35,2026-07-01 13:30:00,28.612203293935224,77.17586932918233,12
35,2026-07-01 13:35:00,28.613874001438212,77.17514752746992,11
35,2026-07-01 13:40:00,28.613664159328202,77.17516343508974,7
35,2026-07-01 13:45:00,28.6140694923522,77.17527323562805,9
35,2026-07-01 13:50:00,28.614828321620475,77.17509231360039,11
35,2026-07-01 13:55:00,28.61637080077924,77.17508656127353,9
35,2026-07-01 14:00:00,28.616299584574417,77.17583651673968,12
35,2026-07-01 14:05:00,28.61560225491592,77.17553568145273,12
35,2026-07-01 14:10:00,28.613858701711475,77.17443987680002,16
35,2026-07-01 14:15:00,28.614632447128624,77.17310164742955,16
35,2026-07-01 14:20:00,28.615124033636214,77.17331566181925,13
35,2026-07-01 14:25:00,28.615762875138955,77.1723463000092,13
35,2026-07-01 14:30:00,28.615531499181465,77.1723236224837,18
35,2026-07-01 14:35:00,28.615611526269813,77.1737252006227,21
35,2026-07-01 14:40:00,28.615695867302012,77.17457465687781,23
35,2026-07-01 14:45:00,28.615855029203434,77.17333395198003,22
35,2026-07-01 14:50:00,28.61552719501327,77.17296438556815,27
35,2026-07-01 14:55:00,28.613063308318587,77.17106049603403,26
35,2026-07-01 15:00:00,28.615175832352072,77.1698385493069,21
35,2026-07-01 15:05:00,28.617699202969735,77.16863715736808,25
35,2026-07-01 15:10:00,28.618521251410108,77.17029908713843,28
35,2026-07-01 15:15:00,28.619568952978987,77.1706642477709,28
35,2026-07-01 15:20:00,28.618807249731496,77.17071830526181,31
35,2026-07-01 15:25:00,28.617184909090668,77.1692844416092,31
35,2026-07-01 15:30:00,28.61579402428635,77.16913348612633,28
35,2026-07-01 15:35:00,28.61611826158762,77.17007921523897,27
35,2026-07-01 15:40:00,28.616303038199806,77.17147775539813,32
35,2026-07-01 15:45:00,28.615943062026226,77.17188986969886,35
35,2026-07-01 15:50:00,28.614131714540502,77.17280214789584,33
35,2026-07-01 15:55:00,28.61251948074139,77.17402879402755,30
35,2026-07-01 16:00:00,28.612560016219554,77.17303610684465,31
35,2026-07-01 16:05:00,28.612924186282697,77.17203691994169,27
35,2026-07-01 16:10:00,28.61242319568589,77.171081708132,30
35,2026-07-01 16:15:00,28.61252392847712,77.17077403133588,31
35,2026-07-01 16:20:00,28.61111989702532,77.1721287755695,28
35,2026-07-01 16:25:00,28.6109396613203,77.17108626303238,30
35,2026-07-01 16:30:00,28.61213089651548,77.17215712063029,26
35,2026-07-01 16:35:00,28.611420782010796,77.17242212789952,21
36,2026-07-01 00:00:00,28.599619084163717,77.18136639716191,12
36,2026-07-01 00:05:00,28.59959994768193,77.18206833813913,17
36,2026-07-01 00:10:00,28.598607997401732,77.18203122680131,16
36,2026-07-01 00:15:00,28.59817832127466,77.18234659969744,20
36,2026-07-01 00:20:00,28.598476591507158,77.18318298024028,22
36,2026-07-01 00:25:00,28.59860341017777,77.18215651952744,21
36,2026-07-01 00:30:00,28.59892524536779,77.18137516183182,16
36,2026-07-01 00:35:00,28.598561576016984,77.18102309651711,11
36,2026-07-01 00:40:00,28.598034415781687,77.18213630684215,9
36,2026-07-01 00:45:00,28.599787931117643,77.18186965869064,8
36,2026-07-01 00:50:00,28.59806688399201,77.18088724245017,6
36,2026-07-01 00:55:00,28.59867817080275,77.18113810420954,6
36,2026-07-01 01:00:00,28.59900110301759,77.18120765204624,5
36,2026-07-01 01:05:00,28.60065473823362,77.18067290124165,6
36,2026-07-01 01:10:00,28.599920603097914,77.18087527831922,9
36,2026-07-01 01:15:00,28.599249092492613,77.17903378360988,8
36,2026-07-01 01:20:00,28.598813342656708,77.17948927465808,12
36,2026-07-01 01:25:00,28.59830399756038,77.17968404866372,11
36,2026-07-01 01:30:00,28.596494577033567,77.17823062730197,16
36,2026-07-01 01:35:00,28.596203557716326,77.17845791618481,14
36,2026-07-01 01:40:00,28.59695024667626,77.17809615275254,17
36,2026-07-01 01:45:00,28.597912853950337,77.17774233522633,22
36,2026-07-01 01:50:00,28.59745752046135,77.17857609369975,27
36,2026-07-01 01:55:00,28.59710979689982,77.17964027765268,29
36,2026-07-01 02:00:00,28.59578920061007,77.18093268658315,34
36,2026-07-01 02:05:00,28.59636340479114,77.18053738547802,34
36,2026-07-01 02:10:00,28.595615586294223,77.1815263952025,39
36,2026-07-01 02:15:00,28.594430746233748,77.18200011022904,35
36,2026-07-01 02:20:00,28.59385678162472,77.18224767892065,30
36,2026-07-01 02:25:00,28.59399613283262,77.18161434899912,30
36,2026-07-01 02:30:00,28.593237034116747,77.18004285508111,33
36,2026-07-01 02:35:00,28.59419316315804,77.17902197337912,34
36,2026-07-01 02:40:00,28.594986124763484,77.17959100291638,34
36,2026-07-01 02:45:00,28.594676282812244,77.17861808748101,31
36,2026-07-01 02:50:00,28.59402473623527,77.17939796200945,36
36,2026-07-01 02:55:00,28.593391328347547,77.17962042120055,39
36,2026-07-01 03:00:00,28.59376130756143,77.1788164082026,38
36,2026-07-01 03:05:00,28.59441416090035,77.17929784516454,36
36,2026-07-01 03:10:00,28.594807114963523,77.17985762365933,39
36,2026-07-01 03:15:00,28.59534013325818,77.1785935312681,39
36,2026-07-01 03:20:00,28.595472641355023,77.17678273168978,37
36,2026-07-01 03:25:00,28.596448842575708,77.17657872353888,37
36,2026-07-01 03:30:00,28.596799297304216,77.176036386387,34
36,2026-07-01 03:35:00,28.59681295021629,77.17628804025598,37
36,2026-07-01 03:40:00,28.598914191327758,77.17747256629595,33
36,2026-07-01 03:45:00,28.598549507364833,77.17791232843737,36
36,2026-07-01 03:50:00,28.599122232684163,77.1767812386922,41
36,2026-07-01 03:55:00,28.598744609862564,77.17614639956791,46
36,2026-07-01 04:00:00,28.597438530644816,77.17546230011438,49
36,2026-07-01 04:05:00,28.598393197460844,77.1767176233039,52
36,2026-07-01 04:10:00,28.599089100680334,77.1785050443561,48
36,2026-07-01 04:15:00,28.598390826884103,77.17805467894169,48
36,2026-07-01 04:20:00,28.59814951868966,77.1775228430996,47
36,2026-07-01 04:25:00,28.598510098705546,77.17891978655582,48
36,2026-07-01 04:30:00,28.599197275111834,77.17971655284832,47
36,2026-07-01 04:35:00,28.59984342620119,77.17877676453999,50
36,2026-07-01 04:40:00,28.599660775051955,77.18004446762069,47
36,2026-07-01 04:45:00,28.598917415048657,77.17962788796996,44
36,2026-07-01 04:50:00,28.59965327879242,77.17937100274085,42
36,2026-07-01 04:55:00,28.599147140536367,77.1779656662217,46
36,2026-07-01 05:00:00,28.59852968812536,77.17815236418629,48
36,2026-07-01 05:05:00,28.59762946760151,77.17779373752124,50
36,2026-07-01 05:10:00,28.59762623073078,77.17938783984125,50
36,2026-07-01 05:15:00,28.598234150663924,77.17958786795742,50
36,2026-07-01 05:20:00,28.598810343414254,77.18098777139859,49
36,2026-07-01 05:25:00,28.598376795727322,77.17912622852754,46
36,2026-07-01 05:30:00,28.597560611555448,77.17927836224641,46
36,2026-07-01 05:35:00,28.598186273958785,77.17949656821943,48
36,2026-07-01 05:40:00,28.59878101539893,77.18069923618006,51
36,2026-07-01 05:45:00,28.598596400597426,77.1809679808995,49
36,2026-07-01 05:50:00,28.59867243720808,77.18006897404095,54
36,2026-07-01 05:55:00,28.59675460454628,77.17788687274675,59
36,2026-07-01 06:00:00,28.59515244528822,77.17814106132575,61
36,2026-07-01 06:05:00,28.595630945020016,77.1786800243984,62
36,2026-07-01 06:10:00,28.594761334683273,77.17835560649625,62
36,2026-07-01 06:15:00,28.59687294790169,77.17887837323862,58
36,2026-07-01 06:20:00,28.59811002584819,77.17953749371279,62
36,2026-07-01 06:25:00,28.597753112853862,77.17706041291697,59
36,2026-07-01 06:30:00,28.597481112881553,77.17643834808203,60
36,2026-07-01 06:35:00,28.59671168352492,77.17507566632678,57
36,2026-07-01 06:40:00,28.596128044098496,77.1746811803172,56
36,2026-07-01 06:45:00,28.595919422859772,77.17522940859747,57
36,2026-07-01 06:50:00,28.596864054628888,77.17626213382148,62
36,2026-07-01 06:55:00,28.597521685987886,77.17531815584958,63
36,2026-07-01 07:00:00,28.598504864468886,77.17533054592577,68
36,2026-07-01 07:05:00,28.599610199158416,77.17699885158943,63
36,2026-07-01 07:10:00,28.59994816097503,77.17693018173493,67
36,2026-07-01 07:15:00,28.599685311908868,77.17840391931301,67
36,2026-07-01 07:20:00,28.59911781958409,77.17959100419179,71
36,2026-07-01 07:25:00,28.599142683216844,77.18077777609578,70
36,2026-07-01 07:30:00,28.59982635100098,77.18075177083779,69
36,2026-07-01 07:35:00,28.600835166356024,77.18013472104963,66
36,2026-07-01 07:40:00,28.60062847300243,77.18070480937385,71
36,2026-07-01 07:45:00,28.60144432651251,77.18095773657807,73
36,2026-07-01 07:50:00,28.60273895981625,77.18156023754787,69
36,2026-07-01 07:55:00,28.60139315821183,77.18108428497037,74
36,2026-07-01 08:00:00,28.600878741450174,77.18199477710232,79
36,2026-07-01 08:05:00,28.600759360748288,77.18277987613367,75
36,2026-07-01 08:10:00,28.603100004039472,77.18189140416699,73
36,2026-07-01 08:15:00,28.60043802387965,77.18259355394108,72
36,2026-07-01 08:20:00,28.600632862698635,77.18189647502827,67
36,2026-07-01 08:25:00,28.600379705523284,77.1839694165256,72
36,2026-07-01 08:30:00,28.602059207365834,77.18366891995997,73
36,2026-07-01 08:35:00,28.602258776492437,77.18379372707658,76
36,2026-07-01 08:40:00,28.60088598524269,77.18328979639662,78
36,2026-07-01 08:45:00,28.598785180321883,77.18369388344145,76
36,2026-07-01 08:50:00,28.599006819976772,77.18301998389305,73
36,2026-07-01 08:55:00,28.59926116210371,77.18187875621548,75
36,2026-07-01 09:00:00,28.601285190640088,77.18177899594016,71
36,2026-07-01 09:05:00,28.600665156373115,77.18217258583215,73
36,2026-07-01 09:10:00,28.60213500976168,77.18085498439366,72
36,2026-07-01 09:15:00,28.601770604061954,77.1811506852193,71
36,2026-07-01 09:20:00,28.59993895283324,77.18024958193232,67
36,2026-07-01 09:25:00,28.59943100830532,77.17974511301266,62
36,2026-07-01 09:30:00,28.601222771655333,77.1792019548988,57
36,2026-07-01 09:35:00,28.599963208926464,77.1795591477778,52
36,2026-07-01 09:40:00,28.59915143475924,77.1805835333851,50
36,2026-07-01 09:45:00,28.60090674582987,77.18025248121636,53
36,2026-07-01 09:50:00,28.601518266923573,77.18136147833548,56
36,2026-07-01 09:55:00,28.602371957521886,77.1810399992189,59
36,2026-07-01 10:00:00,28.602302738113945,77.17971356439159,63
36,2026-07-01 10:05:00,28.601939056841868,77.17926275410169,65
36,2026-07-01 10:10:00,28.60003250947973,77.17927920103186,64
36,2026-07-01 10:15:00,28.600416164503596,77.17840106471378,67
36,2026-07-01 10:20:00,28.60031919398593,77.17741092582203,71
36,2026-07-01 10:25:00,28.601331666327404,77.17731058821825,68
36,2026-07-01 10:30:00,28.600613528668642,77.17669519589249,65
36,2026-07-01 10:35:00,28.599910801603215,77.17671283770123,65
36,2026-07-01 10:40:00,28.599545150134368,77.1770085854877,67
36,2026-07-01 10:45:00,28.599862330696418,77.17598890430953,62
36,2026-07-01 10:50:00,28.599070863053903,77.17480701033516,64
36,2026-07-01 10:55:00,28.599300864108223,77.17356079572797,62
36,2026-07-01 11:00:00,28.599192279946443,77.17415888800075,63
36,2026-07-01 11:05:00,28.599403397184165,77.17387640176317,62
36,2026-07-01 11:10:00,28.601645828341628,77.17364882244381,64
36,2026-07-01 11:15:00,28.601157641963557,77.17338307120292,69
36,2026-07-01 11:20:00,28.60187951778846,77.17232873811889,67
36,2026-07-01 11:25:00,28.60107617581317,77.17415920659388,64
36,2026-07-01 11:30:00,28.599803044628345,77.1752094612816,61
36,2026-07-01 11:35:00,28.59926430347049,77.17550162993345,64
36,2026-07-01 11:40:00,28.599599017180907,77.17716406487179,64
36,2026-07-01 11:45:00,28.600706516421024,77.17846971043363,60
36,2026-07-01 11:50:00,28.60373683456757,77.17776382839405,64
36,2026-07-01 11:55:00,28.6029739175436,77.17815432525452,64
36,2026-07-01 12:00:00,28.60370036147678,77.17870619895972,65
36,2026-07-01 12:05:00,28.602552154184806,77.18054495346063,60
36,2026-07-01 12:10:00,28.602268313794124,77.18078067127254,59
36,2026-07-01 12:15:00,28.602770965611725,77.18079161101512,64
36,2026-07-01 12:20:00,28.601801241009717,77.18066413227793,64
36,2026-07-01 12:25:00,28.60223267342943,77.17821714596157,61
36,2026-07-01 12:30:00,28.60388598499857,77.17871587273785,64
36,2026-07-01 12:35:00,28.60336144825957,77.17915749780566,64
36,2026-07-01 12:40:00,28.601505463511906,77.18024925916977,69
36,2026-07-01 12:45:00,28.601027245509684,77.1795355402044,66
36,2026-07-01 12:50:00,28.601314109352504,77.18086080380752,61
36,2026-07-01 12:55:00,28.600591906071383,77.17936891138886,57
36,2026-07-01 13:00:00,28.600331013801895,77.17943000902416,52
36,2026-07-01 13:05:00,28.600285008877304,77.17837736033417,49
36,2026-07-01 13:10:00,28.60042442403665,77.17717791407621,44
36,2026-07-01 13:15:00,28.60162379862173,77.17677476021382,46
36,2026-07-01 13:20:00,28.60242969956484,77.17686463933421,50
36,2026-07-01 13:25:00,28.6016250907456,77.17716837095588,45
36,2026-07-01 13:30:00,28.6022249661662,77.1770600992372,47
36,2026-07-01 13:35:00,28.602088006551494,77.17773590721288,43
36,2026-07-01 13:40:00,28.601384173293425,77.17862137779582,38
36,2026-07-01 13:45:00,28.603031359482966,77.17885755776769,42
36,2026-07-01 13:50:00,28.602852995172423,77.17760931718423,45
36,2026-07-01 13:55:00,28.604175738004304,77.1777404293804,41
36,2026-07-01 14:00:00,28.60488077311164,77.17657688953985,36
36,2026-07-01 14:05:00,28.604798073358513,77.17738612149343,32
36,2026-07-01 14:10:00,28.604384068123373,77.1764614292629,34
36,2026-07-01 14:15:00,28.604536398012822,77.1772932231882,31
36,2026-07-01 14:20:00,28.60578309783784,77.17629301796312,34
36,2026-07-01 14:25:00,28.608630107426798,77.1758254084297,38
36,2026-07-01 14:30:00,28.607282753089198,77.17566453967237,39
36,2026-07-01 14:35:00,28.606306326497506,77.17573207945144,41
36,2026-07-01 14:40:00,28.606074056428767,77.17676454773456,46
36,2026-07-01 14:45:00,28.605249216908042,77.17715659031649,41
36,2026-07-01 14:50:00,28.606958507578728,77.17697928076161,44
36,2026-07-01 14:55:00,28.605368255674485,77.1755285713068,45
36,2026-07-01 15:00:00,28.60599285619271,77.17816960208546,48
36,2026-07-01 15:05:00,28.605195203612663,77.17843028632196,47
36,2026-07-01 15:10:00,28.60429873417491,77.17962654731026,49
36,2026-07-01 15:15:00,28.605837356048937,77.17870478221646,53
36,2026-07-01 15:20:00,28.60664755065506,77.17878320330756,55
36,2026-07-01 15:25:00,28.60605725276989,77.1781997595311,57
36,2026-07-01 15:30:00,28.605657990346433,77.17836195109756,58
36,2026-07-01 15:35:00,28.605351177550343,77.17673610982898,63
36,2026-07-01 15:40:00,28.60541993930119,77.17779029299362,58
36,2026-07-01 15:45:00,28.605508049462504,77.17616912265632,55
36,2026-07-01 15:50:00,28.607237096718695,77.1777410906417,50
36,2026-07-01 15:55:00,28.606233662907936,77.17677226652766,47
36,2026-07-01 16:00:00,28.60723818508273,77.17769224317009,45
36,2026-07-01 16:05:00,28.607442203981524,77.17699199266556,45
36,2026-07-01 16:10:00,28.607728482204607,77.17879644163754,49
36,2026-07-01 16:15:00,28.6101141270638,77.18073178700219,47
36,2026-07-01 16:20:00,28.610703721393037,77.18142961439258,47
36,2026-07-01 16:25:00,28.608692230067575,77.18235880395413,52
36,2026-07-01 16:30:00,28.60928775367337,77.1821039616994,49
36,2026-07-01 16:35:00,28.61192585634938,77.18236243238476,49
37,2026-07-01 00:00:00,28.615045200682232,77.18619478155345,53
37,2026-07-01 00:05:00,28.61544136587326,77.18638858272867,49
37,2026-07-01 00:10:00,28.614670039731703,77.18562660549696,50
37,2026-07-01 00:15:00,28.61505130887867,77.18644478102243,53
37,2026-07-01 00:20:00,28.61491537525302,77.18696793864085,58
37,2026-07-01 00:25:00,28.616808411398424,77.1852629298681,54
37,2026-07-01 00:30:00,28.616424362156696,77.18404020783073,55
37,2026-07-01 00:35:00,28.616885622354946,77.18413800785002,57
37,2026-07-01 00:40:00,28.61804910843445,77.18481313938834,61
37,2026-07-01 00:45:00,28.616476099891802,77.18487621706377,64
37,2026-07-01 00:50:00,28.615838213100293,77.18454479356313,62
37,2026-07-01 00:55:00,28.615508034525522,77.18558680055749,62
37,2026-07-01 01:00:00,28.616083736250467,77.18617071892339,58
37,2026-07-01 01:05:00,28.615201517998205,77.18444543783424,63
37,2026-07-01 01:10:00,28.61416085841879,77.18353664436705,65
37,2026-07-01 01:15:00,28.613820416640678,77.18175366650928,62
37,2026-07-01 01:20:00,28.61323035996715,77.18027380160378,64
37,2026-07-01 01:25:00,28.61341551292999,77.17953678674223,60
37,2026-07-01 01:30:00,28.61205521368347,77.17880638891582,60
37,2026-07-01 01:35:00,28.612453392471483,77.17674212664338,64
37,2026-07-01 01:40:00,28.611937332294954,77.17655237508612,64
37,2026-07-01 01:45:00,28.610114366368293,77.17696218453152,66
37,2026-07-01 01:50:00,28.609519952669714,77.17581711661504,70
37,2026-07-01 01:55:00,28.609608878000227,77.17567612085051,73
37,2026-07-01 02:00:00,28.61023829924731,77.17566981048685,70
37,2026-07-01 02:05:00,28.609643542663584,77.17512994305656,67
37,2026-07-01 02:10:00,28.609358529038403,77.17313133198485,69
37,2026-07-01 02:15:00,28.607257665498345,77.17103022914459,64
37,2026-07-01 02:20:00,28.607571270229528,77.17078605417734,64
37,2026-07-01 02:25:00,28.60694297173751,77.17058852557305,69
37,2026-07-01 02:30:00,28.60713965926608,77.16929552457988,72
37,2026-07-01 02:35:00,28.607088063379383,77.1698130555426,71
37,2026-07-01 02:40:00,28.60695704295534,77.16863318386206,76
37,2026-07-01 02:45:00,28.606675461147763,77.16869000623102,80
37,2026-07-01 02:50:00,28.606709111106298,77.16907192790102,85
37,2026-07-01 02:55:00,28.606800465446618,77.16971082762852,84
37,2026-07-01 03:00:00,28.606755779045177,77.16932208233484,83
37,2026-07-01 03:05:00,28.60791059416469,77.17007825013444,80
37,2026-07-01 03:10:00,28.60608993467149,77.16984916003105,80
37,2026-07-01 03:15:00,28.60654458982985,77.17005955042112,77
37,2026-07-01 03:20:00,28.60783009032633,77.17011420654202,76
37,2026-07-01 03:25:00,28.60741330827312,77.17144793092268,79
37,2026-07-01 03:30:00,28.604988119119444,77.17214344241594,84
37,2026-07-01 03:35:00,28.605787413740792,77.17202090396137,89
37,2026-07-01 03:40:00,28.604215137961067,77.17211979117722,94
37,2026-07-01 03:45:00,28.604765500400298,77.17202059532006,91
37,2026-07-01 03:50:00,28.605463549658612,77.17303208061463,87
37,2026-07-01 03:55:00,28.605554437605466,77.17145311519518,86
37,2026-07-01 04:00:00,28.604557708294614,77.17186949466468,87
37,2026-07-01 04:05:00,28.60617300496625,77.17389991095676,86
37,2026-07-01 04:10:00,28.60504812666086,77.17321570238194,89
37,2026-07-01 04:15:00,28.60501248809993,77.17257149938362,93
37,2026-07-01 04:20:00,28.604178283133166,77.17399456099263,91
37,2026-07-01 04:25:00,28.604621036454475,77.17403647903286,87
37,2026-07-01 04:30:00,28.604647974242106,77.1731108364476,82
37,2026-07-01 04:35:00,28.605065396273353,77.17276732741851,79
37,2026-07-01 04:40:00,28.60391317676943,77.17267520615243,75
37,2026-07-01 04:45:00,28.604073788071588,77.17265703927103,75
37,2026-07-01 04:50:00,28.604414474596396,77.17282390948688,76
37,2026-07-01 04:55:00,28.603277011526608,77.17259112204177,81
37,2026-07-01 05:00:00,28.60268184252753,77.17229971568041,81
37,2026-07-01 05:05:00,28.602311003718157,77.17159354352472,80
37,2026-07-01 05:10:00,28.601982416937858,77.17232966585709,78
37,2026-07-01 05:15:00,28.601803064544256,77.17135021824006,76
37,2026-07-01 05:20:00,28.600630782047354,77.16960150520265,77
37,2026-07-01 05:25:00,28.600862108141698,77.17065192559974,80
37,2026-07-01 05:30:00,28.601595323979318,77.17128846763782,83
37,2026-07-01 05:35:00,28.601182275490483,77.1726097924992,86
37,2026-07-01 05:40:00,28.600274561215297,77.17433821216544,87
37,2026-07-01 05:45:00,28.601309165569493,77.17484087762061,84
37,2026-07-01 05:50:00,28.601063163067586,77.17542433224617,84
37,2026-07-01 05:55:00,28.59999278992423,77.17661858965056,85
37,2026-07-01 06:00:00,28.599233547242303,77.17662974856218,84
37,2026-07-01 06:05:00,28.60201089985322,77.17676232706168,80
37,2026-07-01 06:10:00,28.60163649940522,77.17660007852172,84
37,2026-07-01 06:15:00,28.60307717993434,77.17595607907887,80
37,2026-07-01 06:20:00,28.60275806184464,77.17697142186515,83
37,2026-07-01 06:25:00,28.602024857400046,77.17626514294076,87
37,2026-07-01 06:30:00,28.603052171406016,77.17466473854223,86
37,2026-07-01 06:35:00,28.60191530022438,77.17541192513235,91
37,2026-07-01 06:40:00,28.603514645137132,77.17592432109943,88
37,2026-07-01 06:45:00,28.605368443698158,77.17649915184948,83
37,2026-07-01 06:50:00,28.605881486621524,77.17727607370425,81
37,2026-07-01 06:55:00,28.606379267827204,77.17833856600875,78
37,2026-07-01 07:00:00,28.605176143235454,77.17817143914851,78
37,2026-07-01 07:05:00,28.603966542394865,77.17799997740836,79
37,2026-07-01 07:10:00,28.60555748375342,77.17733964614557,75
37,2026-07-01 07:15:00,28.606141059668904,77.17732608298297,74
37,2026-07-01 07:20:00,28.606003379479027,77.1765432647194,72
37,2026-07-01 07:25:00,28.607222912414976,77.17563886959644,75
37,2026-07-01 07:30:00,28.606877308088308,77.17459819712357,75
37,2026-07-01 07:35:00,28.60723129002098,77.1721690847864,79
37,2026-07-01 07:40:00,28.608212719574098,77.17042872656732,80
37,2026-07-01 07:45:00,28.608057230448626,77.1708704669955,75
37,2026-07-01 07:50:00,28.609048876826886,77.17147151993056,78
37,2026-07-01 07:55:00,28.608066125289987,77.17116395860404,79
37,2026-07-01 08:00:00,28.608575809130734,77.17177185011326,77
37,2026-07-01 08:05:00,28.608166135856013,77.1709511793273,81
37,2026-07-01 08:10:00,28.609765514386044,77.17151904271205,81
37,2026-07-01 08:15:00,28.60806742242825,77.17229397767147,78
37,2026-07-01 08:20:00,28.60699787398578,77.17362581783169,83
37,2026-07-01 08:25:00,28.607325883703762,77.17396534777995,81
37,2026-07-01 08:30:00,28.607949272418537,77.17315572466234,80
37,2026-07-01 08:35:00,28.608397411145944,77.17357648786003,81
37,2026-07-01 08:40:00,28.608012351275963,77.17339293989367,85
37,2026-07-01 08:45:00,28.608108983077127,77.17204316362691,89
37,2026-07-01 08:50:00,28.606589008511854,77.17251222314121,90
37,2026-07-01 08:55:00,28.607107693407155,77.17303631800159,85
37,2026-07-01 09:00:00,28.60761218908401,77.17247847014634,86
37,2026-07-01 09:05:00,28.607387634042418,77.17142001965692,88
37,2026-07-01 09:10:00,28.60663331757629,77.16926081028353,90
37,2026-07-01 09:15:00,28.607013964004235,77.16971863430479,88
37,2026-07-01 09:20:00,28.6075222313257,77.17138134032079,89
37,2026-07-01 09:25:00,28.608449987580546,77.17252334195888,90
37,2026-07-01 09:30:00,28.6079017440191,77.17246221332913,88
37,2026-07-01 09:35:00,28.608869267014008,77.17215955228545,87
37,2026-07-01 09:40:00,28.60803188492966,77.17180733496656,90
37,2026-07-01 09:45:00,28.607881555778192,77.17358249917672,91
37,2026-07-01 09:50:00,28.609740330206765,77.17281925597806,87
37,2026-07-01 09:55:00,28.61032762060297,77.1725002353167,87
37,2026-07-01 10:00:00,28.61015823887951,77.17210714893291,84
37,2026-07-01 10:05:00,28.61039175883619,77.17167209522086,79
37,2026-07-01 10:10:00,28.609171242884102,77.17086490765152,82
37,2026-07-01 10:15:00,28.60912609470894,77.1707407933914,82
37,2026-07-01 10:20:00,28.609872373098877,77.16978018021499,82
37,2026-07-01 10:25:00,28.609812635529064,77.16950567080737,78
37,2026-07-01 10:30:00,28.611585759865633,77.16892238120478,74
37,2026-07-01 10:35:00,28.61120799389224,77.1686801418591,79
37,2026-07-01 10:40:00,28.612225702157172,77.16833698179256,79
37,2026-07-01 10:45:00,28.61219144533807,77.16825465124255,81
37,2026-07-01 10:50:00,28.61050964554023,77.16812692980233,81
37,2026-07-01 10:55:00,28.610316012102228,77.16772704601364,82
37,2026-07-01 11:00:00,28.609987458850437,77.16761871116627,81
37,2026-07-01 11:05:00,28.611421534248308,77.16884056154831,82
37,2026-07-01 11:10:00,28.611987999732417,77.1691150977359,77
37,2026-07-01 11:15:00,28.610041211683793,77.16811841062561,77
37,2026-07-01 11:20:00,28.61249959834662,77.1681645932278,78
37,2026-07-01 11:25:00,28.61335202274741,77.16886502254854,78
37,2026-07-01 11:30:00,28.61199823998662,77.16948996203887,77
37,2026-07-01 11:35:00,28.61140890072853,77.17118561065169,78
37,2026-07-01 11:40:00,28.60986530654009,77.17111803972391,82
37,2026-07-01 11:45:00,28.608003479798906,77.17126339352197,78
37,2026-07-01 11:50:00,28.6107159657456,77.17241401639065,73
37,2026-07-01 11:55:00,28.609448325448955,77.1733032334067,78
37,2026-07-01 12:00:00,28.609354761910645,77.17258337439759,80
37,2026-07-01 12:05:00,28.61045063536562,77.17291793203212,78
37,2026-07-01 12:10:00,28.611726932755154,77.17210266640777,73
37,2026-07-01 12:15:00,28.610412883911998,77.17130388768507,68
37,2026-07-01 12:20:00,28.611254545083654,77.17153260293938,67
37,2026-07-01 12:25:00,28.609964492591203,77.17114718163322,64
37,2026-07-01 12:30:00,28.60999294432718,77.17111185315379,64
37,2026-07-01 12:35:00,28.608670988005247,77.17051093122087,60
37,2026-07-01 12:40:00,28.60939503688017,77.17172659301355,56
37,2026-07-01 12:45:00,28.609455727983303,77.17213540338767,60
37,2026-07-01 12:50:00,28.61142376322261,77.17094142111763,62
37,2026-07-01 12:55:00,28.609004661924097,77.17220881345628,67
37,2026-07-01 13:00:00,28.61037860649432,77.17263346970964,63
37,2026-07-01 13:05:00,28.611355516427736,77.17284412539966,61
37,2026-07-01 13:10:00,28.611908459616934,77.17220087696845,56
37,2026-07-01 13:15:00,28.61121933690147,77.17156926697432,51
37,2026-07-01 13:20:00,28.612181238281984,77.17129286449108,50
37,2026-07-01 13:25:00,28.611131485578436,77.1724920287594,53
37,2026-07-01 13:30:00,28.611762404013245,77.171413290687,56
37,2026-07-01 13:35:00,28.61290615893061,77.17059161243272,60
37,2026-07-01 13:40:00,28.61304989636843,77.1701737889139,64
37,2026-07-01 13:45:00,28.612335908654632,77.16952270199535,60
37,2026-07-01 13:50:00,28.61007949475628,77.17010090030314,55
37,2026-07-01 13:55:00,28.61098142754537,77.17167160778847,53
37,2026-07-01 14:00:00,28.609312798118868,77.17122646727584,53
37,2026-07-01 14:05:00,28.609403458251982,77.16925566645975,52
37,2026-07-01 14:10:00,28.608532891124188,77.16857358816635,47
37,2026-07-01 14:15:00,28.60781272822051,77.16864428518802,49
37,2026-07-01 14:20:00,28.608701005912163,77.1680247710287,44
37,2026-07-01 14:25:00,28.609459541652267,77.16927978124556,45
37,2026-07-01 14:30:00,28.60969809918381,77.16884634960792,49
37,2026-07-01 14:35:00,28.60983678880867,77.17066271841995,54
37,2026-07-01 14:40:00,28.61035580578931,77.17066591126834,58
37,2026-07-01 14:45:00,28.611696344967857,77.17019494730079,61
37,2026-07-01 14:50:00,28.611018982739136,77.17040430163097,62
37,2026-07-01 14:55:00,28.610405738261047,77.17057997596301,65
37,2026-07-01 15:00:00,28.610672059836347,77.17052167550075,67
37,2026-07-01 15:05:00,28.610933464338896,77.17010715928329,71
37,2026-07-01 15:10:00,28.61116976766263,77.17043988977439,76
37,2026-07-01 15:15:00,28.611848123372535,77.17024518087415,75
37,2026-07-01 15:20:00,28.611705300324576,77.1705041870334,76
37,2026-07-01 15:25:00,28.613235472379795,77.1719398641372,73
37,2026-07-01 15:30:00,28.61470145855243,77.17092446083981,68
37,2026-07-01 15:35:00,28.615457873100485,77.17153194439983,72
37,2026-07-01 15:40:00,28.61528787080893,77.17028715195448,69
37,2026-07-01 15:45:00,28.61498390918114,77.1709039288112,67
37,2026-07-01 15:50:00,28.614090347695996,77.17003039126162,64
37,2026-07-01 15:55:00,28.614379798768848,77.16860705446673,61
37,2026-07-01 16:00:00,28.61389558915103,77.16912096039627,58
37,2026-07-01 16:05:00,28.615224953142246,77.17059649935044,60
37,2026-07-01 16:10:00,28.613452021379153,77.17062549751495,59
37,2026-07-01 16:15:00,28.613123912090792,77.17057790026983,58
37,2026-07-01 16:20:00,28.612569697138106,77.17091193539879,63
37,2026-07-01 16:25:00,28.61448695667261,77.17237583618497,66
37,2026-07-01 16:30:00,28.614007449018033,77.17263237489388,69
37,2026-07-01 16:35:00,28.613908034728716,77.17348928195206,66
38,2026-07-01 00:00:00,28.59524660390821,77.20787229515828,7
38,2026-07-01 00:05:00,28.594336852234495,77.20862780473327,2
38,2026-07-01 00:10:00,28.595178711057205,77.20682098193542,0
38,2026-07-01 00:15:00,28.594625271040403,77.20796179651764,3
38,2026-07-01 00:20:00,28.59401543431973,77.20867339332074,2
38,2026-07-01 00:25:00,28.593375284782038,77.20924369985062,7
38,2026-07-01 00:30:00,28.59459252569957,77.20903111961063,10
38,2026-07-01 00:35:00,28.59679731130869,77.20852133176376,15
38,2026-07-01 00:40:00,28.595737793173186,77.20620274068919,12
38,2026-07-01 00:45:00,28.594943728442843,77.20825050947978,15
38,2026-07-01 00:50:00,28.59592769949059,77.20733776564164,11
38,2026-07-01 00:55:00,28.59585234724933,77.20785240588162,6
38,2026-07-01 01:00:00,28.597192057553293,77.20883641339493,11
38,2026-07-01 01:05:00,28.596992380251436,77.21054546857826,15
38,2026-07-01 01:10:00,28.59843604652707,77.21130056614791,17
38,2026-07-01 01:15:00,28.59948284743056,77.21144788500695,16
38,2026-07-01 01:20:00,28.59995433760901,77.21114387975483,20
38,2026-07-01 01:25:00,28.600188710372347,77.21092703381626,20
38,2026-07-01 01:30:00,28.598880102019525,77.21129251940694,17
38,2026-07-01 01:35:00,28.597790700620916,77.21015025729895,15
38,2026-07-01 01:40:00,28.598269727492244,77.20919651251543,15
38,2026-07-01 01:45:00,28.59835540091401,77.20704090165418,11
38,2026-07-01 01:50:00,28.597199064014482,77.20669229157534,9
38,2026-07-01 01:55:00,28.597780034255564,77.20747920798027,9
38,2026-07-01 02:00:00,28.59791389413,77.2074119401244,12
38,2026-07-01 02:05:00,28.59968385500141,77.2075845150722,10
38,2026-07-01 02:10:00,28.59910710717594,77.2062261378037,12
38,2026-07-01 02:15:00,28.598154157781472,77.20497438986911,16
38,2026-07-01 02:20:00,28.59951445277442,77.20408841978663,18
38,2026-07-01 02:25:00,28.597972890321103,77.20345321126008,23
38,2026-07-01 02:30:00,28.600053408995482,77.20350658699111,20
38,2026-07-01 02:35:00,28.59816554675826,77.20420909001018,21
38,2026-07-01 02:40:00,28.59792494840075,77.20500730041799,17
38,2026-07-01 02:45:00,28.597956365874214,77.20517239996948,18
38,2026-07-01 02:50:00,28.599040950661557,77.20487239865342,14
38,2026-07-01 02:55:00,28.598633385406167,77.20482059368494,13
38,2026-07-01 03:00:00,28.600201919344876,77.20440145989136,18
38,2026-07-01 03:05:00,28.60014004736706,77.2058020659527,23
38,2026-07-01 03:10:00,28.5995219298479,77.20561185053134,25
38,2026-07-01 03:15:00,28.599358787913904,77.20445231314416,29
38,2026-07-01 03:20:00,28.59759780769406,77.2035409958787,24
38,2026-07-01 03:25:00,28.596817071801198,77.20456822931861,28
38,2026-07-01 03:30:00,28.59810374912898,77.20397590546396,30
38,2026-07-01 03:35:00,28.59827210606326,77.20342847049513,29
38,2026-07-01 03:40:00,28.597598863439668,77.20315211552767,29
38,2026-07-01 03:45:00,28.596116790164185,77.20330915469786,24
38,2026-07-01 03:50:00,28.597773403878893,77.20352373305157,27
38,2026-07-01 03:55:00,28.594940671414594,77.20306083860271,31
38,2026-07-01 04:00:00,28.594358592671462,77.20384029760342,27
38,2026-07-01 04:05:00,28.593530386965803,77.20415560723019,27
38,2026-07-01 04:10:00,28.594113172819835,77.20616980155255,30
38,2026-07-01 04:15:00,28.5938274081038,77.20505351138225,26
38,2026-07-01 04:20:00,28.5937411249519,77.20484699550848,24
38,2026-07-01 04:25:00,28.594337638766675,77.20418910965779,21
38,2026-07-01 04:30:00,28.59592341333472,77.20524490789626,20
38,2026-07-01 04:35:00,28.596513672850094,77.20671959883254,25
38,2026-07-01 04:40:00,28.596049875580444,77.20712462843699,27
38,2026-07-01 04:45:00,28.596270251386283,77.20563054396469,30
38,2026-07-01 04:50:00,28.596815069728724,77.20413586667372,31
38,2026-07-01 04:55:00,28.59757789887431,77.204663214909,35
38,2026-07-01 05:00:00,28.595821222810905,77.20569324203419,35
38,2026-07-01 05:05:00,28.595884167907446,77.20531794686447,33
38,2026-07-01 05:10:00,28.595629027622852,77.20583959864544,28
38,2026-07-01 05:15:00,28.595991163735402,77.2060198274696,30
38,2026-07-01 05:20:00,28.596529982907573,77.20681146833432,28
38,2026-07-01 05:25:00,28.595828467193027,77.20650213042856,28
38,2026-07-01 05:30:00,28.595721168188724,77.20764467515481,31
38,2026-07-01 05:35:00,28.594968238739114,77.2081005979538,31
38,2026-07-01 05:40:00,28.595966477844943,77.20935736855128,31
38,2026-07-01 05:45:00,28.597998271262234,77.20792991635244,31
38,2026-07-01 05:50:00,28.59871544123685,77.20736555592775,36
38,2026-07-01 05:55:00,28.600139384617613,77.2078142094992,33
38,2026-07-01 06:00:00,28.598641525942835,77.20727509883851,35
38,2026-07-01 06:05:00,28.599574746458416,77.20666373319115,35
38,2026-07-01 06:10:00,28.59951181193935,77.20670395029983,31
38,2026-07-01 06:15:00,28.60235143485416,77.20705998276695,28
38,2026-07-01 06:20:00,28.603579902363197,77.20634500030881,30
38,2026-07-01 06:25:00,28.602860604331397,77.2057521508336,33
38,2026-07-01 06:30:00,28.602092886878033,77.20562924110008,28
38,2026-07-01 06:35:00,28.60220705596152,77.2044059340523,23
38,2026-07-01 06:40:00,28.60167343663887,77.20517562079587,23
38,2026-07-01 06:45:00,28.601410046951056,77.20487581959821,22
38,2026-07-01 06:50:00,28.602610421143325,77.2043212566884,22
38,2026-07-01 06:55:00,28.60256404311637,77.20388288953079,18
38,2026-07-01 07:00:00,28.601526848418604,77.20346953923404,15
38,2026-07-01 07:05:00,28.60189074129902,77.20514054632639,13
38,2026-07-01 07:10:00,28.60055447166247,77.2067665242864,17
38,2026-07-01 07:15:00,28.600900538759596,77.20692074187228,21
38,2026-07-01 07:20:00,28.602435872476235,77.20605717351258,17
38,2026-07-01 07:25:00,28.60146887990638,77.20673185225341,16
38,2026-07-01 07:30:00,28.600460516744832,77.20819208043315,14
38,2026-07-01 07:35:00,28.59972883589988,77.20961003338186,16
38,2026-07-01 07:40:00,28.599598765058598,77.21049935128919,16
38,2026-07-01 07:45:00,28.60172048961419,77.21251229466895,20
38,2026-07-01 07:50:00,28.600960830495996,77.21167100092732,18
38,2026-07-01 07:55:00,28.601270665233667,77.21235012080665,18
38,2026-07-01 08:00:00,28.601845358227376,77.21167920642897,13
38,2026-07-01 08:05:00,28.601315664391592,77.21279375862429,10
38,2026-07-01 08:10:00,28.600103794933332,77.21201771246169,11
38,2026-07-01 08:15:00,28.600448934242987,77.21230372861709,8
38,2026-07-01 08:20:00,28.599128476472902,77.21334080391031,10
38,2026-07-01 08:25:00,28.597730862911074,77.2145143132524,11
38,2026-07-01 08:30:00,28.59719674126946,77.21564077100952,14
38,2026-07-01 08:35:00,28.59647464080238,77.21661316421894,19
38,2026-07-01 08:40:00,28.596432290646348,77.21713333130766,20
38,2026-07-01 08:45:00,28.597924489273012,77.21629974497623,24
38,2026-07-01 08:50:00,28.599922437477524,77.21532500979431,21
38,2026-07-01 08:55:00,28.59982329205164,77.21407123187095,20
38,2026-07-01 09:00:00,28.60124979619398,77.21484802715278,15
38,2026-07-01 09:05:00,28.602187021367644,77.21419227589215,14
38,2026-07-01 09:10:00,28.60390818261233,77.21340053898601,11
38,2026-07-01 09:15:00,28.60457258286136,77.2146271928511,16
38,2026-07-01 09:20:00,28.603304110711903,77.21437652050501,11
38,2026-07-01 09:25:00,28.602981869558068,77.21306391223786,11
38,2026-07-01 09:30:00,28.605541768817837,77.21246122055086,16
38,2026-07-01 09:35:00,28.606303351669965,77.21288384426843,18
38,2026-07-01 09:40:00,28.606172936843148,77.21263702093796,20
38,2026-07-01 09:45:00,28.607282350825297,77.21325309538305,21
38,2026-07-01 09:50:00,28.60818434920351,77.2128158594409,20
38,2026-07-01 09:55:00,28.60865197220794,77.21269576098798,25
38,2026-07-01 10:00:00,28.608503382697982,77.21208717152203,29
38,2026-07-01 10:05:00,28.608009949633992,77.20986535081633,28
38,2026-07-01 10:10:00,28.607848502500822,77.20979523667225,26
38,2026-07-01 10:15:00,28.606081890211986,77.20907490314193,24
38,2026-07-01 10:20:00,28.606044345254062,77.21075872090526,23
38,2026-07-01 10:25:00,28.604921864237337,77.20928740239297,22
38,2026-07-01 10:30:00,28.604809947552138,77.21023845925545,27
38,2026-07-01 10:35:00,28.607549629687558,77.21236244969577,30
38,2026-07-01 10:40:00,28.60623848586577,77.2132426638354,26
38,2026-07-01 10:45:00,28.60546695248688,77.21243964839628,31
38,2026-07-01 10:50:00,28.604235859427614,77.21276533149012,36
38,2026-07-01 10:55:00,28.605128868913393,77.2127970268572,37
38,2026-07-01 11:00:00,28.605195666059174,77.21520846577124,37
38,2026-07-01 11:05:00,28.60629359177441,77.21495621841794,34
38,2026-07-01 11:10:00,28.604919418322037,77.21487804848181,39
38,2026-07-01 11:15:00,28.60489420527504,77.214736749586,44
38,2026-07-01 11:20:00,28.603836356006695,77.21362297653255,39
38,2026-07-01 11:25:00,28.603816879541395,77.21169349426992,43
38,2026-07-01 11:30:00,28.60183967773014,77.2127208695311,38
38,2026-07-01 11:35:00,28.601337878703706,77.2119636336822,34
38,2026-07-01 11:40:00,28.60128020799652,77.21213888598962,29
38,2026-07-01 11:45:00,28.60073723228975,77.21243334058691,34
38,2026-07-01 11:50:00,28.600322062941586,77.21163767671878,34
38,2026-07-01 11:55:00,28.601426839309642,77.21365939170494,38
38,2026-07-01 12:00:00,28.600504576075274,77.21458910856222,43
38,2026-07-01 12:05:00,28.600832215311996,77.21464648411603,44
38,2026-07-01 12:10:00,28.60218271106261,77.21407682286801,43
38,2026-07-01 12:15:00,28.604110660242853,77.21407689473507,43
38,2026-07-01 12:20:00,28.604630942304652,77.21122572692782,48
38,2026-07-01 12:25:00,28.604884181869057,77.21147901543533,52
38,2026-07-01 12:30:00,28.606857915311792,77.2113157370501,53
38,2026-07-01 12:35:00,28.60688210680733,77.21167631120242,55
38,2026-07-01 12:40:00,28.607243867786092,77.2116344445059,55
38,2026-07-01 12:45:00,28.608878734221527,77.20937396949275,54
38,2026-07-01 12:50:00,28.608420206579112,77.21008022286634,54
38,2026-07-01 12:55:00,28.607834916047796,77.20975574770884,57
38,2026-07-01 13:00:00,28.608249031515086,77.20887416029582,60
38,2026-07-01 13:05:00,28.6077427617305,77.20983357567627,64
38,2026-07-01 13:10:00,28.60818840523499,77.21045483177048,59
38,2026-07-01 13:15:00,28.610618708648524,77.20954464836916,61
38,2026-07-01 13:20:00,28.61143724570096,77.21094008885974,61
38,2026-07-01 13:25:00,28.611503481983902,77.21241025411129,61
38,2026-07-01 13:30:00,28.60985242858884,77.21282532662099,56
38,2026-07-01 13:35:00,28.609814095116654,77.21238909529104,55
38,2026-07-01 13:40:00,28.60732830020437,77.21180357372914,54
38,2026-07-01 13:45:00,28.607601683637938,77.20934630653663,52
38,2026-07-01 13:50:00,28.607290711251917,77.2078692470744,53
38,2026-07-01 13:55:00,28.606695890941463,77.20791004529262,49
38,2026-07-01 14:00:00,28.608420545617104,77.20796376146696,45
38,2026-07-01 14:05:00,28.60845547475086,77.20694879905373,42
38,2026-07-01 14:10:00,28.608508096880875,77.20710894321864,37
38,2026-07-01 14:15:00,28.607996904246104,77.20631335935192,38
38,2026-07-01 14:20:00,28.608795121199673,77.20738673946707,36
38,2026-07-01 14:25:00,28.609127741984455,77.2074884766729,37
38,2026-07-01 14:30:00,28.608331044737966,77.20867840771845,33
38,2026-07-01 14:35:00,28.607511202319515,77.2080335999462,36
38,2026-07-01 14:40:00,28.6069575115891,77.20710808079778,39
38,2026-07-01 14:45:00,28.605674269021954,77.2061970097115,44
38,2026-07-01 14:50:00,28.606357331603462,77.20659153331667,43
38,2026-07-01 14:55:00,28.607189229352066,77.2055964684389,42
38,2026-07-01 15:00:00,28.60599415878855,77.20564998271321,43
38,2026-07-01 15:05:00,28.606508586243574,77.20519365466028,42
38,2026-07-01 15:10:00,28.60689058141648,77.20667174947911,37
38,2026-07-01 15:15:00,28.606248600442935,77.20583804032316,35
38,2026-07-01 15:20:00,28.606108765406443,77.20715163220665,33
38,2026-07-01 15:25:00,28.605622384931518,77.20775124310352,37
38,2026-07-01 15:30:00,28.60383315020142,77.20544661643594,39
38,2026-07-01 15:35:00,28.604763838835332,77.20524654903033,39
38,2026-07-01 15:40:00,28.604788415977605,77.2063736348559,44
38,2026-07-01 15:45:00,28.605693475892068,77.20724600487526,45
38,2026-07-01 15:50:00,28.603674209303065,77.20709621295047,40
38,2026-07-01 15:55:00,28.60319997527039,77.2072865048085,45
38,2026-07-01 16:00:00,28.60145064898756,77.20854147053713,50
38,2026-07-01 16:05:00,28.60164706583231,77.20949942309353,47
38,2026-07-01 16:10:00,28.60145683372507,77.20773937031338,45
38,2026-07-01 16:15:00,28.600691180439824,77.20745721077739,50
38,2026-07-01 16:20:00,28.599066163640195,77.205133609718,49
38,2026-07-01 16:25:00,28.60013731881231,77.20464093813443,44
38,2026-07-01 16:30:00,28.59897087426886,77.20397835484121,40
38,2026-07-01 16:35:00,28.599363149023738,77.20308174311778,35
39,2026-07-01 00:00:00,28.590275847522037,77.19162170276527,4
39,2026-07-01 00:05:00,28.58851625457067,77.19165026489894,6
39,2026-07-01 00:10:00,28.587348837134844,77.1902062595422,4
39,2026-07-01 00:15:00,28.590134749048836,77.19118808148663,8
39,2026-07-01 00:20:00,28.59039555890075,77.19057217733715,5
39,2026-07-01 00:25:00,28.589596543793334,77.19084313393638,4
39,2026-07-01 00:30:00,28.58926258166808,77.19112419377724,4
39,2026-07-01 00:35:00,28.588487980320195,77.19013036848838,4
39,2026-07-01 00:40:00,28.58782820476065,77.18989064234479,6
39,2026-07-01 00:45:00,28.588660314977872,77.19043761081792,4
39,2026-07-01 00:50:00,28.58877798637565,77.18864206200632,0
39,2026-07-01 00:55:00,28.588267160994622,77.1882586059845,2
39,2026-07-01 01:00:00,28.587369230101242,77.1888892858466,3
39,2026-07-01 01:05:00,28.586983819088516,77.1893798837034,0
39,2026-07-01 01:10:00,28.588571194755463,77.19004504934733,0
39,2026-07-01 01:15:00,28.588032527680515,77.1897655895069,0
39,2026-07-01 01:20:00,28.587763416877984,77.18876127112252,5
39,2026-07-01 01:25:00,28.585922779673297,77.18772773513712,5
39,2026-07-01 01:30:00,28.58567628916411,77.1877828794007,9
39,2026-07-01 01:35:00,28.585927232357346,77.18814893531616,12
39,2026-07-01 01:40:00,28.584895094871076,77.18962596468005,17
39,2026-07-01 01:45:00,28.58502450323984,77.18895669177391,22
39,2026-07-01 01:50:00,28.584964893394453,77.19090351373626,26
39,2026-07-01 01:55:00,28.586426635515533,77.18998682765009,26
39,2026-07-01 02:00:00,28.58676425704604,77.18996014651626,30
39,2026-07-01 02:05:00,28.587420336442346,77.18957615892816,32
39,2026-07-01 02:10:00,28.585554450694367,77.19006371693332,33
39,2026-07-01 02:15:00,28.584777479962405,77.19033469283313,36
39,2026-07-01 02:20:00,28.586345679652933,77.19068291393728,39
39,2026-07-01 02:25:00,28.586237650716765,77.19189205788135,43
39,2026-07-01 02:30:00,28.58688088613532,77.19228192303942,43
39,2026-07-01 02:35:00,28.58755296697592,77.19185711220307,41
39,2026-07-01 02:40:00,28.587673336742196,77.19062374272136,46
39,2026-07-01 02:45:00,28.58758493166796,77.18869818070358,46
39,2026-07-01 02:50:00,28.58674714517718,77.19040659848466,50
39,2026-07-01 02:55:00,28.588266523360133,77.1911366785772,55
39,2026-07-01 03:00:00,28.588937173214084,77.19162615107324,60
39,2026-07-01 03:05:00,28.5903506219497,77.19204466192002,65
39,2026-07-01 03:10:00,28.589633415585897,77.19065151583598,69
39,2026-07-01 03:15:00,28.589820000060378,77.191764232059,73
39,2026-07-01 03:20:00,28.589923216320145,77.19105203103415,70
39,2026-07-01 03:25:00,28.59037306546653,77.1917011690222,69
39,2026-07-01 03:30:00,28.59133248505326,77.19044739195002,65
39,2026-07-01 03:35:00,28.592329442534783,77.18994278735452,64
39,2026-07-01 03:40:00,28.591799680621534,77.19101857222188,68
39,2026-07-01 03:45:00,28.59032380952443,77.19120945215779,70
39,2026-07-01 03:50:00,28.591517277952978,77.19030231850803,69
39,2026-07-01 03:55:00,28.591931264779937,77.189056247944,66
39,2026-07-01 04:00:00,28.592348946184956,77.18914961313693,71
39,2026-07-01 04:05:00,28.592523868929366,77.19000354331524,66
39,2026-07-01 04:10:00,28.59218771892665,77.1898841201545,69
39,2026-07-01 04:15:00,28.59088561303769,77.18887632644464,68
39,2026-07-01 04:20:00,28.589776539965165,77.18903380262621,64
39,2026-07-01 04:25:00,28.58985028075137,77.19003652404139,63
39,2026-07-01 04:30:00,28.58928392723667,77.19124842481524,68
39,2026-07-01 04:35:00,28.58751880615145,77.1907719469741,73
39,2026-07-01 04:40:00,28.588378990271668,77.19065712993445,71
39,2026-07-01 04:45:00,28.587668072185824,77.1916028047824,76
39,2026-07-01 04:50:00,28.587325117139898,77.19185698530659,73
39,2026-07-01 04:55:00,28.587595166753342,77.19325560991714,69
39,2026-07-01 05:00:00,28.585954698415623,77.19292776096982,72
39,2026-07-01 05:05:00,28.586565544871497,77.19532066447789,72
39,2026-07-01 05:10:00,28.585628599156184,77.19617260649945,70
39,2026-07-01 05:15:00,28.585496898902324,77.19558111824237,72
39,2026-07-01 05:20:00,28.58467847754085,77.19653006029392,73
39,2026-07-01 05:25:00,28.584830039763364,77.19632020584362,74
39,2026-07-01 05:30:00,28.583152647158293,77.19578912404161,69
39,2026-07-01 05:35:00,28.584743128784368,77.195325500187,68
39,2026-07-01 05:40:00,28.58398987719971,77.19382862826376,65
39,2026-07-01 05:45:00,28.583293733749446,77.19369944987929,69
39,2026-07-01 05:50:00,28.58258888223872,77.1930977974504,68
39,2026-07-01 05:55:00,28.583155659707536,77.19255103930239,66
39,2026-07-01 06:00:00,28.584447953454422,77.19115514906792,62
39,2026-07-01 06:05:00,28.583327555107672,77.19055127322744,64
39,2026-07-01 06:10:00,28.58488114991812,77.19093638125956,59
39,2026-07-01 06:15:00,28.584660813892185,77.19119680372069,58
39,2026-07-01 06:20:00,28.587044489272923,77.19262068741084,60
39,2026-07-01 06:25:00,28.587230204327422,77.19295775475159,58
39,2026-07-01 06:30:00,28.58673532009248,77.19331491225041,61
39,2026-07-01 06:35:00,28.586795064473474,77.19312001238997,65
39,2026-07-01 06:40:00,28.586935506000817,77.19345606928103,67
39,2026-07-01 06:45:00,28.587734446396215,77.19361462746676,72
39,2026-07-01 06:50:00,28.587301470130974,77.19587308826291,67
39,2026-07-01 06:55:00,28.586389949065858,77.19562870302641,65
39,2026-07-01 07:00:00,28.586429939713323,77.19367834403351,66
39,2026-07-01 07:05:00,28.5862608888819,77.19470436843696,69
39,2026-07-01 07:10:00,28.58623120845761,77.19337287551049,66
39,2026-07-01 07:15:00,28.584627564726734,77.19270076055925,64
39,2026-07-01 07:20:00,28.583727285545503,77.19312266009817,59
39,2026-07-01 07:25:00,28.58540381826777,77.1942788471424,64
39,2026-07-01 07:30:00,28.586032632096103,77.19422934249633,63
39,2026-07-01 07:35:00,28.58577406112856,77.19508694203084,61
39,2026-07-01 07:40:00,28.58475231694944,77.19555368493168,62
39,2026-07-01 07:45:00,28.58673483001314,77.19794598331535,67
39,2026-07-01 07:50:00,28.586790073523716,77.19858929109586,70
39,2026-07-01 07:55:00,28.58584400901159,77.19949404089911,67
39,2026-07-01 08:00:00,28.587776426824,77.1989571779532,62
39,2026-07-01 08:05:00,28.586870693112882,77.20061140847149,65
39,2026-07-01 08:10:00,28.58715718705969,77.20105551986211,62
39,2026-07-01 08:15:00,28.587041729742502,77.20050208861613,66
39,2026-07-01 08:20:00,28.586868947952944,77.20030410424673,68
39,2026-07-01 08:25:00,28.58672894485421,77.20168131405387,72
39,2026-07-01 08:30:00,28.586161709481278,77.20222667357031,70
39,2026-07-01 08:35:00,28.583763674670823,77.20186016576953,72
39,2026-07-01 08:40:00,28.584941245084973,77.20277289258266,70
39,2026-07-01 08:45:00,28.58387267089198,77.20278965886008,65
39,2026-07-01 08:50:00,28.58320968093071,77.20220095402652,68
39,2026-07-01 08:55:00,28.582509475744573,77.20155165512371,72
39,2026-07-01 09:00:00,28.582483726040824,77.2029926466172,67
39,2026-07-01 09:05:00,28.581525559049823,77.20397801079247,66
39,2026-07-01 09:10:00,28.581236666635487,77.20399339835697,67
39,2026-07-01 09:15:00,28.5818827446118,77.20313618350416,71
39,2026-07-01 09:20:00,28.581741955722947,77.202642185647,71
39,2026-07-01 09:25:00,28.58300135752594,77.20336618790199,72
39,2026-07-01 09:30:00,28.5821897470056,77.20225438381628,72
39,2026-07-01 09:35:00,28.582052955180774,77.20257099470113,70
39,2026-07-01 09:40:00,28.58104868152118,77.2013665825086,66
39,2026-07-01 09:45:00,28.58176686031636,77.20210235769864,62
39,2026-07-01 09:50:00,28.580583303301804,77.20121064868248,61
39,2026-07-01 09:55:00,28.5811774983806,77.20169218222199,59
39,2026-07-01 10:00:00,28.583464296003093,77.20170477115524,63
39,2026-07-01 10:05:00,28.58407757702527,77.20235728088863,67
39,2026-07-01 10:10:00,28.584891747290573,77.2032463552793,70
39,2026-07-01 10:15:00,28.584114528213505,77.20305611078591,70
39,2026-07-01 10:20:00,28.585301655465912,77.20194226640851,71
39,2026-07-01 10:25:00,28.584855186851968,77.20091702438086,74
39,2026-07-01 10:30:00,28.585535155516766,77.20334278737892,72
39,2026-07-01 10:35:00,28.585110675584108,77.20234828796539,70
39,2026-07-01 10:40:00,28.58387698141978,77.20260061793877,65
39,2026-07-01 10:45:00,28.58319177385809,77.20167802282515,61
39,2026-07-01 10:50:00,28.58373403324934,77.201643062129,61
39,2026-07-01 10:55:00,28.582856543738604,77.20251179114184,61
39,2026-07-01 11:00:00,28.58346280007917,77.2014074263625,61
39,2026-07-01 11:05:00,28.58243477755058,77.20227832327642,63
39,2026-07-01 11:10:00,28.583128469785837,77.20129237680345,67
39,2026-07-01 11:15:00,28.582654840111317,77.20119823427925,62
39,2026-07-01 11:20:00,28.582280276675945,77.20235918638173,65
39,2026-07-01 11:25:00,28.583034627008967,77.2017816215353,63
39,2026-07-01 11:30:00,28.58415330552216,77.20256539909624,65
39,2026-07-01 11:35:00,28.582655023712835,77.20490539541818,67
39,2026-07-01 11:40:00,28.58337147909215,77.20407358762456,68
39,2026-07-01 11:45:00,28.58248298062478,77.20349877754607,65
39,2026-07-01 11:50:00,28.584223838701792,77.20317203295613,68
39,2026-07-01 11:55:00,28.584504270811852,77.203755553688,65
39,2026-07-01 12:00:00,28.58464675148491,77.20453882924112,66
39,2026-07-01 12:05:00,28.584092247419065,77.20503737327277,66
39,2026-07-01 12:10:00,28.583318924073623,77.20506144499242,63
39,2026-07-01 12:15:00,28.58288243554831,77.20426164423499,64
39,2026-07-01 12:20:00,28.58462967287682,77.20481737555409,59
39,2026-07-01 12:25:00,28.584705518276856,77.20397445703867,54
39,2026-07-01 12:30:00,28.585374826006312,77.20388466800811,54
39,2026-07-01 12:35:00,28.586017117999916,77.20404305996387,55
39,2026-07-01 12:40:00,28.586621295482114,77.20620487790501,52
39,2026-07-01 12:45:00,28.585681421458375,77.20673059190248,49
39,2026-07-01 12:50:00,28.584616925037203,77.20738965993128,46
39,2026-07-01 12:55:00,28.58591116243473,77.20617875278046,49
39,2026-07-01 13:00:00,28.58570425242148,77.20546303036681,51
39,2026-07-01 13:05:00,28.586949014942814,77.2061844883296,51
39,2026-07-01 13:10:00,28.58650912386947,77.2079454000663,50
39,2026-07-01 13:15:00,28.587741990660856,77.20747673955681,52
39,2026-07-01 13:20:00,28.588700955104137,77.20611991540626,52
39,2026-07-01 13:25:00,28.589029686311182,77.20580078288344,54
39,2026-07-01 13:30:00,28.590743216040522,77.20418086308025,49
39,2026-07-01 13:35:00,28.59114075006922,77.20493546150419,48
39,2026-07-01 13:40:00,28.592065870489584,77.20466976822837,46
39,2026-07-01 13:45:00,28.59033198672199,77.20310337054201,43
39,2026-07-01 13:50:00,28.592250987277293,77.20294568510081,39
39,2026-07-01 13:55:00,28.593113718426892,77.20191797354478,43
39,2026-07-01 14:00:00,28.592248737236986,77.2020995516341,44
39,2026-07-01 14:05:00,28.59211644525244,77.20247937796215,48
39,2026-07-01 14:10:00,28.592748116122074,77.20347897463508,48
39,2026-07-01 14:15:00,28.592897058918314,77.20314265426325,52
39,2026-07-01 14:20:00,28.59322667178276,77.20091730758723,57
39,2026-07-01 14:25:00,28.5929754689699,77.20100004550949,53
39,2026-07-01 14:30:00,28.592555229895034,77.20218595376492,50
39,2026-07-01 14:35:00,28.594204190832784,77.20239428720926,48
39,2026-07-01 14:40:00,28.59432088939601,77.20314527883103,46
39,2026-07-01 14:45:00,28.595538019317164,77.20162307352611,46
39,2026-07-01 14:50:00,28.597173398650607,77.20233893712788,46
39,2026-07-01 14:55:00,28.596263036323172,77.2016286565726,47
39,2026-07-01 15:00:00,28.597143344349398,77.20142005845852,51
39,2026-07-01 15:05:00,28.595072100281953,77.20105846615846,46
39,2026-07-01 15:10:00,28.59433945439068,77.19971126566361,47
39,2026-07-01 15:15:00,28.595128318606534,77.20082004232391,52
39,2026-07-01 15:20:00,28.593516629021977,77.20118064122317,57
39,2026-07-01 15:25:00,28.593559532948706,77.20080925886555,57
39,2026-07-01 15:30:00,28.594009944908635,77.20027965066598,57
39,2026-07-01 15:35:00,28.5908276636601,77.19835325809612,56
39,2026-07-01 15:40:00,28.591461236404182,77.19884104411364,60
39,2026-07-01 15:45:00,28.593606016039267,77.1983012299035,55
39,2026-07-01 15:50:00,28.59450619078586,77.19671739807673,60
39,2026-07-01 15:55:00,28.594080942440133,77.19755523175425,57
39,2026-07-01 16:00:00,28.594751521074947,77.19722142396434,55
39,2026-07-01 16:05:00,28.59432726420205,77.19802906454522,57
39,2026-07-01 16:10:00,28.594077591234242,77.1978673754372,55
39,2026-07-01 16:15:00,28.59335680783678,77.1975286572541,58
39,2026-07-01 16:20:00,28.593385006912502,77.19827415259168,56
39,2026-07-01 16:25:00,28.5916126201285,77.19626643002654,55
39,2026-07-01 16:30:00,28.59142511624477,77.1972619486037,58
39,2026-07-01 16:35:00,28.591612085343893,77.19625146240749,63
40,2026-07-01 00:00:00,28.605197311047156,77.21009184183002,15
40,2026-07-01 00:05:00,28.606285944948148,77.20924272012682,20
40,2026-07-01 00:10:00,28.60437636218095,77.20845238874513,16
40,2026-07-01 00:15:00,28.603429033658635,77.20909250209593,18
40,2026-07-01 00:20:00,28.603326299635185,77.20989203567844,18
40,2026-07-01 00:25:00,28.604577879017867,77.20943580167383,17
40,2026-07-01 00:30:00,28.60383299215912,77.20877963002624,21
40,2026-07-01 00:35:00,28.60391855671813,77.20856229819665,24
40,2026-07-01 00:40:00,28.602677635233313,77.20912377017453,20
40,2026-07-01 00:45:00,28.603293245365546,77.20953893411497,18
40,2026-07-01 00:50:00,28.605035063780505,77.21032375948353,15
40,2026-07-01 00:55:00,28.60469801039308,77.21020427934263,12
40,2026-07-01 01:00:00,28.60695035518906,77.21052762799894,17
40,2026-07-01 01:05:00,28.60794638769237,77.21230186761699,21
40,2026-07-01 01:10:00,28.608579134211567,77.21192284446124,16
40,2026-07-01 01:15:00,28.608897635064565,77.21348559324629,20
40,2026-07-01 01:20:00,28.607950068636587,77.21240027205204,24
40,2026-07-01 01:25:00,28.605734927865736,77.21249978190751,24
40,2026-07-01 01:30:00,28.607551925213432,77.21170773688627,21
40,2026-07-01 01:35:00,28.608864653584572,77.21224369222871,26
40,2026-07-01 01:40:00,28.60896524241198,77.2144834141587,26
40,2026-07-01 01:45:00,28.60962209193631,77.2159766789806,21
40,2026-07-01 01:50:00,28.61072793423291,77.21548701410771,20
40,2026-07-01 01:55:00,28.610534388483742,77.21538236748346,15
40,2026-07-01 02:00:00,28.608925483616797,77.21703426294394,16
40,2026-07-01 02:05:00,28.60884130826799,77.21710519898201,12
40,2026-07-01 02:10:00,28.60734150410351,77.21742675086236,7
40,2026-07-01 02:15:00,28.607001108946793,77.21671471020694,7
40,2026-07-01 02:20:00,28.607805319978464,77.21653374668303,10
40,2026-07-01 02:25:00,28.608067027261942,77.2182999890927,11
40,2026-07-01 02:30:00,28.608490555108006,77.21734184473844,6
40,2026-07-01 02:35:00,28.608235662599117,77.21680401914891,3
40,2026-07-01 02:40:00,28.608390634617674,77.21757124377636,0
40,2026-07-01 02:45:00,28.60757385997746,77.21826670435985,0
40,2026-07-01 02:50:00,28.60659357242672,77.21820138083757,0
40,2026-07-01 02:55:00,28.605867824693632,77.21881980388828,0
40,2026-07-01 03:00:00,28.60604052911021,77.22006435287905,0
40,2026-07-01 03:05:00,28.607401872432487,77.21997230873156,0
40,2026-07-01 03:10:00,28.607453700797134,77.2195142738412,0
40,2026-07-01 03:15:00,28.60812715967286,77.22047230910982,5
40,2026-07-01 03:20:00,28.60830772354705,77.21960942789087,9
40,2026-07-01 03:25:00,28.608667489251214,77.21964119760356,6
40,2026-07-01 03:30:00,28.607592119969617,77.21836853610178,11
40,2026-07-01 03:35:00,28.607188117309022,77.21672235805806,12
40,2026-07-01 03:40:00,28.607644798919853,77.21580924996796,17
40,2026-07-01 03:45:00,28.607583859408066,77.21698588751657,13
40,2026-07-01 03:50:00,28.610698608410843,77.21770804228295,11
40,2026-07-01 03:55:00,28.609792940075184,77.21774813214506,13
40,2026-07-01 04:00:00,28.60910493126034,77.21744203275173,9
40,2026-07-01 04:05:00,28.608233072039994,77.21798290119695,4
40,2026-07-01 04:10:00,28.604968436211465,77.21836707130517,0
40,2026-07-01 04:15:00,28.604473943609584,77.21840471637026,0
40,2026-07-01 04:20:00,28.60403362453949,77.21884593237519,2
40,2026-07-01 04:25:00,28.60320324165682,77.21781358611132,0
40,2026-07-01 04:30:00,28.60155997262225,77.2174489440572,0
40,2026-07-01 04:35:00,28.600582436928754,77.21624148837576,2
40,2026-07-01 04:40:00,28.59993746901699,77.21757092008085,6
40,2026-07-01 04:45:00,28.599932057682338,77.21873831075955,9
40,2026-07-01 04:50:00,28.598140778375413,77.21876725828052,14
40,2026-07-01 04:55:00,28.598494755260475,77.22065991198886,19
40,2026-07-01 05:00:00,28.599313484096495,77.22208258282112,24
40,2026-07-01 05:05:00,28.596979445279207,77.22278744709793,26
40,2026-07-01 05:10:00,28.59639402561837,77.22467681121488,30
40,2026-07-01 05:15:00,28.59599359441672,77.22360867698288,26
40,2026-07-01 05:20:00,28.596357521060806,77.22411439643098,27
40,2026-07-01 05:25:00,28.597050381116887,77.22368142273629,24
40,2026-07-01 05:30:00,28.597132671456723,77.22269176852153,21
40,2026-07-01 05:35:00,28.596580972784277,77.2220340503821,25
40,2026-07-01 05:40:00,28.594173317940932,77.22022895373185,26
40,2026-07-01 05:45:00,28.592539653646213,77.22059078764202,28
40,2026-07-01 05:50:00,28.59158527392291,77.22100632563586,29
40,2026-07-01 05:55:00,28.59290441078835,77.22151657758873,28
40,2026-07-01 06:00:00,28.594074726513952,77.21991649611772,23
40,2026-07-01 06:05:00,28.594209782218737,77.2208558591818,23
40,2026-07-01 06:10:00,28.592982161646557,77.2199698858831,28
40,2026-07-01 06:15:00,28.59189105508046,77.22143449856675,25
40,2026-07-01 06:20:00,28.590795880162325,77.22023055821951,22
40,2026-07-01 06:25:00,28.589977745940686,77.21819725910848,21
40,2026-07-01 06:30:00,28.59104728956519,77.21787044076554,18
40,2026-07-01 06:35:00,28.59083650204061,77.21863997768003,14
40,2026-07-01 06:40:00,28.590594458010617,77.21722560886914,16
40,2026-07-01 06:45:00,28.59118892449217,77.2159968821087,21
40,2026-07-01 06:50:00,28.59115630610644,77.21807021270956,19
40,2026-07-01 06:55:00,28.592617941794657,77.21711633783733,22
40,2026-07-01 07:00:00,28.593433174037344,77.21889977973983,21
40,2026-07-01 07:05:00,28.59306021552713,77.21775487148219,22
40,2026-07-01 07:10:00,28.59305336153223,77.21887334089362,19
40,2026-07-01 07:15:00,28.592645730576002,77.2196503658692,20
40,2026-07-01 07:20:00,28.593924136869926,77.21881436818076,21
40,2026-07-01 07:25:00,28.594715215046374,77.21781467770896,19
40,2026-07-01 07:30:00,28.595951105356274,77.21640442591125,24
40,2026-07-01 07:35:00,28.59604247502067,77.21833615891592,27
40,2026-07-01 07:40:00,28.595345783897635,77.21903979795783,28
40,2026-07-01 07:45:00,28.596421234279877,77.22021449033278,25
40,2026-07-01 07:50:00,28.596079539067684,77.22100976999009,26
40,2026-07-01 07:55:00,28.595758386880554,77.22207518476833,23
40,2026-07-01 08:00:00,28.595761175576556,77.22193606529413,27
40,2026-07-01 08:05:00,28.59406826786411,77.22229443727221,27
40,2026-07-01 08:10:00,28.593903193524238,77.22230428024457,28
40,2026-07-01 08:15:00,28.594550063989136,77.2244423354562,33
40,2026-07-01 08:20:00,28.59440548562319,77.22463492862727,38
40,2026-07-01 08:25:00,28.59491400960812,77.22484380626972,42
40,2026-07-01 08:30:00,28.59441708486795,77.2235972811895,40
40,2026-07-01 08:35:00,28.5945391769644,77.22480430770293,38
40,2026-07-01 08:40:00,28.59371199077328,77.22405144696178,41
40,2026-07-01 08:45:00,28.593538972151283,77.2232655620272,45
40,2026-07-01 08:50:00,28.592375872966233,77.221198038707,49
40,2026-07-01 08:55:00,28.5922265180452,77.2223631622904,48
40,2026-07-01 09:00:00,28.591607540476794,77.2219082616223,45
40,2026-07-01 09:05:00,28.591739506033395,77.22296777861267,43
40,2026-07-01 09:10:00,28.592167057834505,77.2229549142307,46
40,2026-07-01 09:15:00,28.592595147543754,77.22252330602298,44
40,2026-07-01 09:20:00,28.594941548867748,77.22317969132382,41
40,2026-07-01 09:25:00,28.59526708307363,77.22370625054174,43
40,2026-07-01 09:30:00,28.595192921060743,77.2229557639667,43
40,2026-07-01 09:35:00,28.59651917075925,77.22100808883559,46
40,2026-07-01 09:40:00,28.59630164137542,77.22000461674695,49
40,2026-07-01 09:45:00,28.59656641415841,77.21819649942653,50
40,2026-07-01 09:50:00,28.59753814046817,77.21789783403595,48
40,2026-07-01 09:55:00,28.597106323158506,77.21703567062005,47
40,2026-07-01 10:00:00,28.595525127967225,77.21655347714231,45
40,2026-07-01 10:05:00,28.595709616850826,77.21634303325787,47
40,2026-07-01 10:10:00,28.596212171593784,77.21581511231805,45
40,2026-07-01 10:15:00,28.596691248649282,77.21464293927103,43
40,2026-07-01 10:20:00,28.59671280340144,77.21442411404469,41
40,2026-07-01 10:25:00,28.59448124918105,77.21574815885886,36
40,2026-07-01 10:30:00,28.59416470347784,77.21553909487719,36
40,2026-07-01 10:35:00,28.59407908434692,77.2155912565497,32
40,2026-07-01 10:40:00,28.59546241409547,77.21336740348733,31
40,2026-07-01 10:45:00,28.595859896537622,77.21298783029057,31
40,2026-07-01 10:50:00,28.595890958285082,77.21297044614404,27
40,2026-07-01 10:55:00,28.596378469887245,77.21395433854171,28
40,2026-07-01 11:00:00,28.597615970589782,77.21357528254603,25
40,2026-07-01 11:05:00,28.597935902281918,77.2141034792697,22
40,2026-07-01 11:10:00,28.596829132985793,77.2140004201069,20
40,2026-07-01 11:15:00,28.59862067011747,77.21574770342995,15
40,2026-07-01 11:20:00,28.59779856992862,77.21449696272909,10
40,2026-07-01 11:25:00,28.596472763895758,77.21517319452673,8
40,2026-07-01 11:30:00,28.595909057807997,77.21528000692727,8
40,2026-07-01 11:35:00,28.594789842558423,77.2167390569733,12
40,2026-07-01 11:40:00,28.594869523538268,77.21659558724299,10
40,2026-07-01 11:45:00,28.595649087222125,77.21671215207088,8
40,2026-07-01 11:50:00,28.59506762557916,77.21755917164803,3
40,2026-07-01 11:55:00,28.59580309408844,77.21758879279,4
40,2026-07-01 12:00:00,28.595348864307965,77.2176809309802,0
40,2026-07-01 12:05:00,28.594328239267462,77.2168648667917,0
40,2026-07-01 12:10:00,28.593485978029793,77.21911409126389,0
40,2026-07-01 12:15:00,28.592457364109027,77.2172815089982,5
40,2026-07-01 12:20:00,28.592206083247703,77.21657607527415,8
40,2026-07-01 12:25:00,28.593246432868376,77.21738841866987,10
40,2026-07-01 12:30:00,28.590944314817307,77.21723587372223,13
40,2026-07-01 12:35:00,28.590806053323355,77.21657717101643,17
40,2026-07-01 12:40:00,28.590980976790796,77.21544028032403,19
40,2026-07-01 12:45:00,28.591281172029568,77.2157612128092,18
40,2026-07-01 12:50:00,28.591672011337756,77.21471335180355,23
40,2026-07-01 12:55:00,28.59267065837341,77.21624153953627,25
40,2026-07-01 13:00:00,28.592353950441083,77.214581671686,30
40,2026-07-01 13:05:00,28.591755049444448,77.21598415948012,34
40,2026-07-01 13:10:00,28.592329022270512,77.21726215515233,34
40,2026-07-01 13:15:00,28.591294217107066,77.21567351098373,36
40,2026-07-01 13:20:00,28.591702711937522,77.21568182608897,31
40,2026-07-01 13:25:00,28.590728112631968,77.21723920308773,29
40,2026-07-01 13:30:00,28.59151781895959,77.21680826076519,29
40,2026-07-01 13:35:00,28.59165898520898,77.21516056723043,27
40,2026-07-01 13:40:00,28.592706530643564,77.21457321961016,31
40,2026-07-01 13:45:00,28.592136486651146,77.21246253876257,35
40,2026-07-01 13:50:00,28.59257736766254,77.21260806125477,38
40,2026-07-01 13:55:00,28.590399972534883,77.21324210498798,42
40,2026-07-01 14:00:00,28.59103395615034,77.21139079348825,45
40,2026-07-01 14:05:00,28.590895538298,77.21047899560659,49
40,2026-07-01 14:10:00,28.592306118696772,77.20976985572996,46
40,2026-07-01 14:15:00,28.592519086036965,77.21088542859478,51
40,2026-07-01 14:20:00,28.59283692699449,77.21144539283506,56
40,2026-07-01 14:25:00,28.59223991516687,77.21183652932983,61
40,2026-07-01 14:30:00,28.59099965589963,77.21204407320418,57
40,2026-07-01 14:35:00,28.590974795197354,77.21264347161511,62
40,2026-07-01 14:40:00,28.590180017606304,77.21228938824886,61
40,2026-07-01 14:45:00,28.58879171309799,77.21176869915334,61
40,2026-07-01 14:50:00,28.58734716967228,77.21339100818624,63
40,2026-07-01 14:55:00,28.58798075861341,77.21130460775261,67
40,2026-07-01 15:00:00,28.589534036761453,77.21222433160598,67
40,2026-07-01 15:05:00,28.59108518384285,77.21299378891679,63
40,2026-07-01 15:10:00,28.5912989553904,77.21417259262972,62
40,2026-07-01 15:15:00,28.59103482239289,77.21432195632588,67
40,2026-07-01 15:20:00,28.590891656059252,77.21327752012907,64
40,2026-07-01 15:25:00,28.591999436646148,77.21378603246971,64
40,2026-07-01 15:30:00,28.592818060329638,77.21176731274643,59
40,2026-07-01 15:35:00,28.593605730483073,77.2119135150052,60
40,2026-07-01 15:40:00,28.59375931548311,77.21134080232537,58
40,2026-07-01 15:45:00,28.592644808215013,77.20975862721393,60
40,2026-07-01 15:50:00,28.592482702354754,77.20935505302579,55
40,2026-07-01 15:55:00,28.594700447711304,77.20937201517535,55
40,2026-07-01 16:00:00,28.593194844794944,77.2094512439454,52
40,2026-07-01 16:05:00,28.594870749938305,77.21024099214833,48
40,2026-07-01 16:10:00,28.59509997005993,77.2103602279699,49
40,2026-07-01 16:15:00,28.594792026003606,77.20967352496491,51
40,2026-07-01 16:20:00,28.5947176764888,77.21002350050054,46
40,2026-07-01 16:25:00,28.594350635092717,77.20964945637614,44
40,2026-07-01 16:30:00,28.595313709947774,77.20956498709738,45
40,2026-07-01 16:35:00,28.595319593725623,77.2096939898554,42
41,2026-07-01 00:00:00,28.59658880883858,77.19272048617525,10
41,2026-07-01 00:05:00,28.59793711842255,77.19309575193591,5
41,2026-07-01 00:10:00,28.598528438583124,77.19214762798948,5
41,2026-07-01 00:15:00,28.598559440856064,77.19222529421242,9
41,2026-07-01 00:20:00,28.59883221299707,77.1908901963662,10
41,2026-07-01 00:25:00,28.600092642396294,77.19256683170684,15
41,2026-07-01 00:30:00,28.60079837300398,77.19295938229136,19
41,2026-07-01 00:35:00,28.603007839793783,77.192658884902,22
41,2026-07-01 00:40:00,28.60221456196416,77.19411308634575,20
41,2026-07-01 00:45:00,28.602276332835537,77.19405189060464,19
41,2026-07-01 00:50:00,28.602996780278794,77.19423903802436,19
41,2026-07-01 00:55:00,28.603078435503566,77.19262733958243,23
41,2026-07-01 01:00:00,28.603614266520726,77.19340308742485,27
41,2026-07-01 01:05:00,28.604451114590756,77.19146756634336,24
41,2026-07-01 01:10:00,28.605011957876734,77.19055035964703,22
41,2026-07-01 01:15:00,28.60395969090094,77.19149866095749,23
41,2026-07-01 01:20:00,28.6032719194417,77.19131160316485,19
41,2026-07-01 01:25:00,28.601894879252264,77.19011344475237,23
41,2026-07-01 01:30:00,28.60289478631943,77.1908582340646,28
41,2026-07-01 01:35:00,28.60317817314717,77.18963359833973,24
41,2026-07-01 01:40:00,28.602384952014756,77.18996845561006,19
41,2026-07-01 01:45:00,28.60351274547194,77.19131711324765,22
41,2026-07-01 01:50:00,28.603911101839557,77.19281390246898,19
41,2026-07-01 01:55:00,28.60466556766849,77.19130710082415,24
41,2026-07-01 02:00:00,28.60357750210137,77.19128929638387,25
41,2026-07-01 02:05:00,28.604819568960334,77.19093984715073,28
41,2026-07-01 02:10:00,28.604222141698887,77.1909116299349,24
41,2026-07-01 02:15:00,28.604323697684496,77.19064350290428,29
41,2026-07-01 02:20:00,28.604278225116033,77.19141173845867,28
41,2026-07-01 02:25:00,28.60460687772844,77.18993778653365,29
41,2026-07-01 02:30:00,28.606070819439267,77.18885556649411,33
41,2026-07-01 02:35:00,28.60733601832722,77.18760009848442,31
41,2026-07-01 02:40:00,28.60862044051963,77.18769548908166,27
41,2026-07-01 02:45:00,28.609064157338793,77.18703645837901,25
41,2026-07-01 02:50:00,28.608257069279055,77.18670303467073,22
41,2026-07-01 02:55:00,28.60755277470957,77.18726013711766,20
41,2026-07-01 03:00:00,28.60558917363044,77.18602127852176,24
41,2026-07-01 03:05:00,28.603943659597828,77.18543323727562,20
41,2026-07-01 03:10:00,28.604789120130803,77.18362863436623,24
41,2026-07-01 03:15:00,28.605413306716606,77.18430558049062,29
41,2026-07-01 03:20:00,28.603935184826216,77.18379435807002,24
41,2026-07-01 03:25:00,28.602365324525636,77.18289743267798,26
41,2026-07-01 03:30:00,28.603470194480334,77.18270855254126,24
41,2026-07-01 03:35:00,28.603957683641216,77.18247757286083,29
41,2026-07-01 03:40:00,28.60483559343897,77.18124537439452,25
41,2026-07-01 03:45:00,28.604881783333404,77.1795996708151,28
41,2026-07-01 03:50:00,28.60566707694044,77.17913003532682,24
41,2026-07-01 03:55:00,28.606048291285497,77.17786470258707,25
41,2026-07-01 04:00:00,28.607634952147833,77.17748835562848,27
41,2026-07-01 04:05:00,28.60571627598231,77.17698448018828,26
41,2026-07-01 04:10:00,28.60629141371954,77.17747265878711,27
41,2026-07-01 04:15:00,28.607351817930617,77.1758240911875,23
41,2026-07-01 04:20:00,28.60746910517185,77.17426263091028,22
41,2026-07-01 04:25:00,28.606162912374625,77.17261730541229,17
41,2026-07-01 04:30:00,28.60651313891768,77.17293287781115,17
41,2026-07-01 04:35:00,28.606355759269512,77.17437462617724,19
41,2026-07-01 04:40:00,28.606273901523153,77.17448764688754,18
41,2026-07-01 04:45:00,28.60536111445016,77.1744961123889,17
41,2026-07-01 04:50:00,28.605482587562335,77.17391459011017,18
41,2026-07-01 04:55:00,28.60676174064924,77.17364454177606,15
41,2026-07-01 05:00:00,28.606870277323196,77.17261115530155,14
41,2026-07-01 05:05:00,28.607499983852367,77.17268588534044,15
41,2026-07-01 05:10:00,28.607634371294246,77.16987716074809,14
41,2026-07-01 05:15:00,28.60677448334151,77.17140020448008,13
41,2026-07-01 05:20:00,28.607078963850533,77.17168473614642,14
41,2026-07-01 05:25:00,28.60801423260578,77.17115159887868,15
41,2026-07-01 05:30:00,28.608135000316654,77.17005131710734,13
41,2026-07-01 05:35:00,28.607659340226075,77.16958629322224,9
41,2026-07-01 05:40:00,28.60799255120231,77.16859119676432,12
41,2026-07-01 05:45:00,28.60868827090316,77.16782312640886,9
41,2026-07-01 05:50:00,28.60796153442965,77.16856532789063,6
41,2026-07-01 05:55:00,28.606704481355006,77.16829000536255,9
41,2026-07-01 06:00:00,28.60644298233337,77.16945339692528,12
41,2026-07-01 06:05:00,28.604459493616414,77.16989728710533,14
41,2026-07-01 06:10:00,28.605876600822565,77.17188664452594,19
41,2026-07-01 06:15:00,28.603276064895137,77.17065093850192,21
41,2026-07-01 06:20:00,28.60296912776557,77.16991649740875,26
41,2026-07-01 06:25:00,28.603413949312543,77.16981806463775,22
41,2026-07-01 06:30:00,28.604623124910013,77.16775483403579,26
41,2026-07-01 06:35:00,28.603855236709805,77.16662408823758,27
41,2026-07-01 06:40:00,28.604510336981427,77.16522094982949,26
41,2026-07-01 06:45:00,28.603019185734023,77.16480671280931,28
41,2026-07-01 06:50:00,28.60044833083899,77.16443118454951,30
41,2026-07-01 06:55:00,28.59999974508642,77.16505533131767,32
41,2026-07-01 07:00:00,28.60074273742973,77.16423444722537,29
41,2026-07-01 07:05:00,28.603208588608563,77.16476856603731,31
41,2026-07-01 07:10:00,28.604346172837957,77.16619377802053,29
41,2026-07-01 07:15:00,28.603081465793878,77.16793989790197,28
41,2026-07-01 07:20:00,28.602846482311833,77.1677508196941,27
41,2026-07-01 07:25:00,28.605315072640945,77.16837239445324,28
41,2026-07-01 07:30:00,28.606086264546274,77.16978576737793,23
41,2026-07-01 07:35:00,28.60725352070893,77.1688017403312,23
41,2026-07-01 07:40:00,28.606722175218547,77.17122778711519,25
41,2026-07-01 07:45:00,28.60429370746685,77.17165246022054,24
41,2026-07-01 07:50:00,28.60345919261128,77.17092546722792,22
41,2026-07-01 07:55:00,28.604459001594908,77.17067107932081,20
41,2026-07-01 08:00:00,28.60472264059575,77.1710916028821,15
41,2026-07-01 08:05:00,28.60349873294181,77.17015774423479,17
41,2026-07-01 08:10:00,28.605243044194232,77.17013131871342,13
41,2026-07-01 08:15:00,28.604812109037233,77.16903889558432,12
41,2026-07-01 08:20:00,28.605355627586597,77.16757893949968,9
41,2026-07-01 08:25:00,28.604108348656574,77.16749172023694,11
41,2026-07-01 08:30:00,28.605950226658667,77.16710096846704,9
41,2026-07-01 08:35:00,28.605258043558152,77.16690828101282,14
41,2026-07-01 08:40:00,28.605655309893773,77.16769437733292,15
41,2026-07-01 08:45:00,28.604226459974047,77.16765549569732,15
41,2026-07-01 08:50:00,28.604077017396307,77.1682463645878,16
41,2026-07-01 08:55:00,28.604504820304417,77.16725289696925,18
41,2026-07-01 09:00:00,28.603022974803334,77.16741041446657,16
41,2026-07-01 09:05:00,28.604288180494983,77.16898030784965,14
41,2026-07-01 09:10:00,28.603417297774115,77.16939211957337,19
41,2026-07-01 09:15:00,28.60234966606833,77.17042562155397,15
41,2026-07-01 09:20:00,28.602097886994187,77.17090343340024,10
41,2026-07-01 09:25:00,28.600900122011854,77.169987368017,10
41,2026-07-01 09:30:00,28.601715611344154,77.17015509206664,7
41,2026-07-01 09:35:00,28.60285852693939,77.17029957035811,8
41,2026-07-01 09:40:00,28.60281868151661,77.16970723815325,12
41,2026-07-01 09:45:00,28.602820786767982,77.17034456065096,7
41,2026-07-01 09:50:00,28.60345930334723,77.1701692523308,2
41,2026-07-01 09:55:00,28.604609428702034,77.1707998084643,0
41,2026-07-01 10:00:00,28.605013246095883,77.17102863782347,0
41,2026-07-01 10:05:00,28.602048035565996,77.17235619247418,0
41,2026-07-01 10:10:00,28.60384127727999,77.17270736425213,2
41,2026-07-01 10:15:00,28.60415720828782,77.1723101843747,4
41,2026-07-01 10:20:00,28.60400600570299,77.17097109162036,9
41,2026-07-01 10:25:00,28.604402276623933,77.17159375583628,12
41,2026-07-01 10:30:00,28.604605888828324,77.172391465138,15
41,2026-07-01 10:35:00,28.606487052335662,77.1712239130428,19
41,2026-07-01 10:40:00,28.60784867579397,77.17103013672258,21
41,2026-07-01 10:45:00,28.60643442759254,77.17001847654903,22
41,2026-07-01 10:50:00,28.60669227997546,77.17039195919934,22
41,2026-07-01 10:55:00,28.60848429334036,77.17263625949053,24
41,2026-07-01 11:00:00,28.60822501736598,77.17420027350875,28
41,2026-07-01 11:05:00,28.609862206561303,77.1741338144585,25
41,2026-07-01 11:10:00,28.610908535177,77.17303782202409,23
41,2026-07-01 11:15:00,28.610800551710255,77.17317800205508,20
41,2026-07-01 11:20:00,28.610398486297697,77.17473102833188,16
41,2026-07-01 11:25:00,28.610354328202906,77.17320637427538,13
41,2026-07-01 11:30:00,28.609060271323422,77.17309213739178,11
41,2026-07-01 11:35:00,28.609588019232813,77.17304602786483,13
41,2026-07-01 11:40:00,28.610750395450616,77.17165298966766,17
41,2026-07-01 11:45:00,28.609671734679583,77.17191304418313,15
41,2026-07-01 11:50:00,28.60921954241498,77.17212631324907,15
41,2026-07-01 11:55:00,28.60925729067418,77.17156416351996,20
41,2026-07-01 12:00:00,28.609710987647325,77.17246275996906,22
41,2026-07-01 12:05:00,28.60953590249705,77.17254656232868,21
41,2026-07-01 12:10:00,28.610609537313298,77.17288612384586,21
41,2026-07-01 12:15:00,28.610876890344542,77.17233089436246,20
41,2026-07-01 12:20:00,28.609584461181942,77.17191729364814,21
41,2026-07-01 12:25:00,28.609058169711886,77.17237571184366,23
41,2026-07-01 12:30:00,28.609418055278454,77.17139050196504,18
41,2026-07-01 12:35:00,28.608461562436684,77.17085479803036,23
41,2026-07-01 12:40:00,28.608670019653736,77.16861815287714,22
41,2026-07-01 12:45:00,28.60868009153412,77.17013088284801,20
41,2026-07-01 12:50:00,28.60942206573695,77.16960962315537,15
41,2026-07-01 12:55:00,28.610372693610078,77.16868356099101,20
41,2026-07-01 13:00:00,28.6106633616163,77.1681852626785,23
41,2026-07-01 13:05:00,28.610992992444494,77.16890557710369,26
41,2026-07-01 13:10:00,28.609155353142064,77.16731548760417,28
41,2026-07-01 13:15:00,28.608896552278456,77.16767673988754,29
41,2026-07-01 13:20:00,28.610711337361266,77.16856624628036,27
41,2026-07-01 13:25:00,28.60977687169143,77.17037847694257,32
41,2026-07-01 13:30:00,28.609690694070643,77.16983043989406,35
41,2026-07-01 13:35:00,28.60942699500477,77.16993472621628,32
41,2026-07-01 13:40:00,28.61122308012656,77.16905986382561,36
41,2026-07-01 13:45:00,28.609983383873242,77.17041479821303,34
41,2026-07-01 13:50:00,28.61126787825078,77.17140585763725,32
41,2026-07-01 13:55:00,28.610944444316758,77.17281680911839,33
41,2026-07-01 14:00:00,28.60934030537455,77.17244320448047,36
41,2026-07-01 14:05:00,28.607612148054947,77.17169949148268,33
41,2026-07-01 14:10:00,28.608782744646426,77.17183605848358,30
41,2026-07-01 14:15:00,28.606007556185318,77.17362850930671,31
41,2026-07-01 14:20:00,28.604472627543945,77.1749409214655,35
41,2026-07-01 14:25:00,28.601774612344073,77.174636850971,35
41,2026-07-01 14:30:00,28.602326339362193,77.17423990878102,35
41,2026-07-01 14:35:00,28.6018032553655,77.17351034770287,37
41,2026-07-01 14:40:00,28.600605544297746,77.1739285017461,32
41,2026-07-01 14:45:00,28.601364690474277,77.17549725898135,34
41,2026-07-01 14:50:00,28.60117866745186,77.17540477323443,36
41,2026-07-01 14:55:00,28.601547588769254,77.17480854013455,34
41,2026-07-01 15:00:00,28.601742616770952,77.17487192304343,31
41,2026-07-01 15:05:00,28.603416307468272,77.17464681048274,33
41,2026-07-01 15:10:00,28.604395076348492,77.17662041329413,37
41,2026-07-01 15:15:00,28.604247978364388,77.17576315531217,38
41,2026-07-01 15:20:00,28.605453443586377,77.17839895796416,41
41,2026-07-01 15:25:00,28.60437509879394,77.17990893757458,46
41,2026-07-01 15:30:00,28.605894436171077,77.17994461685834,47
41,2026-07-01 15:35:00,28.606967600988675,77.17797381934304,43
41,2026-07-01 15:40:00,28.607309385960598,77.17631357411031,42
41,2026-07-01 15:45:00,28.60662475616342,77.17605153888847,38
41,2026-07-01 15:50:00,28.606499549310094,77.17657386302271,35
41,2026-07-01 15:55:00,28.606974538387274,77.17675561533053,30
41,2026-07-01 16:00:00,28.607566028629684,77.17723561328087,27
41,2026-07-01 16:05:00,28.608641528650814,77.17735716336365,22
41,2026-07-01 16:10:00,28.608175986434485,77.1780769354923,23
41,2026-07-01 16:15:00,28.607160732161137,77.17824738254271,26
41,2026-07-01 16:20:00,28.606886459303798,77.178491153515,24
41,2026-07-01 16:25:00,28.607999146741413,77.17744340722994,22
41,2026-07-01 16:30:00,28.60804729675044,77.17705500393593,24
41,2026-07-01 16:35:00,28.60760450581251,77.17642450542169,23
42,2026-07-01 00:00:00,28.586792039026083,77.19902230355743,41
42,2026-07-01 00:05:00,28.586783806661515,77.19907935739425,45
42,2026-07-01 00:10:00,28.587206712320445,77.19912416531412,44
42,2026-07-01 00:15:00,28.58649540181164,77.19909092057406,44
42,2026-07-01 00:20:00,28.585128488640713,77.2009179380855,45
42,2026-07-01 00:25:00,28.584516758604295,77.20114569200676,42
42,2026-07-01 00:30:00,28.585968517411967,77.19906847112969,43
42,2026-07-01 00:35:00,28.586829297242414,77.19909163371533,40
42,2026-07-01 00:40:00,28.5863044833834,77.1986952447365,36
42,2026-07-01 00:45:00,28.587837016474012,77.19733617823961,31
42,2026-07-01 00:50:00,28.588123631325196,77.19803620071816,36
42,2026-07-01 00:55:00,28.587843413912882,77.19859698558729,31
42,2026-07-01 01:00:00,28.587590334192,77.19789151958065,32
42,2026-07-01 01:05:00,28.589374248390182,77.19699554961342,36
42,2026-07-01 01:10:00,28.589986410316577,77.19819874697156,35
42,2026-07-01 01:15:00,28.589968336926002,77.19712941478672,31
42,2026-07-01 01:20:00,28.590478000033713,77.19760782447005,34
42,2026-07-01 01:25:00,28.591019640835476,77.19630233555793,32
42,2026-07-01 01:30:00,28.590615099198526,77.19747938849484,27
42,2026-07-01 01:35:00,28.592321566555658,77.19863493575771,26
42,2026-07-01 01:40:00,28.590847248671373,77.19833508852021,24
42,2026-07-01 01:45:00,28.590488542430606,77.19783491942283,22
42,2026-07-01 01:50:00,28.58931615606482,77.19857831765647,20
42,2026-07-01 01:55:00,28.58917246094716,77.19552516429157,21
42,2026-07-01 02:00:00,28.590052724152763,77.19544559724258,21
42,2026-07-01 02:05:00,28.589688625432878,77.1955473430343,16
42,2026-07-01 02:10:00,28.59077305900848,77.19539431227238,12
42,2026-07-01 02:15:00,28.591517674590833,77.19457423773405,17
42,2026-07-01 02:20:00,28.593400990278017,77.19403179630291,13
42,2026-07-01 02:25:00,28.594292568734712,77.19227184437683,9
42,2026-07-01 02:30:00,28.59536169505518,77.19157538254844,6
42,2026-07-01 02:35:00,28.595566390914314,77.19264638220923,5
42,2026-07-01 02:40:00,28.59562948970013,77.19387485961289,2
42,2026-07-01 02:45:00,28.59465255787904,77.19400296721489,1
42,2026-07-01 02:50:00,28.595331241943857,77.19455512042806,0
42,2026-07-01 02:55:00,28.594398213973015,77.19351184283396,0
42,2026-07-01 03:00:00,28.59461372915383,77.19140917259102,0
42,2026-07-01 03:05:00,28.593099897791074,77.19073614254235,0
42,2026-07-01 03:10:00,28.592595585757568,77.19080777381913,0
42,2026-07-01 03:15:00,28.593119841114508,77.19229590328825,0
42,2026-07-01 03:20:00,28.592930297966884,77.1925006058125,2
42,2026-07-01 03:25:00,28.594055841855496,77.19376586373131,4
42,2026-07-01 03:30:00,28.593486672077816,77.19331757646707,7
42,2026-07-01 03:35:00,28.593212589534787,77.19478986801585,9
42,2026-07-01 03:40:00,28.59377903858521,77.19658281907206,7
42,2026-07-01 03:45:00,28.594675347940626,77.19735889215379,10
42,2026-07-01 03:50:00,28.594237035664186,77.19920074308641,9
42,2026-07-01 03:55:00,28.59324816709085,77.1987942598195,7
42,2026-07-01 04:00:00,28.594544868837804,77.1989251617023,3
42,2026-07-01 04:05:00,28.59571363530268,77.20077984247887,5
42,2026-07-01 04:10:00,28.598280312958927,77.20127229901419,3
42,2026-07-01 04:15:00,28.59870095687017,77.19993319193176,3
42,2026-07-01 04:20:00,28.60000681795636,77.2009073104,1
42,2026-07-01 04:25:00,28.600129862649393,77.19940332984018,1
42,2026-07-01 04:30:00,28.600032882649497,77.19935782116681,3
42,2026-07-01 04:35:00,28.60009489494692,77.19981398979367,2
42,2026-07-01 04:40:00,28.600241556838938,77.19905341322529,7
42,2026-07-01 04:45:00,28.600675020513133,77.19972080766334,9
42,2026-07-01 04:50:00,28.60170507922431,77.19821718805584,8
42,2026-07-01 04:55:00,28.60131558912056,77.19879386840309,12
42,2026-07-01 05:00:00,28.601051883814982,77.19935180618461,9
42,2026-07-01 05:05:00,28.601267040235875,77.19947853767025,11
42,2026-07-01 05:10:00,28.601934182805802,77.20079917807473,13
42,2026-07-01 05:15:00,28.603447742016794,77.19993423210026,16
42,2026-07-01 05:20:00,28.604181922248774,77.1983472451,17
42,2026-07-01 05:25:00,28.60577801154097,77.19780271698306,16
42,2026-07-01 05:30:00,28.6053646101763,77.19912637101939,16
42,2026-07-01 05:35:00,28.606421439785496,77.19944015139255,19
42,2026-07-01 05:40:00,28.608014546007,77.1984020444061,20
42,2026-07-01 05:45:00,28.60790397132365,77.19856079836269,24
42,2026-07-01 05:50:00,28.60720900724693,77.19757275610044,29
42,2026-07-01 05:55:00,28.606271220580588,77.19688112767501,28
42,2026-07-01 06:00:00,28.606864105411116,77.19712832334889,31
42,2026-07-01 06:05:00,28.608223653577607,77.19660109723829,29
42,2026-07-01 06:10:00,28.607344660567687,77.19526483517288,30
42,2026-07-01 06:15:00,28.608108960836653,77.19463709652914,27
42,2026-07-01 06:20:00,28.60935995066411,77.19358975592198,30
42,2026-07-01 06:25:00,28.60936863879328,77.19281159318729,26
42,2026-07-01 06:30:00,28.607520122573426,77.19326049297344,31
42,2026-07-01 06:35:00,28.608391415481016,77.19406859666968,31
42,2026-07-01 06:40:00,28.60813697875333,77.19543346604354,34
42,2026-07-01 06:45:00,28.607022176266582,77.19611321623599,29
42,2026-07-01 06:50:00,28.60604916755534,77.19641725172129,27
42,2026-07-01 06:55:00,28.606163088299205,77.19718798921903,25
42,2026-07-01 07:00:00,28.605804133259856,77.19662997004355,25
42,2026-07-01 07:05:00,28.606775378697467,77.1975075830474,30
42,2026-07-01 07:10:00,28.606896835808353,77.19799496352871,31
42,2026-07-01 07:15:00,28.607857706462003,77.19816156687635,33
42,2026-07-01 07:20:00,28.61004849197621,77.19825860750359,38
42,2026-07-01 07:25:00,28.610585408801732,77.19933895473531,40
42,2026-07-01 07:30:00,28.611090062242265,77.19953655011757,40
42,2026-07-01 07:35:00,28.61075748313538,77.20071461835785,37
42,2026-07-01 07:40:00,28.610345198882914,77.19945525983131,41
42,2026-07-01 07:45:00,28.610476257845594,77.19936338810139,46
42,2026-07-01 07:50:00,28.61112140648699,77.19951716428162,48
42,2026-07-01 07:55:00,28.611517304593935,77.20090147603464,43
42,2026-07-01 08:00:00,28.61068253060751,77.20022146126642,43
42,2026-07-01 08:05:00,28.61192536461005,77.19880772761917,46
42,2026-07-01 08:10:00,28.60966599372622,77.19820845314091,42
42,2026-07-01 08:15:00,28.60945993514816,77.20079558176025,46
42,2026-07-01 08:20:00,28.611366217764285,77.19857624143529,46
42,2026-07-01 08:25:00,28.611487227007483,77.19893991408313,49
42,2026-07-01 08:30:00,28.611289612939114,77.19831740830377,47
42,2026-07-01 08:35:00,28.609451519886196,77.19972162446544,50
42,2026-07-01 08:40:00,28.609265458987494,77.1993874940559,54
42,2026-07-01 08:45:00,28.60873527129502,77.19973009035098,53
42,2026-07-01 08:50:00,28.607483894264895,77.20079148639425,50
42,2026-07-01 08:55:00,28.608556277425812,77.20141793947705,51
42,2026-07-01 09:00:00,28.608580159168195,77.20085264178059,51
42,2026-07-01 09:05:00,28.607259414885576,77.20050474033766,47
42,2026-07-01 09:10:00,28.6075836985104,77.20063517989632,42
42,2026-07-01 09:15:00,28.607568309053164,77.20045556514292,37
42,2026-07-01 09:20:00,28.607641947946103,77.19967112322418,40
42,2026-07-01 09:25:00,28.60779245346298,77.19857751109767,40
42,2026-07-01 09:30:00,28.60748878918861,77.19917973953261,44
42,2026-07-01 09:35:00,28.607666513246567,77.19997937720562,41
42,2026-07-01 09:40:00,28.60580244842151,77.20129188654958,46
42,2026-07-01 09:45:00,28.604590743228652,77.20094182511055,51
42,2026-07-01 09:50:00,28.60382253153751,77.20258536330995,55
42,2026-07-01 09:55:00,28.6039796319024,77.20224321268077,59
42,2026-07-01 10:00:00,28.605545452496496,77.20286408809667,58
42,2026-07-01 10:05:00,28.605140348902207,77.20151466578886,58
42,2026-07-01 10:10:00,28.604632844340244,77.20195023026427,58
42,2026-07-01 10:15:00,28.604613542864943,77.20215457969431,54
42,2026-07-01 10:20:00,28.60550471902484,77.20288388734016,50
42,2026-07-01 10:25:00,28.605094696383176,77.20282572664367,46
42,2026-07-01 10:30:00,28.604999574708486,77.20357471039395,47
42,2026-07-01 10:35:00,28.604853056429477,77.20419331894156,49
42,2026-07-01 10:40:00,28.605610184568885,77.2046934130047,52
42,2026-07-01 10:45:00,28.605383696348856,77.20361680465096,53
42,2026-07-01 10:50:00,28.60627845092538,77.20434974388809,51
42,2026-07-01 10:55:00,28.60600296560368,77.20457100616244,50
42,2026-07-01 11:00:00,28.60609954278563,77.20406449276635,51
42,2026-07-01 11:05:00,28.605279621985453,77.20353144386586,55
42,2026-07-01 11:10:00,28.605877282986732,77.204992347292,52
42,2026-07-01 11:15:00,28.606215308483982,77.20380439676343,49
42,2026-07-01 11:20:00,28.606560722773796,77.20456352230467,53
42,2026-07-01 11:25:00,28.60723189413285,77.20351239056889,57
42,2026-07-01 11:30:00,28.607056465684334,77.20309402029282,62
42,2026-07-01 11:35:00,28.60654596712557,77.2044483084924,65
42,2026-07-01 11:40:00,28.607669187634542,77.20442705591445,60
42,2026-07-01 11:45:00,28.608633865092905,77.20467656906384,63
42,2026-07-01 11:50:00,28.608287723264308,77.2027771138122,64
42,2026-07-01 11:55:00,28.606631941166864,77.20277042488135,62
42,2026-07-01 12:00:00,28.607422991722306,77.20321694164807,66
42,2026-07-01 12:05:00,28.60771275886666,77.20241001956225,62
42,2026-07-01 12:10:00,28.608274831033842,77.20236832892992,63
42,2026-07-01 12:15:00,28.60885858862207,77.20124724297116,59
42,2026-07-01 12:20:00,28.609417859624816,77.20216480278161,55
42,2026-07-01 12:25:00,28.61031051578234,77.20090358637985,55
42,2026-07-01 12:30:00,28.60884063334459,77.2007634251143,51
42,2026-07-01 12:35:00,28.60758287038603,77.20185973902656,49
42,2026-07-01 12:40:00,28.607783286298233,77.20178558233528,54
42,2026-07-01 12:45:00,28.607453543139364,77.20257142874843,52
42,2026-07-01 12:50:00,28.607262455814947,77.20167542604655,49
42,2026-07-01 12:55:00,28.608109410123284,77.20174466216618,47
42,2026-07-01 13:00:00,28.607706541678816,77.20187401163784,50
42,2026-07-01 13:05:00,28.609149481746655,77.20180214085202,50
42,2026-07-01 13:10:00,28.60853219853938,77.20053910072834,49
42,2026-07-01 13:15:00,28.60872847479681,77.20124453647507,48
42,2026-07-01 13:20:00,28.608573546593163,77.20094298643303,45
42,2026-07-01 13:25:00,28.608909903330634,77.19918140400578,48
42,2026-07-01 13:30:00,28.609429052495575,77.19905415222424,50
42,2026-07-01 13:35:00,28.611040984001328,77.19938863556706,50
42,2026-07-01 13:40:00,28.61121118682594,77.19887525807955,45
42,2026-07-01 13:45:00,28.612133926485495,77.19918102009034,41
42,2026-07-01 13:50:00,28.612347372561484,77.20093421464885,46
42,2026-07-01 13:55:00,28.611487461365744,77.20211181932648,42
42,2026-07-01 14:00:00,28.61214615217965,77.20050289277702,42
42,2026-07-01 14:05:00,28.611715612403753,77.2004147878968,43
42,2026-07-01 14:10:00,28.610875141323636,77.20165301986833,40
42,2026-07-01 14:15:00,28.610497536370577,77.2027141826007,39
42,2026-07-01 14:20:00,28.61062844236073,77.20486399962151,36
42,2026-07-01 14:25:00,28.61159514734213,77.2063702955364,32
42,2026-07-01 14:30:00,28.61176821029122,77.20569624302108,30
42,2026-07-01 14:35:00,28.611612803881915,77.2060531163344,30
42,2026-07-01 14:40:00,28.613037369822585,77.20722983386267,35
42,2026-07-01 14:45:00,28.61208866828792,77.20554093219411,33
42,2026-07-01 14:50:00,28.613135323560034,77.20530141627829,29
42,2026-07-01 14:55:00,28.612488459036314,77.20394034287831,26
42,2026-07-01 15:00:00,28.61243381209155,77.20378383822971,28
42,2026-07-01 15:05:00,28.614031404667145,77.20416543421297,23
42,2026-07-01 15:10:00,28.61414373673553,77.20567657537298,28
42,2026-07-01 15:15:00,28.614797581898276,77.20485650084498,27
42,2026-07-01 15:20:00,28.612847700655934,77.2053066166859,29
42,2026-07-01 15:25:00,28.61259159864902,77.20334921731823,33
42,2026-07-01 15:30:00,28.613865763929613,77.20398510771797,30
42,2026-07-01 15:35:00,28.614850126399194,77.20265561414578,35
42,2026-07-01 15:40:00,28.614289321611366,77.20377624440654,40
42,2026-07-01 15:45:00,28.615217089502405,77.20333453603573,43
42,2026-07-01 15:50:00,28.614602658371904,77.20427877061621,47
42,2026-07-01 15:55:00,28.614774312141872,77.20613279441665,49
42,2026-07-01 16:00:00,28.61561145047959,77.20774200856128,53
42,2026-07-01 16:05:00,28.61471439538432,77.20870113873025,52
42,2026-07-01 16:10:00,28.614388735703724,77.2079985971007,51
42,2026-07-01 16:15:00,28.613364363840038,77.20846752049658,47
42,2026-07-01 16:20:00,28.613840780026354,77.20805044448292,42
42,2026-07-01 16:25:00,28.61530534438685,77.20796951847123,46
42,2026-07-01 16:30:00,28.616241224459728,77.20924850488689,43
42,2026-07-01 16:35:00,28.616729194600317,77.2082046828542,39
43,2026-07-01 00:00:00,28.589671598360113,77.21460779503131,0
43,2026-07-01 00:05:00,28.589013129708178,77.21624443875612,3
43,2026-07-01 00:10:00,28.587169841369906,77.21648486317481,5
43,2026-07-01 00:15:00,28.588301519906906,77.21499451336736,5
43,2026-07-01 00:20:00,28.586939971565155,77.2159478619287,2
43,2026-07-01 00:25:00,28.58928799007381,77.21655714704511,6
43,2026-07-01 00:30:00,28.588973046563318,77.21701019196223,3
43,2026-07-01 00:35:00,28.589154661778114,77.21679868995538,1
43,2026-07-01 00:40:00,28.589362693774994,77.21433973433565,4
43,2026-07-01 00:45:00,28.588407876885565,77.21401271913238,5
43,2026-07-01 00:50:00,28.587064418437624,77.21278456542795,6
43,2026-07-01 00:55:00,28.587452127643985,77.2112480942244,2
43,2026-07-01 01:00:00,28.587265514422256,77.21039687083274,5
43,2026-07-01 01:05:00,28.585884646210566,77.21131752494145,4
43,2026-07-01 01:10:00,28.584973520687374,77.21167863029969,0
43,2026-07-01 01:15:00,28.581284986462155,77.21279895335988,1
43,2026-07-01 01:20:00,28.581438298412834,77.21245477291338,6
43,2026-07-01 01:25:00,28.581253572500856,77.21299361161691,6
43,2026-07-01 01:30:00,28.58012115075133,77.2133276368468,7
43,2026-07-01 01:35:00,28.579953755470402,77.21512902826107,10
43,2026-07-01 01:40:00,28.578934908929615,77.21806015270951,7
43,2026-07-01 01:45:00,28.57968574103896,77.21609147057143,7
43,2026-07-01 01:50:00,28.579907847322765,77.2160040724261,2
43,2026-07-01 01:55:00,28.57935480231505,77.21630448852565,5
43,2026-07-01 02:00:00,28.579376312763937,77.21785735915621,5
43,2026-07-01 02:05:00,28.5807762797937,77.21900128526197,6
43,2026-07-01 02:10:00,28.581834385411696,77.21935612541753,5
43,2026-07-01 02:15:00,28.581344275586268,77.22010235971308,1
43,2026-07-01 02:20:00,28.581410135842763,77.22116087630343,0
43,2026-07-01 02:25:00,28.580997073656764,77.22118899425902,2
43,2026-07-01 02:30:00,28.583193495356213,77.22121789817449,4
43,2026-07-01 02:35:00,28.582586435871377,77.2217936473928,8
43,2026-07-01 02:40:00,28.583733014932694,77.22069495157773,13
43,2026-07-01 02:45:00,28.584726190668512,77.22215096336532,9
43,2026-07-01 02:50:00,28.584157985094304,77.22122726110983,10
43,2026-07-01 02:55:00,28.585465913626663,77.22089301079488,8
43,2026-07-01 03:00:00,28.584953338013566,77.22025004481804,13
43,2026-07-01 03:05:00,28.58573373360815,77.21922457497365,10
43,2026-07-01 03:10:00,28.585849507854206,77.21834095806598,6
43,2026-07-01 03:15:00,28.58614434573502,77.21871704588081,5
43,2026-07-01 03:20:00,28.585972045018913,77.21994207924259,4
43,2026-07-01 03:25:00,28.58654251185953,77.22046866256943,2
43,2026-07-01 03:30:00,28.586037533624523,77.2193498160513,0
43,2026-07-01 03:35:00,28.58825074680971,77.21925879764505,0
43,2026-07-01 03:40:00,28.587953520933958,77.21948578266098,0
43,2026-07-01 03:45:00,28.58716312045123,77.21773705661593,2
43,2026-07-01 03:50:00,28.58817766898923,77.21709844072934,0
43,2026-07-01 03:55:00,28.588060884463452,77.21753273219066,4
43,2026-07-01 04:00:00,28.5874246690651,77.21566414594864,4
43,2026-07-01 04:05:00,28.58807793766881,77.21515478901252,1
43,2026-07-01 04:10:00,28.586910830291426,77.21582297661226,0
43,2026-07-01 04:15:00,28.586657248577726,77.21456202347257,0
43,2026-07-01 04:20:00,28.585990468779855,77.21312693334472,1
43,2026-07-01 04:25:00,28.58476363984064,77.21317257890308,0
43,2026-07-01 04:30:00,28.583977342435265,77.21319782453216,0
43,2026-07-01 04:35:00,28.585122481228886,77.21319557439375,0
43,2026-07-01 04:40:00,28.584957017552462,77.21263274524439,3
43,2026-07-01 04:45:00,28.58379418711876,77.21371349752128,7
43,2026-07-01 04:50:00,28.5828433417843,77.2133902352619,6
43,2026-07-01 04:55:00,28.58237185048382,77.21354042609906,9
43,2026-07-01 05:00:00,28.582827052667458,77.21201648625969,10
43,2026-07-01 05:05:00,28.58337528038721,77.2128439503447,12
43,2026-07-01 05:10:00,28.584600558838876,77.21141999733489,17
43,2026-07-01 05:15:00,28.585444441963833,77.21004066129609,18
43,2026-07-01 05:20:00,28.584089066079507,77.20966228372136,21
43,2026-07-01 05:25:00,28.585242237643058,77.20904153161159,20
43,2026-07-01 05:30:00,28.584751909198715,77.20892553288543,18
43,2026-07-01 05:35:00,28.58453712104605,77.20885725038758,14
43,2026-07-01 05:40:00,28.585718080544904,77.20792995017266,17
43,2026-07-01 05:45:00,28.58487235642695,77.20895267701802,18
43,2026-07-01 05:50:00,28.583869693905417,77.20818231527578,21
43,2026-07-01 05:55:00,28.584315173080103,77.20813249694487,24
43,2026-07-01 06:00:00,28.583446336111543,77.20897071560607,26
43,2026-07-01 06:05:00,28.58403274512151,77.20804729998108,27
43,2026-07-01 06:10:00,28.584160364339606,77.21010664188778,29
43,2026-07-01 06:15:00,28.585177056202458,77.2083192753127,27
43,2026-07-01 06:20:00,28.587480840511674,77.20885836941696,23
43,2026-07-01 06:25:00,28.586856926309828,77.20803636689685,23
43,2026-07-01 06:30:00,28.585921265850658,77.20728588144284,27
43,2026-07-01 06:35:00,28.58473706805402,77.20848028776626,27
43,2026-07-01 06:40:00,28.58634176820556,77.20867886143806,24
43,2026-07-01 06:45:00,28.58642662329401,77.2084646901172,25
43,2026-07-01 06:50:00,28.58679885688849,77.20904935779635,25
43,2026-07-01 06:55:00,28.586885742028368,77.21017518997536,26
43,2026-07-01 07:00:00,28.585462063206155,77.20976408438575,29
43,2026-07-01 07:05:00,28.58537815230737,77.20973387165897,24
43,2026-07-01 07:10:00,28.587617337872427,77.20959989783432,27
43,2026-07-01 07:15:00,28.588840267897044,77.2100045347123,29
43,2026-07-01 07:20:00,28.587436768880046,77.20891183284905,30
43,2026-07-01 07:25:00,28.587498187143783,77.20672820294686,31
43,2026-07-01 07:30:00,28.586657582529746,77.20713554509689,36
43,2026-07-01 07:35:00,28.586956201996824,77.20839149106233,33
43,2026-07-01 07:40:00,28.5888294220101,77.20897926664723,30
43,2026-07-01 07:45:00,28.590346166807635,77.20963717927883,29
43,2026-07-01 07:50:00,28.58965085555207,77.20958595683702,25
43,2026-07-01 07:55:00,28.589944421685964,77.20896730920643,30
43,2026-07-01 08:00:00,28.59127166295777,77.20935280882219,35
43,2026-07-01 08:05:00,28.591788690602595,77.21021136029229,32
43,2026-07-01 08:10:00,28.591389804660253,77.20958657820876,36
43,2026-07-01 08:15:00,28.590830640312106,77.20818857591352,32
43,2026-07-01 08:20:00,28.589889786782525,77.20768123071754,34
43,2026-07-01 08:25:00,28.58918274728128,77.20720834567706,35
43,2026-07-01 08:30:00,28.589698929643586,77.20759107286122,38
43,2026-07-01 08:35:00,28.58997572778289,77.20733115125036,34
43,2026-07-01 08:40:00,28.589753205702632,77.20722495187859,33
43,2026-07-01 08:45:00,28.58879383482809,77.20673863934049,32
43,2026-07-01 08:50:00,28.58771822658048,77.20710261994434,29
43,2026-07-01 08:55:00,28.58821858289935,77.20738666645555,26
43,2026-07-01 09:00:00,28.58801009026833,77.20705584293282,24
43,2026-07-01 09:05:00,28.587089441858076,77.2073722394339,29
43,2026-07-01 09:10:00,28.584705284923935,77.20751394574853,34
43,2026-07-01 09:15:00,28.58301033933651,77.2067979070184,34
43,2026-07-01 09:20:00,28.58242742729406,77.20706958186804,38
43,2026-07-01 09:25:00,28.58333859017194,77.2084370114423,40
43,2026-07-01 09:30:00,28.58444521548108,77.20914394042744,43
43,2026-07-01 09:35:00,28.582840103919963,77.20866897253121,39
43,2026-07-01 09:40:00,28.5835058749808,77.21041751227632,44
43,2026-07-01 09:45:00,28.582750668209844,77.20977796731898,43
43,2026-07-01 09:50:00,28.583215463479288,77.21100966161941,43
43,2026-07-01 09:55:00,28.58224827034635,77.21118062244263,48
43,2026-07-01 10:00:00,28.58302720252687,77.21115488864778,50
43,2026-07-01 10:05:00,28.58225837546148,77.2114551744642,48
43,2026-07-01 10:10:00,28.5809852617995,77.21150895959009,44
43,2026-07-01 10:15:00,28.580193280941103,77.21317935269519,45
43,2026-07-01 10:20:00,28.579805604599958,77.21188815316202,46
43,2026-07-01 10:25:00,28.58167685351829,77.21188320188855,48
43,2026-07-01 10:30:00,28.581090425546677,77.21280938895345,43
43,2026-07-01 10:35:00,28.580538267536127,77.21410767775687,47
43,2026-07-01 10:40:00,28.581487926894738,77.21269073628162,48
43,2026-07-01 10:45:00,28.580338667312812,77.21418904827262,48
43,2026-07-01 10:50:00,28.579977154085707,77.21378114934807,46
43,2026-07-01 10:55:00,28.58015198382048,77.21281122515215,45
43,2026-07-01 11:00:00,28.58071010783356,77.21357299487842,45
43,2026-07-01 11:05:00,28.58080424747912,77.21587431928779,45
43,2026-07-01 11:10:00,28.580509718175705,77.21551360556826,42
43,2026-07-01 11:15:00,28.58116015867896,77.21623959457261,43
43,2026-07-01 11:20:00,28.57933666594391,77.21498916602758,40
43,2026-07-01 11:25:00,28.577701112212182,77.2151968518764,37
43,2026-07-01 11:30:00,28.577793813580485,77.21383347720433,39
43,2026-07-01 11:35:00,28.578732902524116,77.213241363083,35
43,2026-07-01 11:40:00,28.57960205942031,77.21364769858441,33
43,2026-07-01 11:45:00,28.58118742279249,77.21442743446211,33
43,2026-07-01 11:50:00,28.58163323429783,77.21453207678395,28
43,2026-07-01 11:55:00,28.581755577515317,77.21531473083533,31
43,2026-07-01 12:00:00,28.581724098233607,77.21522224078382,27
43,2026-07-01 12:05:00,28.58026138089818,77.2153085738026,29
43,2026-07-01 12:10:00,28.580778980379595,77.21559035301084,32
43,2026-07-01 12:15:00,28.58024629907268,77.21396396813634,34
43,2026-07-01 12:20:00,28.582035634901313,77.21419059755671,29
43,2026-07-01 12:25:00,28.582039176953614,77.21447671643627,34
43,2026-07-01 12:30:00,28.582375892984583,77.21322247890159,32
43,2026-07-01 12:35:00,28.583025741037638,77.21182472469293,36
43,2026-07-01 12:40:00,28.5827117306165,77.2125570499357,40
43,2026-07-01 12:45:00,28.58111896412252,77.21163965795043,35
43,2026-07-01 12:50:00,28.57971844173149,77.21313770823497,39
43,2026-07-01 12:55:00,28.57850004644655,77.21423428056785,38
43,2026-07-01 13:00:00,28.580759478581648,77.21573470859758,41
43,2026-07-01 13:05:00,28.57996918778422,77.21646358630728,39
43,2026-07-01 13:10:00,28.580673239014185,77.21470105919595,43
43,2026-07-01 13:15:00,28.5815003369115,77.21534845644453,42
43,2026-07-01 13:20:00,28.582113752613747,77.21478689892976,39
43,2026-07-01 13:25:00,28.581257139970198,77.21567213554341,35
43,2026-07-01 13:30:00,28.580241922531084,77.21697784444663,34
43,2026-07-01 13:35:00,28.581388565058607,77.21426208070555,36
43,2026-07-01 13:40:00,28.58041017211848,77.21370580164069,40
43,2026-07-01 13:45:00,28.57981134440766,77.21410544198513,40
43,2026-07-01 13:50:00,28.579432054594072,77.21231477097301,38
43,2026-07-01 13:55:00,28.578764995870067,77.2103597079303,42
43,2026-07-01 14:00:00,28.578459622133973,77.20814206140957,44
43,2026-07-01 14:05:00,28.579597302820645,77.20897608212104,44
43,2026-07-01 14:10:00,28.579508842374793,77.21052252913675,39
43,2026-07-01 14:15:00,28.578652483723705,77.21141446200478,38
43,2026-07-01 14:20:00,28.579950677635402,77.21303256878782,42
43,2026-07-01 14:25:00,28.580158908781687,77.21285637390154,38
43,2026-07-01 14:30:00,28.581773638084695,77.21217540706563,41
43,2026-07-01 14:35:00,28.58132778228586,77.21175914680208,38
43,2026-07-01 14:40:00,28.581277594862033,77.21324183273273,33
43,2026-07-01 14:45:00,28.58228023339433,77.21159778709658,38
43,2026-07-01 14:50:00,28.582131277694952,77.21324275952803,38
43,2026-07-01 14:55:00,28.58135837403121,77.21288051783027,38
43,2026-07-01 15:00:00,28.581306396653787,77.21255144843661,34
43,2026-07-01 15:05:00,28.583843955764443,77.21315047971687,36
43,2026-07-01 15:10:00,28.58190750600925,77.21325716162205,33
43,2026-07-01 15:15:00,28.58206028837635,77.21485906240682,33
43,2026-07-01 15:20:00,28.581646917046147,77.21572283766781,37
43,2026-07-01 15:25:00,28.582529799261554,77.21760961361021,40
43,2026-07-01 15:30:00,28.58345409619386,77.21630890180961,41
43,2026-07-01 15:35:00,28.584255309709373,77.216440593034,46
43,2026-07-01 15:40:00,28.583780605200367,77.21663681014533,42
43,2026-07-01 15:45:00,28.585640527587888,77.21610644043788,46
43,2026-07-01 15:50:00,28.584743752343382,77.21537778129685,49
43,2026-07-01 15:55:00,28.58440789219614,77.2154299401944,46
43,2026-07-01 16:00:00,28.582113029500608,77.21613784631205,48
43,2026-07-01 16:05:00,28.58406620070302,77.2171807487605,53
43,2026-07-01 16:10:00,28.583617710272154,77.2180790456317,50
43,2026-07-01 16:15:00,28.585409599053772,77.21859248965706,45
43,2026-07-01 16:20:00,28.584587300941532,77.2204330570322,49
43,2026-07-01 16:25:00,28.58438637148032,77.2185854728677,48
43,2026-07-01 16:30:00,28.58302131703725,77.22053272960636,48
43,2026-07-01 16:35:00,28.582648943874588,77.22068540716376,47
44,2026-07-01 00:00:00,28.57906737995935,77.20127446656204,51
44,2026-07-01 00:05:00,28.577279983741867,77.20209652921818,49
44,2026-07-01 00:10:00,28.57543379436741,77.2003621798842,45
44,2026-07-01 00:15:00,28.575019066486064,77.2006799065854,49
44,2026-07-01 00:20:00,28.57571473881335,77.19981930983623,44
44,2026-07-01 00:25:00,28.575604119734802,77.20158384496031,41
44,2026-07-01 00:30:00,28.576030613180485,77.2022384763954,43
44,2026-07-01 00:35:00,28.578045576590988,77.20247609083557,48
44,2026-07-01 00:40:00,28.57741263539424,77.20334235519721,52
44,2026-07-01 00:45:00,28.577256428839068,77.20351953702664,50
44,2026-07-01 00:50:00,28.576255402935807,77.20275084547485,52
44,2026-07-01 00:55:00,28.57718718020133,77.20321368805392,48
44,2026-07-01 01:00:00,28.578062461627965,77.20302077268283,44
44,2026-07-01 01:05:00,28.577848845522418,77.20359705196537,49
44,2026-07-01 01:10:00,28.579228032501803,77.20314513168228,54
44,2026-07-01 01:15:00,28.57777311240023,77.20431145886401,54
44,2026-07-01 01:20:00,28.575894255486485,77.20448841811375,59
44,2026-07-01 01:25:00,28.57640737706062,77.2043356223437,63
44,2026-07-01 01:30:00,28.57611400794532,77.20434543237198,60
44,2026-07-01 01:35:00,28.57618754166637,77.20535975283802,63
44,2026-07-01 01:40:00,28.575485814319777,77.20503649588497,67
44,2026-07-01 01:45:00,28.57535082339131,77.20520910629921,64
44,2026-07-01 01:50:00,28.57714862735477,77.20390113402709,67
44,2026-07-01 01:55:00,28.577808840563822,77.20347462870744,62
44,2026-07-01 02:00:00,28.57753130718765,77.20345853105891,60
44,2026-07-01 02:05:00,28.57648496225289,77.20385944027353,56
44,2026-07-01 02:10:00,28.576686902156226,77.2024119780165,57
44,2026-07-01 02:15:00,28.57778522072318,77.20176029309268,57
44,2026-07-01 02:20:00,28.580149817209985,77.20095580036663,57
44,2026-07-01 02:25:00,28.579535076593867,77.2022297470961,54
44,2026-07-01 02:30:00,28.5792323036234,77.20224108534464,49
44,2026-07-01 02:35:00,28.57983619663576,77.2044504136991,52
44,2026-07-01 02:40:00,28.578782674015443,77.20431732927119,51
44,2026-07-01 02:45:00,28.578490303024676,77.20484462265857,55
44,2026-07-01 02:50:00,28.577243113032562,77.20467638045504,57
44,2026-07-01 02:55:00,28.57527045507355,77.20492274756965,61
44,2026-07-01 03:00:00,28.57527072890142,77.20575821116208,63
44,2026-07-01 03:05:00,28.573423328840562,77.20553162004354,58
44,2026-07-01 03:10:00,28.574784167941043,77.20593339499732,55
44,2026-07-01 03:15:00,28.573777375381717,77.20653262262798,51
44,2026-07-01 03:20:00,28.572283730514865,77.20754015959126,55
44,2026-07-01 03:25:00,28.570766156020998,77.20630663967431,51
44,2026-07-01 03:30:00,28.573597706372396,77.20583576610083,46
44,2026-07-01 03:35:00,28.573709690695583,77.2061452878504,45
44,2026-07-01 03:40:00,28.573177335025317,77.20711391163611,48
44,2026-07-01 03:45:00,28.573249541564454,77.20810758147739,46
44,2026-07-01 03:50:00,28.573651194488175,77.209828685574,44
44,2026-07-01 03:55:00,28.57499471784743,77.21126951540843,47
44,2026-07-01 04:00:00,28.57639107779181,77.21241703913103,49
44,2026-07-01 04:05:00,28.57589732439995,77.2133927780758,53
44,2026-07-01 04:10:00,28.575468684585264,77.21365634792137,54
44,2026-07-01 04:15:00,28.575087987159648,77.21358394277405,56
44,2026-07-01 04:20:00,28.575612231530403,77.21474584868834,58
44,2026-07-01 04:25:00,28.576647830597324,77.2163103135912,54
44,2026-07-01 04:30:00,28.578124047115352,77.21697393830952,53
44,2026-07-01 04:35:00,28.57740662776575,77.21771096728158,58
44,2026-07-01 04:40:00,28.576532844878642,77.21733390646439,53
44,2026-07-01 04:45:00,28.577601760128005,77.2188914687521,49
44,2026-07-01 04:50:00,28.576193820420347,77.21920859000991,53
44,2026-07-01 04:55:00,28.57813407471383,77.2192721032712,53
44,2026-07-01 05:00:00,28.577313495733964,77.218971626168,57
44,2026-07-01 05:05:00,28.576001331604107,77.22085208901815,55
44,2026-07-01 05:10:00,28.577644838909514,77.2204759434839,58
44,2026-07-01 05:15:00,28.578463346281197,77.21893443588898,56
44,2026-07-01 05:20:00,28.5770344896673,77.21909213010895,61
44,2026-07-01 05:25:00,28.576300483063935,77.21986543103166,58
44,2026-07-01 05:30:00,28.57587284286075,77.21947995017183,59
44,2026-07-01 05:35:00,28.576905520939707,77.22020008202504,57
44,2026-07-01 05:40:00,28.578297336103414,77.22062470609524,58
44,2026-07-01 05:45:00,28.577574904803473,77.22058785300774,57
44,2026-07-01 05:50:00,28.577479074611393,77.21859353420854,54
44,2026-07-01 05:55:00,28.576799138666633,77.21746640162486,56
44,2026-07-01 06:00:00,28.576344084034634,77.21780985099083,53
44,2026-07-01 06:05:00,28.57557255333348,77.21578208306767,51
44,2026-07-01 06:10:00,28.576776056278195,77.21670348898867,47
44,2026-07-01 06:15:00,28.576489012105935,77.21600638068004,48
44,2026-07-01 06:20:00,28.576127620465368,77.2166807854811,46
44,2026-07-01 06:25:00,28.57560713252096,77.21792268079433,48
44,2026-07-01 06:30:00,28.57546739563879,77.21701585546423,48
44,2026-07-01 06:35:00,28.57480459166715,77.21528276384907,50
44,2026-07-01 06:40:00,28.574907959273684,77.21705670542764,53
44,2026-07-01 06:45:00,28.57559572843748,77.21646505802912,50
44,2026-07-01 06:50:00,28.574724804216082,77.21728502961903,52
44,2026-07-01 06:55:00,28.573630452712948,77.21821551206996,51
44,2026-07-01 07:00:00,28.572833927137786,77.21775381335438,56
44,2026-07-01 07:05:00,28.573500797860824,77.21739328757391,57
44,2026-07-01 07:10:00,28.572092669542972,77.21612983904916,56
44,2026-07-01 07:15:00,28.571531709439444,77.21668790045241,57
44,2026-07-01 07:20:00,28.572401106614524,77.21494411680567,59
44,2026-07-01 07:25:00,28.570713347915664,77.21486747474684,58
44,2026-07-01 07:30:00,28.570234451685984,77.21329311138952,62
44,2026-07-01 07:35:00,28.571200023301103,77.21288766747901,62
44,2026-07-01 07:40:00,28.57110498129741,77.21194088341527,58
44,2026-07-01 07:45:00,28.57064685076299,77.21102119387105,62
44,2026-07-01 07:50:00,28.571371359681386,77.21001224304665,59
44,2026-07-01 07:55:00,28.57248750069432,77.20962213556284,62
44,2026-07-01 08:00:00,28.57425237440477,77.20955695879591,60
44,2026-07-01 08:05:00,28.574543718865886,77.20840806572785,63
44,2026-07-01 08:10:00,28.575392495500555,77.2073680445792,60
44,2026-07-01 08:15:00,28.5737715354511,77.20838969541425,62
44,2026-07-01 08:20:00,28.572979757674585,77.2082090957195,64
44,2026-07-01 08:25:00,28.570108291686108,77.2077962171207,59
44,2026-07-01 08:30:00,28.570530539184865,77.20773007756866,56
44,2026-07-01 08:35:00,28.569484841281525,77.20724587469341,59
44,2026-07-01 08:40:00,28.57040673133634,77.20831500412949,54
44,2026-07-01 08:45:00,28.569113857604137,77.2081452736422,54
44,2026-07-01 08:50:00,28.570299085298224,77.20975938815829,49
44,2026-07-01 08:55:00,28.570196534176738,77.20985194069678,47
44,2026-07-01 09:00:00,28.570695929310354,77.20956974826214,51
44,2026-07-01 09:05:00,28.56946056603498,77.2092194521501,54
44,2026-07-01 09:10:00,28.56911439441508,77.21055009135115,56
44,2026-07-01 09:15:00,28.568891060045647,77.21098466985212,51
44,2026-07-01 09:20:00,28.56872179437946,77.21039672484932,50
44,2026-07-01 09:25:00,28.56918038115941,77.20899097857342,49
44,2026-07-01 09:30:00,28.56923615667452,77.20803717332687,52
44,2026-07-01 09:35:00,28.56882336283017,77.20773929920358,52
44,2026-07-01 09:40:00,28.567154196337007,77.20930231709644,49
44,2026-07-01 09:45:00,28.567683279318736,77.20917142759014,53
44,2026-07-01 09:50:00,28.567160135572294,77.208400391276,55
44,2026-07-01 09:55:00,28.565289687999318,77.20838909905324,52
44,2026-07-01 10:00:00,28.564389853189084,77.20889773558459,50
44,2026-07-01 10:05:00,28.565538396204108,77.20812110042465,50
44,2026-07-01 10:10:00,28.56555242993799,77.20742151772815,48
44,2026-07-01 10:15:00,28.56470226320702,77.2072072713506,53
44,2026-07-01 10:20:00,28.56477018885034,77.20470731204,54
44,2026-07-01 10:25:00,28.564002286047252,77.20645107971625,55
44,2026-07-01 10:30:00,28.56261258874105,77.20778228598243,53
44,2026-07-01 10:35:00,28.563249187118558,77.20835703291156,52
44,2026-07-01 10:40:00,28.564394125985054,77.20828600489891,49
44,2026-07-01 10:45:00,28.564630592660986,77.2071616974926,45
44,2026-07-01 10:50:00,28.56455366690521,77.21009530319877,43
44,2026-07-01 10:55:00,28.56369821519344,77.21071303144087,41
44,2026-07-01 11:00:00,28.56405676290732,77.21074769287293,39
44,2026-07-01 11:05:00,28.56387688801965,77.20923053666422,34
44,2026-07-01 11:10:00,28.5631922175745,77.20819724103356,36
44,2026-07-01 11:15:00,28.562560352969687,77.20904168098181,34
44,2026-07-01 11:20:00,28.562251959568552,77.210227066826,34
44,2026-07-01 11:25:00,28.562646074542968,77.20995601665646,37
44,2026-07-01 11:30:00,28.561795619086634,77.2102370174561,42
44,2026-07-01 11:35:00,28.560426948018115,77.21126251104236,45
44,2026-07-01 11:40:00,28.561348581231936,77.21131367860151,47
44,2026-07-01 11:45:00,28.561299431444397,77.21259767693493,45
44,2026-07-01 11:50:00,28.560610365588666,77.21284077271436,44
44,2026-07-01 11:55:00,28.560887919558827,77.21317039824554,41
44,2026-07-01 12:00:00,28.562178866992767,77.21385424858379,44
44,2026-07-01 12:05:00,28.56310531513959,77.21344971882024,47
44,2026-07-01 12:10:00,28.563892690277815,77.21267272760855,51
44,2026-07-01 12:15:00,28.5642524802401,77.21270471968457,56
44,2026-07-01 12:20:00,28.562818303771227,77.21406710134677,56
44,2026-07-01 12:25:00,28.563161515475795,77.21349702390152,60
44,2026-07-01 12:30:00,28.564501515361272,77.21312385766302,65
44,2026-07-01 12:35:00,28.565446216746494,77.21308723275597,65
44,2026-07-01 12:40:00,28.566779560673982,77.21274946364088,63
44,2026-07-01 12:45:00,28.566725518856703,77.21327808386309,58
44,2026-07-01 12:50:00,28.56723971775507,77.21191795624468,53
44,2026-07-01 12:55:00,28.56775653867082,77.2120551739687,52
44,2026-07-01 13:00:00,28.56785552515786,77.21194773421385,55
44,2026-07-01 13:05:00,28.568540556813865,77.21142021561363,57
44,2026-07-01 13:10:00,28.569034678320534,77.21244146416066,55
44,2026-07-01 13:15:00,28.56863512526454,77.2135057400325,60
44,2026-07-01 13:20:00,28.56874634618002,77.21473552155948,58
44,2026-07-01 13:25:00,28.568907433548947,77.21398144144474,57
44,2026-07-01 13:30:00,28.56894923402086,77.21389833391927,55
44,2026-07-01 13:35:00,28.569538517453818,77.21339138522902,60
44,2026-07-01 13:40:00,28.569577566796966,77.21392293957237,57
44,2026-07-01 13:45:00,28.569595717563125,77.21535858785779,53
44,2026-07-01 13:50:00,28.570010592462214,77.21527487800066,48
44,2026-07-01 13:55:00,28.570861082914107,77.216564490615,53
44,2026-07-01 14:00:00,28.57086165457975,77.21690436959632,52
44,2026-07-01 14:05:00,28.571919683492897,77.21747542443066,54
44,2026-07-01 14:10:00,28.57047688479175,77.21569232896601,57
44,2026-07-01 14:15:00,28.570761847871996,77.2135699905429,61
44,2026-07-01 14:20:00,28.569532529851184,77.21336137330626,59
44,2026-07-01 14:25:00,28.572236383379234,77.21262757090142,56
44,2026-07-01 14:30:00,28.57145847765506,77.21270210490164,53
44,2026-07-01 14:35:00,28.571760688619307,77.21247226171987,51
44,2026-07-01 14:40:00,28.571975724431443,77.21104828138604,56
44,2026-07-01 14:45:00,28.57185068133347,77.20992482184299,56
44,2026-07-01 14:50:00,28.57255754811721,77.21049672685479,61
44,2026-07-01 14:55:00,28.573233645406972,77.21154649680456,64
44,2026-07-01 15:00:00,28.57192750994537,77.21178576294572,67
44,2026-07-01 15:05:00,28.570209696213283,77.21121565309473,72
44,2026-07-01 15:10:00,28.56957016600476,77.21204102238326,75
44,2026-07-01 15:15:00,28.568181137184155,77.21073490162439,73
44,2026-07-01 15:20:00,28.56828369246748,77.21181246800799,71
44,2026-07-01 15:25:00,28.56767632484936,77.21063824007821,72
44,2026-07-01 15:30:00,28.56740913296863,77.21068703934614,75
44,2026-07-01 15:35:00,28.567682221827162,77.20935189273447,76
44,2026-07-01 15:40:00,28.566004939386087,77.20964408540424,74
44,2026-07-01 15:45:00,28.565970286775723,77.2096884108386,70
44,2026-07-01 15:50:00,28.564625054323624,77.21130483639608,71
44,2026-07-01 15:55:00,28.56477865624349,77.21030642595605,73
44,2026-07-01 16:00:00,28.56634954211567,77.21322148939092,78
44,2026-07-01 16:05:00,28.565016130729532,77.2138932863361,77
44,2026-07-01 16:10:00,28.56354984791521,77.21602165277805,76
44,2026-07-01 16:15:00,28.56361725600027,77.21611519823745,78
44,2026-07-01 16:20:00,28.563045394384677,77.21528671667765,75
44,2026-07-01 16:25:00,28.563667328899722,77.21347774080246,72
44,2026-07-01 16:30:00,28.563094690380296,77.21315423813303,67
44,2026-07-01 16:35:00,28.56452779315544,77.21384817914942,65
45,2026-07-01 00:00:00,28.603213985976737,77.19511670009474,58
45,2026-07-01 00:05:00,28.60182188118048,77.19466278631182,53
45,2026-07-01 00:10:00,28.600270309115768,77.1942112392102,56
45,2026-07-01 00:15:00,28.60102823214978,77.19438099563975,57
45,2026-07-01 00:20:00,28.599210249158613,77.19368259378348,62
45,2026-07-01 00:25:00,28.60037240303947,77.19504820054973,64
45,2026-07-01 00:30:00,28.60005148579774,77.19446936022965,64
45,2026-07-01 00:35:00,28.59816286660802,77.19345854655853,64
45,2026-07-01 00:40:00,28.59766900344713,77.19275413563116,59
45,2026-07-01 00:45:00,28.598909689612274,77.19073375336086,55
45,2026-07-01 00:50:00,28.599317288377055,77.19079627025839,59
45,2026-07-01 00:55:00,28.598594954753203,77.1912373243712,59
45,2026-07-01 01:00:00,28.59835974836475,77.19200403565364,54
45,2026-07-01 01:05:00,28.59696071306816,77.19306857150087,58
45,2026-07-01 01:10:00,28.596051659229826,77.19376314976525,57
45,2026-07-01 01:15:00,28.59586828293851,77.19411891631637,58
45,2026-07-01 01:20:00,28.59662184296357,77.1960222293978,63
45,2026-07-01 01:25:00,28.596940163151906,77.19458422622634,58
45,2026-07-01 01:30:00,28.597428826517728,77.19532073331358,54
45,2026-07-01 01:35:00,28.597080790658005,77.19612152177066,51
45,2026-07-01 01:40:00,28.597586145288997,77.19565745924054,51
45,2026-07-01 01:45:00,28.599312793243705,77.19720061698412,50
45,2026-07-01 01:50:00,28.601725514769736,77.19827685051365,45
45,2026-07-01 01:55:00,28.600151611345538,77.19750980059996,49
45,2026-07-01 02:00:00,28.59988485400715,77.19791280840234,50
45,2026-07-01 02:05:00,28.598225118645768,77.19665652236093,49
45,2026-07-01 02:10:00,28.5980027709574,77.19625910540088,51
45,2026-07-01 02:15:00,28.599512765281833,77.19652209152498,53
45,2026-07-01 02:20:00,28.59923411812855,77.19766136597107,49
45,2026-07-01 02:25:00,28.600638629936974,77.1993261117038,51
45,2026-07-01 02:30:00,28.60133467225038,77.20087090905018,52
45,2026-07-01 02:35:00,28.603048617610913,77.20172188773934,55
45,2026-07-01 02:40:00,28.603695882765283,77.20209547378929,54
45,2026-07-01 02:45:00,28.602739898712507,77.20161218837885,55
45,2026-07-01 02:50:00,28.603309887617637,77.20128144879236,51
45,2026-07-01 02:55:00,28.604897580585863,77.20089722874701,56
45,2026-07-01 03:00:00,28.605411786848872,77.19896991834821,61
45,2026-07-01 03:05:00,28.603687707150247,77.19934622917795,62
45,2026-07-01 03:10:00,28.604333091822003,77.19836228111207,58
45,2026-07-01 03:15:00,28.60212774698532,77.19944949057384,61
45,2026-07-01 03:20:00,28.60251542896659,77.2002705116988,56
45,2026-07-01 03:25:00,28.602339832831927,77.20208340191874,57
45,2026-07-01 03:30:00,28.602250802806893,77.20178802944321,59
45,2026-07-01 03:35:00,28.602642844487576,77.20227393727345,64
45,2026-07-01 03:40:00,28.602801411183044,77.20166347900772,60
45,2026-07-01 03:45:00,28.603517074846298,77.20116248180089,60
45,2026-07-01 03:50:00,28.604157346079763,77.20192476272517,59
45,2026-07-01 03:55:00,28.602648904282084,77.20148854984535,55
45,2026-07-01 04:00:00,28.604235347962657,77.20088414516657,50
45,2026-07-01 04:05:00,28.603722303864146,77.20146707933917,46
45,2026-07-01 04:10:00,28.60418192990136,77.20318361965505,44
45,2026-07-01 04:15:00,28.6048526333602,77.20055047661103,44
45,2026-07-01 04:20:00,28.605831455066976,77.20186436442694,44
45,2026-07-01 04:25:00,28.606520961895306,77.20350054572799,45
45,2026-07-01 04:30:00,28.60775359136551,77.20574212126724,44
45,2026-07-01 04:35:00,28.607146292490732,77.20545101468964,46
45,2026-07-01 04:40:00,28.607191155528486,77.20532833509226,42
45,2026-07-01 04:45:00,28.608797502568017,77.20510284842166,38
45,2026-07-01 04:50:00,28.608262817060663,77.20632605764987,39
45,2026-07-01 04:55:00,28.6093854058409,77.20614948161844,36
45,2026-07-01 05:00:00,28.61043313023992,77.20721712933016,37
45,2026-07-01 05:05:00,28.612504168907495,77.20828954998716,35
45,2026-07-01 05:10:00,28.61271473965983,77.20834202804433,32
45,2026-07-01 05:15:00,28.61336674111568,77.20963734480593,33
45,2026-07-01 05:20:00,28.613517426973562,77.20893982823529,32
45,2026-07-01 05:25:00,28.613720949778983,77.2079578676514,35
45,2026-07-01 05:30:00,28.61342288931827,77.20790342356045,32
45,2026-07-01 05:35:00,28.614627036699662,77.20791518033101,32
45,2026-07-01 05:40:00,28.61424997984727,77.20800170642235,34
45,2026-07-01 05:45:00,28.614545460467262,77.20793014902591,31
45,2026-07-01 05:50:00,28.61348739874997,77.20738620925894,31
45,2026-07-01 05:55:00,28.614247421804848,77.20544184491658,28
45,2026-07-01 06:00:00,28.616334219609282,77.20465633672978,27
45,2026-07-01 06:05:00,28.616204569074235,77.20390383560584,25
45,2026-07-01 06:10:00,28.615073575234575,77.20311990821496,22
45,2026-07-01 06:15:00,28.61506638591622,77.20244396541288,25
45,2026-07-01 06:20:00,28.614067756100223,77.20024870182885,28
45,2026-07-01 06:25:00,28.61397375824886,77.2005079287099,26
45,2026-07-01 06:30:00,28.61450769564692,77.20258371493114,27
45,2026-07-01 06:35:00,28.616450763470308,77.20221919988968,29
45,2026-07-01 06:40:00,28.61731473774872,77.19979371699112,32
45,2026-07-01 06:45:00,28.616421680444038,77.20166603783184,28
45,2026-07-01 06:50:00,28.617514252332683,77.19976626993848,28
45,2026-07-01 06:55:00,28.61777917066991,77.19847857612461,30
45,2026-07-01 07:00:00,28.618754214724632,77.19787483503144,29
45,2026-07-01 07:05:00,28.62088324136488,77.19893038309472,24
45,2026-07-01 07:10:00,28.620438170265743,77.19767208656637,25
45,2026-07-01 07:15:00,28.620968805429488,77.1974893967997,26
45,2026-07-01 07:20:00,28.623125887231694,77.19703091969384,31
45,2026-07-01 07:25:00,28.62308481670171,77.19915841897095,28
45,2026-07-01 07:30:00,28.623595402825213,77.19723568240542,28
45,2026-07-01 07:35:00,28.623449705425493,77.19622995185507,24
45,2026-07-01 07:40:00,28.623339488148236,77.196634136497,24
45,2026-07-01 07:45:00,28.622365711519283,77.19595567694496,25
45,2026-07-01 07:50:00,28.62194955672217,77.19394574768049,26
45,2026-07-01 07:55:00,28.621679878177954,77.19249035247579,29
45,2026-07-01 08:00:00,28.62031751814407,77.19253233960099,26
45,2026-07-01 08:05:00,28.620747112304056,77.19296906428318,25
45,2026-07-01 08:10:00,28.621217398007527,77.19485124283378,28
45,2026-07-01 08:15:00,28.620865911204152,77.194775966082,25
45,2026-07-01 08:20:00,28.619677483995194,77.19525472518794,27
45,2026-07-01 08:25:00,28.62078033967642,77.19475706279513,31
45,2026-07-01 08:30:00,28.619596757313,77.19357705045974,34
45,2026-07-01 08:35:00,28.620280554400686,77.19451174988126,33
45,2026-07-01 08:40:00,28.62088606732092,77.19435333364659,32
45,2026-07-01 08:45:00,28.62226432952601,77.19632046582673,28
45,2026-07-01 08:50:00,28.622355875600007,77.19557151279542,29
45,2026-07-01 08:55:00,28.62079762156278,77.19503314870498,24
45,2026-07-01 09:00:00,28.622379375720357,77.19377427814861,26
45,2026-07-01 09:05:00,28.62303633372459,77.19496289533761,28
45,2026-07-01 09:10:00,28.622223000504754,77.1932564477812,24
45,2026-07-01 09:15:00,28.623134128350937,77.19216459290541,22
45,2026-07-01 09:20:00,28.62154303405082,77.1903966272996,26
45,2026-07-01 09:25:00,28.62154029849473,77.19000202783286,28
45,2026-07-01 09:30:00,28.621093709236586,77.18986077027004,31
45,2026-07-01 09:35:00,28.62071646299711,77.19025757835735,36
45,2026-07-01 09:40:00,28.621450992215532,77.19191262057882,39
45,2026-07-01 09:45:00,28.622085608958066,77.19199960773005,36
45,2026-07-01 09:50:00,28.621424517108572,77.1930734941462,36
45,2026-07-01 09:55:00,28.62176501785259,77.19127526376248,40
45,2026-07-01 10:00:00,28.6231400014888,77.19152580839081,42
45,2026-07-01 10:05:00,28.622348298173126,77.19079428052626,44
45,2026-07-01 10:10:00,28.622524175435046,77.19008145951142,45
45,2026-07-01 10:15:00,28.62365492441059,77.18956584419982,42
45,2026-07-01 10:20:00,28.62254749936499,77.18966984962297,44
45,2026-07-01 10:25:00,28.621949592221284,77.18959307286421,49
45,2026-07-01 10:30:00,28.623114478849825,77.19098210753977,44
45,2026-07-01 10:35:00,28.621888687109042,77.19270209207009,45
45,2026-07-01 10:40:00,28.621357475145647,77.19348784452102,47
45,2026-07-01 10:45:00,28.6206735068282,77.1925319119001,52
45,2026-07-01 10:50:00,28.621032087992784,77.19048136730024,54
45,2026-07-01 10:55:00,28.620524298501977,77.18939465540456,55
45,2026-07-01 11:00:00,28.618704188194165,77.18975475755063,52
45,2026-07-01 11:05:00,28.616870397452626,77.18953275369164,51
45,2026-07-01 11:10:00,28.61741810364579,77.18945213732682,56
45,2026-07-01 11:15:00,28.616880191170292,77.18830459004194,60
45,2026-07-01 11:20:00,28.616788161136704,77.18808953908453,58
45,2026-07-01 11:25:00,28.61637600458151,77.18733779551984,53
45,2026-07-01 11:30:00,28.617189204798397,77.18777881833665,50
45,2026-07-01 11:35:00,28.6177207485429,77.18567100981502,54
45,2026-07-01 11:40:00,28.617092393274422,77.1856715254921,49
45,2026-07-01 11:45:00,28.61847724205577,77.18421474278834,52
45,2026-07-01 11:50:00,28.61856586951854,77.18476264558134,55
45,2026-07-01 11:55:00,28.61813731737717,77.18431139886835,58
45,2026-07-01 12:00:00,28.617252494635828,77.1852458936624,56
45,2026-07-01 12:05:00,28.615711136980817,77.18622136661807,59
45,2026-07-01 12:10:00,28.61621324811675,77.18532392233104,54
45,2026-07-01 12:15:00,28.61527880765973,77.18604875702971,55
45,2026-07-01 12:20:00,28.61611114212714,77.18468865379158,58
45,2026-07-01 12:25:00,28.6160470658098,77.18278476525973,56
45,2026-07-01 12:30:00,28.613259776884444,77.18258571597711,54
45,2026-07-01 12:35:00,28.610494638311394,77.18161958076833,52
45,2026-07-01 12:40:00,28.61208220783717,77.18236050846049,57
45,2026-07-01 12:45:00,28.613319056544523,77.18391058728446,52
45,2026-07-01 12:50:00,28.61246155687886,77.1840052326909,53
45,2026-07-01 12:55:00,28.6136542344066,77.18441967814123,56
45,2026-07-01 13:00:00,28.614391841171077,77.18639987448292,57
45,2026-07-01 13:05:00,28.61488491717075,77.18591312561803,54
45,2026-07-01 13:10:00,28.613943135392496,77.18658645901228,59
45,2026-07-01 13:15:00,28.614034880927523,77.18773661453508,62
45,2026-07-01 13:20:00,28.61441651596594,77.18593993790697,67
45,2026-07-01 13:25:00,28.612861912478245,77.18625360560456,64
45,2026-07-01 13:30:00,28.61320015365682,77.18704163824185,59
45,2026-07-01 13:35:00,28.6153982931763,77.18715809021955,59
45,2026-07-01 13:40:00,28.616276159729843,77.1871599946192,61
45,2026-07-01 13:45:00,28.615927807588626,77.18725082832846,62
45,2026-07-01 13:50:00,28.61593434443636,77.18684113443851,66
45,2026-07-01 13:55:00,28.61549000129504,77.18713903780484,68
45,2026-07-01 14:00:00,28.61565111485532,77.1875861988768,65
45,2026-07-01 14:05:00,28.616100639943483,77.18603895727935,65
45,2026-07-01 14:10:00,28.61413953500746,77.18435238907288,62
45,2026-07-01 14:15:00,28.61514118042712,77.1833108624054,60
45,2026-07-01 14:20:00,28.614409255172074,77.18133515098752,59
45,2026-07-01 14:25:00,28.61512065482159,77.18084913491212,61
45,2026-07-01 14:30:00,28.61433942544424,77.18149308750989,66
45,2026-07-01 14:35:00,28.61569075599135,77.1825520035458,70
45,2026-07-01 14:40:00,28.617752244499645,77.18256687784304,74
45,2026-07-01 14:45:00,28.617923369124707,77.18207491824757,75
45,2026-07-01 14:50:00,28.61788963484356,77.18276067130668,70
45,2026-07-01 14:55:00,28.615815953127882,77.18202228426091,75
45,2026-07-01 15:00:00,28.615461779231342,77.18311456334173,74
45,2026-07-01 15:05:00,28.615714145155525,77.18269901507028,70
45,2026-07-01 15:10:00,28.616452094063277,77.1813249225732,75
45,2026-07-01 15:15:00,28.616751285279186,77.18191812992916,75
45,2026-07-01 15:20:00,28.617997010356788,77.18289252928446,78
45,2026-07-01 15:25:00,28.618075901494553,77.18356818715554,79
45,2026-07-01 15:30:00,28.61702350135991,77.18606880454351,80
45,2026-07-01 15:35:00,28.61776967541361,77.18613466760983,75
45,2026-07-01 15:40:00,28.6189061418422,77.18744489367432,80
45,2026-07-01 15:45:00,28.616635176563072,77.1860541130709,79
45,2026-07-01 15:50:00,28.617334386210924,77.18663169274262,83
45,2026-07-01 15:55:00,28.61735130601009,77.18588557173004,87
45,2026-07-01 16:00:00,28.616879867810326,77.18479061673676,92
45,2026-07-01 16:05:00,28.615047158725243,77.18491961132399,95
45,2026-07-01 16:10:00,28.615485468340836,77.1831623813411,92
45,2026-07-01 16:15:00,28.6149014086104,77.18295690857347,92
45,2026-07-01 16:20:00,28.613896708004503,77.1838442107442,93
45,2026-07-01 16:25:00,28.6147620829751,77.18325751666299,94
45,2026-07-01 16:30:00,28.614268284944828,77.18231334045325,90
45,2026-07-01 16:35:00,28.61479699457878,77.18140590049657,89
46,2026-07-01 00:00:00,28.61032056998469,77.20003087129557,26
46,2026-07-01 00:05:00,28.610520060983315,77.20058732579832,30
46,2026-07-01 00:10:00,28.609753451860847,77.20050641197719,32
46,2026-07-01 00:15:00,28.610914973818367,77.20121669051636,33
46,2026-07-01 00:20:00,28.612377687820885,77.20149037903722,34
46,2026-07-01 00:25:00,28.6142321187214,77.19995737745862,38
46,2026-07-01 00:30:00,28.613602375552126,77.20083668725611,37
46,2026-07-01 00:35:00,28.612600064284322,77.20159514339882,38
46,2026-07-01 00:40:00,28.611891030172792,77.20193126630177,42
46,2026-07-01 00:45:00,28.61195950734872,77.20068207839925,37
46,2026-07-01 00:50:00,28.611031016088035,77.20025228196126,35
46,2026-07-01 00:55:00,28.610147292789847,77.2006901541062,39
46,2026-07-01 01:00:00,28.60904514731754,77.20184302122055,44
46,2026-07-01 01:05:00,28.60897032387113,77.19968691946241,49
46,2026-07-01 01:10:00,28.610182170705304,77.20002554087787,49
46,2026-07-01 01:15:00,28.61101267589394,77.19907201615204,51
46,2026-07-01 01:20:00,28.60981258255901,77.19902742185666,46
46,2026-07-01 01:25:00,28.60982331644889,77.1973775650477,46
46,2026-07-01 01:30:00,28.610302503979675,77.19810072516036,44
46,2026-07-01 01:35:00,28.607747610909936,77.19731806038709,44
46,2026-07-01 01:40:00,28.606092475944557,77.1966866281567,44
46,2026-07-01 01:45:00,28.606554021993315,77.19738871652615,48
46,2026-07-01 01:50:00,28.607964095731393,77.1964827508885,50
46,2026-07-01 01:55:00,28.607704471687384,77.1953611146297,47
46,2026-07-01 02:00:00,28.608897866123783,77.1952751751572,50
46,2026-07-01 02:05:00,28.60794833581447,77.19405604043598,45
46,2026-07-01 02:10:00,28.608042378605465,77.19462409259229,42
46,2026-07-01 02:15:00,28.607956133287324,77.19530394100588,41
46,2026-07-01 02:20:00,28.608253134581588,77.19638429680715,41
46,2026-07-01 02:25:00,28.609163498533267,77.19679122639609,38
46,2026-07-01 02:30:00,28.610264158667352,77.19558732733312,43
46,2026-07-01 02:35:00,28.609937863002525,77.19775071956991,48
46,2026-07-01 02:40:00,28.60860676850368,77.19672604417386,43
46,2026-07-01 02:45:00,28.609117191118276,77.19676054297292,46
46,2026-07-01 02:50:00,28.610246629168294,77.1957138885536,43
46,2026-07-01 02:55:00,28.609393741124407,77.19398223102962,38
46,2026-07-01 03:00:00,28.61057010001257,77.1935221671403,41
46,2026-07-01 03:05:00,28.610768957158353,77.1960680295139,42
46,2026-07-01 03:10:00,28.611263423646704,77.19468420070997,47
46,2026-07-01 03:15:00,28.611479556399402,77.19210128839855,48
46,2026-07-01 03:20:00,28.612016269985702,77.19274493302454,43
46,2026-07-01 03:25:00,28.611081309558017,77.19194377334723,44
46,2026-07-01 03:30:00,28.611932046606576,77.19124688914444,48
46,2026-07-01 03:35:00,28.61195014396903,77.19195468123998,43
46,2026-07-01 03:40:00,28.612919837127027,77.19102450792623,44
46,2026-07-01 03:45:00,28.614883836363017,77.19213636129503,43
46,2026-07-01 03:50:00,28.613895529840935,77.19082647746212,48
46,2026-07-01 03:55:00,28.615314180847374,77.18912500602342,44
46,2026-07-01 04:00:00,28.614247321005713,77.18803014253105,42
46,2026-07-01 04:05:00,28.616134519993476,77.18906495635457,38
46,2026-07-01 04:10:00,28.615615630123656,77.19010889252499,38
46,2026-07-01 04:15:00,28.615401585214578,77.19008994396351,33
46,2026-07-01 04:20:00,28.61566249601041,77.18810421625057,36
46,2026-07-01 04:25:00,28.61482026407609,77.18708934192853,33
46,2026-07-01 04:30:00,28.614562980437416,77.18815357574292,32
46,2026-07-01 04:35:00,28.61413270407892,77.18905784597455,34
46,2026-07-01 04:40:00,28.61569968292629,77.19219453202287,34
46,2026-07-01 04:45:00,28.614509882120398,77.19347155375624,31
46,2026-07-01 04:50:00,28.613306396787777,77.19258504501637,36
46,2026-07-01 04:55:00,28.61225074998136,77.19410231166842,38
46,2026-07-01 05:00:00,28.613402983366925,77.19378061135649,37
46,2026-07-01 05:05:00,28.615212425688387,77.19550838739393,36
46,2026-07-01 05:10:00,28.614964169593563,77.19622944380617,36
46,2026-07-01 05:15:00,28.616167958250227,77.19689394329072,35
46,2026-07-01 05:20:00,28.61540653928235,77.19641543791039,31
46,2026-07-01 05:25:00,28.616353312438765,77.19547512181033,33
46,2026-07-01 05:30:00,28.61617376134967,77.19630010087478,38
46,2026-07-01 05:35:00,28.61769548424918,77.1957239824604,33
46,2026-07-01 05:40:00,28.617561316226723,77.19719655799058,34
46,2026-07-01 05:45:00,28.617743721985903,77.19706364645226,29
46,2026-07-01 05:50:00,28.617554693894792,77.19685000321263,29
46,2026-07-01 05:55:00,28.616388720764785,77.19677831881167,29
46,2026-07-01 06:00:00,28.616497756422408,77.19744153162172,33
46,2026-07-01 06:05:00,28.617009399485877,77.19746493613246,35
46,2026-07-01 06:10:00,28.618232665091725,77.19685135031017,38
46,2026-07-01 06:15:00,28.61809031841412,77.19620458960871,37
46,2026-07-01 06:20:00,28.617238265276477,77.19494267063187,42
46,2026-07-01 06:25:00,28.618334145936068,77.19269997092441,45
46,2026-07-01 06:30:00,28.61727733175525,77.19277869914144,50
46,2026-07-01 06:35:00,28.61817828229243,77.19142822018566,55
46,2026-07-01 06:40:00,28.618201226380442,77.1923212711708,59
46,2026-07-01 06:45:00,28.619317009666304,77.1933943949499,63
46,2026-07-01 06:50:00,28.62050692938235,77.1943312941442,68
46,2026-07-01 06:55:00,28.621658549989167,77.19460955384284,64
46,2026-07-01 07:00:00,28.621908948686446,77.19543568247666,68
46,2026-07-01 07:05:00,28.621745241755697,77.1952152448161,68
46,2026-07-01 07:10:00,28.621679992699697,77.1964626844448,73
46,2026-07-01 07:15:00,28.62380699723859,77.19659277138106,76
46,2026-07-01 07:20:00,28.624255851692496,77.19592339477285,74
46,2026-07-01 07:25:00,28.624579794473213,77.19706149186696,77
46,2026-07-01 07:30:00,28.625467015882684,77.19831794277104,76
46,2026-07-01 07:35:00,28.625753172766583,77.19729207124944,77
46,2026-07-01 07:40:00,28.62674211064787,77.19690367377773,80
46,2026-07-01 07:45:00,28.626138224597817,77.19698934211608,75
46,2026-07-01 07:50:00,28.626709781168856,77.19760438671806,73
46,2026-07-01 07:55:00,28.62590674501897,77.19819078952833,74
46,2026-07-01 08:00:00,28.625025079890886,77.19781561580349,78
46,2026-07-01 08:05:00,28.625690738954916,77.19779622626501,80
46,2026-07-01 08:10:00,28.62772839145249,77.19739878517039,78
46,2026-07-01 08:15:00,28.62910465766166,77.19761832918002,80
46,2026-07-01 08:20:00,28.630067342578712,77.19915889579136,80
46,2026-07-01 08:25:00,28.629967103865727,77.19990539475774,82
46,2026-07-01 08:30:00,28.630391111294127,77.19946952897172,84
46,2026-07-01 08:35:00,28.628662954953803,77.19866024115585,89
46,2026-07-01 08:40:00,28.629895977184145,77.19992123323662,91
46,2026-07-01 08:45:00,28.631110816397083,77.20035593873594,87
46,2026-07-01 08:50:00,28.631370985725844,77.20153596567489,87
46,2026-07-01 08:55:00,28.633112646389815,77.20204956690887,85
46,2026-07-01 09:00:00,28.63385702075898,77.19929974203595,84
46,2026-07-01 09:05:00,28.633660148013817,77.19863516882214,89
46,2026-07-01 09:10:00,28.634264513329686,77.20017723368036,84
46,2026-07-01 09:15:00,28.635420931101184,77.19942714002288,86
46,2026-07-01 09:20:00,28.636774316090754,77.20027633796738,82
46,2026-07-01 09:25:00,28.63679502477444,77.19920761101318,78
46,2026-07-01 09:30:00,28.6361359605727,77.19901849076443,73
46,2026-07-01 09:35:00,28.637018326996944,77.198938402521,75
46,2026-07-01 09:40:00,28.636851405663354,77.20056955503603,80
46,2026-07-01 09:45:00,28.637320031218824,77.19879502884505,84
46,2026-07-01 09:50:00,28.637970152833454,77.1976902225862,87
46,2026-07-01 09:55:00,28.63878013050542,77.19555792655035,82
46,2026-07-01 10:00:00,28.639653116146764,77.19511974543116,77
46,2026-07-01 10:05:00,28.640011982361344,77.19570939634724,77
46,2026-07-01 10:10:00,28.63967491957847,77.19445961730149,74
46,2026-07-01 10:15:00,28.639195485202496,77.1936680042735,78
46,2026-07-01 10:20:00,28.640554622885798,77.19257345829838,73
46,2026-07-01 10:25:00,28.639055084536825,77.19113724249482,74
46,2026-07-01 10:30:00,28.63853274057343,77.19205997156469,76
46,2026-07-01 10:35:00,28.63758438646681,77.1912506956453,71
46,2026-07-01 10:40:00,28.637955701383962,77.18912280745062,75
46,2026-07-01 10:45:00,28.63708277036632,77.1909360406578,74
46,2026-07-01 10:50:00,28.63749257916597,77.19076459491434,72
46,2026-07-01 10:55:00,28.63803710937789,77.19097578792888,70
46,2026-07-01 11:00:00,28.63727620359787,77.19027877036464,73
46,2026-07-01 11:05:00,28.63716530030679,77.1901447857238,78
46,2026-07-01 11:10:00,28.63670666790949,77.19207993799206,83
46,2026-07-01 11:15:00,28.636474708710047,77.19118372796329,83
46,2026-07-01 11:20:00,28.635710623175783,77.18982148375277,85
46,2026-07-01 11:25:00,28.63613902926838,77.18908410520197,81
46,2026-07-01 11:30:00,28.63596375505549,77.18987258893415,79
46,2026-07-01 11:35:00,28.634396146043436,77.18884150661533,74
46,2026-07-01 11:40:00,28.63415652556193,77.18879226084259,74
46,2026-07-01 11:45:00,28.635228575043314,77.18821473726173,79
46,2026-07-01 11:50:00,28.63381509277352,77.18889131768186,79
46,2026-07-01 11:55:00,28.6335764408419,77.18874344161593,79
46,2026-07-01 12:00:00,28.63563163358449,77.18786860033869,78
46,2026-07-01 12:05:00,28.63444432844043,77.18618002754181,73
46,2026-07-01 12:10:00,28.633799741503264,77.18740395989067,71
46,2026-07-01 12:15:00,28.633533871550377,77.18838351750648,66
46,2026-07-01 12:20:00,28.63445209321143,77.18889246191718,71
46,2026-07-01 12:25:00,28.633591301007677,77.18836050045978,66
46,2026-07-01 12:30:00,28.63409916431489,77.18834578849989,67
46,2026-07-01 12:35:00,28.63419767653597,77.18923845291883,70
46,2026-07-01 12:40:00,28.635430726914535,77.18750942674482,65
46,2026-07-01 12:45:00,28.634698199194723,77.18828955836874,63
46,2026-07-01 12:50:00,28.634690571915804,77.187472811723,67
46,2026-07-01 12:55:00,28.633640756864672,77.18799373244232,72
46,2026-07-01 13:00:00,28.63437509433294,77.18745363873607,77
46,2026-07-01 13:05:00,28.633246651441826,77.1895679779874,79
46,2026-07-01 13:10:00,28.633778937696242,77.18855525072398,80
46,2026-07-01 13:15:00,28.634042420206868,77.18943457975053,75
46,2026-07-01 13:20:00,28.633564716490895,77.18978246228173,70
46,2026-07-01 13:25:00,28.63259409692188,77.18983490378946,75
46,2026-07-01 13:30:00,28.632012276673045,77.18964250065089,76
46,2026-07-01 13:35:00,28.63127736652241,77.19019202732532,72
46,2026-07-01 13:40:00,28.632649351423318,77.19071639012907,74
46,2026-07-01 13:45:00,28.63480626668716,77.1908901019034,74
46,2026-07-01 13:50:00,28.633894321098307,77.18867858839415,73
46,2026-07-01 13:55:00,28.63454864209101,77.18979501306944,73
46,2026-07-01 14:00:00,28.635686392616837,77.19005014052136,73
46,2026-07-01 14:05:00,28.634554690499694,77.18963208065786,77
46,2026-07-01 14:10:00,28.63589181896113,77.18878697138798,78
46,2026-07-01 14:15:00,28.635155208027623,77.18874497753676,75
46,2026-07-01 14:20:00,28.63499843777206,77.18739443926783,72
46,2026-07-01 14:25:00,28.635565254704122,77.18614520374827,73
46,2026-07-01 14:30:00,28.636883623158788,77.18614572068805,70
46,2026-07-01 14:35:00,28.638865101929653,77.1871554174083,74
46,2026-07-01 14:40:00,28.637775503576574,77.18798637422496,74
46,2026-07-01 14:45:00,28.6376041209023,77.18774531529112,72
46,2026-07-01 14:50:00,28.63712120805507,77.18841954708363,71
46,2026-07-01 14:55:00,28.6363782024752,77.19003016245125,74
46,2026-07-01 15:00:00,28.63722838478527,77.18955115717304,79
46,2026-07-01 15:05:00,28.635955153157134,77.1901438350803,80
46,2026-07-01 15:10:00,28.63725652638659,77.18998815714497,79
46,2026-07-01 15:15:00,28.63743016697814,77.1899923557653,77
46,2026-07-01 15:20:00,28.63574242557002,77.18975122082091,72
46,2026-07-01 15:25:00,28.63636019049637,77.18967165075281,72
46,2026-07-01 15:30:00,28.63599248341233,77.18907120161279,73
46,2026-07-01 15:35:00,28.6345039387733,77.18846379236511,78
46,2026-07-01 15:40:00,28.635030406337915,77.18841765399932,76
46,2026-07-01 15:45:00,28.633035337428495,77.18896847135103,71
46,2026-07-01 15:50:00,28.634708544939134,77.18813573444744,67
46,2026-07-01 15:55:00,28.63620056963409,77.18893650165407,62
46,2026-07-01 16:00:00,28.637339755947444,77.1884892805246,62
46,2026-07-01 16:05:00,28.637634818811176,77.18776292360991,65
46,2026-07-01 16:10:00,28.637786820473973,77.18739656971367,68
46,2026-07-01 16:15:00,28.636622508804738,77.18825346236332,64
46,2026-07-01 16:20:00,28.635137978878284,77.18812659558328,59
46,2026-07-01 16:25:00,28.634980107758746,77.18782386859388,59
46,2026-07-01 16:30:00,28.634241693053944,77.18806121671336,59
46,2026-07-01 16:35:00,28.633847782827115,77.18892089489347,59
47,2026-07-01 00:00:00,28.600237984829292,77.19559602693461,13
47,2026-07-01 00:05:00,28.60141342547425,77.19417128102526,10
47,2026-07-01 00:10:00,28.601943112443816,77.19484330335116,15
47,2026-07-01 00:15:00,28.602347816556478,77.19490812724992,12
47,2026-07-01 00:20:00,28.6018337724095,77.19491295761755,13
47,2026-07-01 00:25:00,28.601942212399226,77.19429938169816,13
47,2026-07-01 00:30:00,28.601236788685224,77.19439809675048,12
47,2026-07-01 00:35:00,28.600794402920833,77.19387907173817,10
47,2026-07-01 00:40:00,28.600374633208467,77.19320226100263,11
47,2026-07-01 00:45:00,28.60143858905351,77.19278730512349,15
47,2026-07-01 00:50:00,28.602079468690768,77.19091934800916,14
47,2026-07-01 00:55:00,28.60075618952393,77.19201257854402,17
47,2026-07-01 01:00:00,28.600393855065658,77.19355652914878,18
47,2026-07-01 01:05:00,28.600331481778902,77.19573855369725,14
47,2026-07-01 01:10:00,28.600475666227954,77.1968514330317,12
47,2026-07-01 01:15:00,28.600835358332272,77.19770009398387,14
47,2026-07-01 01:20:00,28.59869097658344,77.19514338828056,10
47,2026-07-01 01:25:00,28.598272860908843,77.19267383445238,7
47,2026-07-01 01:30:00,28.599939140152372,77.1938187733541,2
47,2026-07-01 01:35:00,28.600047198403168,77.19299856163414,0
47,2026-07-01 01:40:00,28.598656720359028,77.19219906569009,2
47,2026-07-01 01:45:00,28.59732943632115,77.19102204530206,0
47,2026-07-01 01:50:00,28.59645874336577,77.19094283803422,2
47,2026-07-01 01:55:00,28.599161546196054,77.18961360912795,4
47,2026-07-01 02:00:00,28.598719320670046,77.190063758888,3
47,2026-07-01 02:05:00,28.598835161561098,77.19015585717615,0
47,2026-07-01 02:10:00,28.599293641421575,77.18990006519893,2
47,2026-07-01 02:15:00,28.598845116850313,77.18883995359353,5
47,2026-07-01 02:20:00,28.596740079494065,77.18749137659943,8
47,2026-07-01 02:25:00,28.595766722074632,77.18856029501467,3
47,2026-07-01 02:30:00,28.59626114187514,77.18896923222387,3
47,2026-07-01 02:35:00,28.59805464438467,77.19062709125777,0
47,2026-07-01 02:40:00,28.597620268621196,77.19048170856946,0
47,2026-07-01 02:45:00,28.59603218450615,77.19047504406907,0
47,2026-07-01 02:50:00,28.596697175744904,77.18994734592609,1
47,2026-07-01 02:55:00,28.597317979924924,77.18999033081919,0
47,2026-07-01 03:00:00,28.597887115405623,77.18897025214356,4
47,2026-07-01 03:05:00,28.59733779487534,77.18989601459401,4
47,2026-07-01 03:10:00,28.596024167422073,77.19041257465591,1
47,2026-07-01 03:15:00,28.594965525451286,77.18861759475419,0
47,2026-07-01 03:20:00,28.59604085896799,77.18741476862705,3
47,2026-07-01 03:25:00,28.595604226356233,77.18800911542849,0
47,2026-07-01 03:30:00,28.595077368548562,77.18849031052763,5
47,2026-07-01 03:35:00,28.59698179988171,77.18790195937835,6
47,2026-07-01 03:40:00,28.5975485862723,77.18923855345389,6
47,2026-07-01 03:45:00,28.596822699808573,77.19049756520863,1
47,2026-07-01 03:50:00,28.59906967221705,77.18918629795898,6
47,2026-07-01 03:55:00,28.600199899771557,77.18861710308566,10
47,2026-07-01 04:00:00,28.59943317743029,77.19073170070511,13
47,2026-07-01 04:05:00,28.59815267699214,77.19068384028235,10
47,2026-07-01 04:10:00,28.59760232340432,77.19152722373533,6
47,2026-07-01 04:15:00,28.59616222532698,77.19105277281182,1
47,2026-07-01 04:20:00,28.595886364124574,77.19058915947402,0
47,2026-07-01 04:25:00,28.595632605663994,77.19065139380947,0
47,2026-07-01 04:30:00,28.59360078210767,77.1904809176605,0
47,2026-07-01 04:35:00,28.593843791237354,77.18895813874315,4
47,2026-07-01 04:40:00,28.595135215356613,77.18911711642419,5
47,2026-07-01 04:45:00,28.594897496446848,77.18897256733959,3
47,2026-07-01 04:50:00,28.59368478137105,77.18987343178014,0
47,2026-07-01 04:55:00,28.5934608782325,77.1898690097667,5
47,2026-07-01 05:00:00,28.594337548767765,77.18950240167194,0
47,2026-07-01 05:05:00,28.595546293181332,77.18959670036324,5
47,2026-07-01 05:10:00,28.597529251419886,77.1899420234195,8
47,2026-07-01 05:15:00,28.599106354877296,77.18873143523652,11
47,2026-07-01 05:20:00,28.59749350394253,77.19074439108596,11
47,2026-07-01 05:25:00,28.59726639177551,77.19064231952115,15
47,2026-07-01 05:30:00,28.59629878091533,77.18986980220099,20
47,2026-07-01 05:35:00,28.595358157922583,77.18898393904524,17
47,2026-07-01 05:40:00,28.59541090210682,77.18872438009741,20
47,2026-07-01 05:45:00,28.5964136266569,77.18826987179811,18
47,2026-07-01 05:50:00,28.595647454108654,77.18711113903096,14
47,2026-07-01 05:55:00,28.595092810000608,77.18526076134607,17
47,2026-07-01 06:00:00,28.595294774270524,77.18409776566686,16
47,2026-07-01 06:05:00,28.595269287233467,77.18531383758598,14
47,2026-07-01 06:10:00,28.5945195385808,77.1839047893661,17
47,2026-07-01 06:15:00,28.59573779650342,77.18353178564084,14
47,2026-07-01 06:20:00,28.59548176144869,77.18305015683787,14
47,2026-07-01 06:25:00,28.594961264739826,77.18244974175335,10
47,2026-07-01 06:30:00,28.59441188897122,77.18369293377249,11
47,2026-07-01 06:35:00,28.59458490983636,77.1824930939729,9
47,2026-07-01 06:40:00,28.595233493406745,77.18241993684153,5
47,2026-07-01 06:45:00,28.595412621220525,77.18177149070611,9
47,2026-07-01 06:50:00,28.594346657427042,77.18294879161463,9
47,2026-07-01 06:55:00,28.595130753023415,77.18288838548241,4
47,2026-07-01 07:00:00,28.594628878222142,77.18134364340709,8
47,2026-07-01 07:05:00,28.594886995838113,77.18207379552115,4
47,2026-07-01 07:10:00,28.594222772966994,77.18308330052933,7
47,2026-07-01 07:15:00,28.592808803833588,77.18196126735872,10
47,2026-07-01 07:20:00,28.594830759987182,77.18115795498039,13
47,2026-07-01 07:25:00,28.595054939472035,77.18070611825219,13
47,2026-07-01 07:30:00,28.593329334589654,77.18289148998548,11
47,2026-07-01 07:35:00,28.592553783378715,77.18398985527527,15
47,2026-07-01 07:40:00,28.592889339233356,77.18179786997675,17
47,2026-07-01 07:45:00,28.591835560878724,77.18251441712948,12
47,2026-07-01 07:50:00,28.59252617840087,77.18360392158904,16
47,2026-07-01 07:55:00,28.593213841024664,77.18267601792328,20
47,2026-07-01 08:00:00,28.591181102793897,77.18314894866924,18
47,2026-07-01 08:05:00,28.592727640986194,77.18350142554435,16
47,2026-07-01 08:10:00,28.594408339298035,77.18364098483902,12
47,2026-07-01 08:15:00,28.59448612364001,77.1847432613656,7
47,2026-07-01 08:20:00,28.594710530061207,77.1859437924631,10
47,2026-07-01 08:25:00,28.59436990881056,77.18734182342814,5
47,2026-07-01 08:30:00,28.594102446683344,77.18733691162213,10
47,2026-07-01 08:35:00,28.592739846403596,77.18639930384248,5
47,2026-07-01 08:40:00,28.592242079579265,77.18695359973994,9
47,2026-07-01 08:45:00,28.592952593666386,77.18725301167795,8
47,2026-07-01 08:50:00,28.59390139307175,77.18876749197571,5
47,2026-07-01 08:55:00,28.595833324466174,77.18776376617787,6
47,2026-07-01 09:00:00,28.596038979132103,77.1883019954897,2
47,2026-07-01 09:05:00,28.595989084023827,77.18811947348948,1
47,2026-07-01 09:10:00,28.595317710504368,77.18740567402334,1
47,2026-07-01 09:15:00,28.593634029105928,77.18801838035296,0
47,2026-07-01 09:20:00,28.59328427143362,77.18906972408821,0
47,2026-07-01 09:25:00,28.59387478835396,77.18915783643561,0
47,2026-07-01 09:30:00,28.594831232858034,77.18972197606159,0
47,2026-07-01 09:35:00,28.59508342500873,77.18886348446135,0
47,2026-07-01 09:40:00,28.59518562267742,77.1890924014134,0
47,2026-07-01 09:45:00,28.595837072513433,77.19005133210197,0
47,2026-07-01 09:50:00,28.595746814065215,77.19209069545693,0
47,2026-07-01 09:55:00,28.596423715302908,77.19141062982567,4
47,2026-07-01 10:00:00,28.596708573255643,77.19051418441703,1
47,2026-07-01 10:05:00,28.595624753418832,77.18985479136701,2
47,2026-07-01 10:10:00,28.596428897313906,77.19080199926086,1
47,2026-07-01 10:15:00,28.59812127819237,77.19198044614623,6
47,2026-07-01 10:20:00,28.598546946793565,77.1937344262713,5
47,2026-07-01 10:25:00,28.596774987089333,77.19320876595407,8
47,2026-07-01 10:30:00,28.596826646462976,77.19396066048435,9
47,2026-07-01 10:35:00,28.59734924361604,77.1955544080784,5
47,2026-07-01 10:40:00,28.59680830740938,77.19539498537695,4
47,2026-07-01 10:45:00,28.59772786795624,77.19623283917171,4
47,2026-07-01 10:50:00,28.596712948236124,77.19566761860185,7
47,2026-07-01 10:55:00,28.596802634836077,77.19649430462296,8
47,2026-07-01 11:00:00,28.598284307063476,77.19416101651939,11
47,2026-07-01 11:05:00,28.599742177631427,77.19402703804538,12
47,2026-07-01 11:10:00,28.5988663503374,77.19641313419675,13
47,2026-07-01 11:15:00,28.598951545751802,77.19666083648058,11
47,2026-07-01 11:20:00,28.599931637372002,77.19784421228641,13
47,2026-07-01 11:25:00,28.599565445733354,77.19940682811108,10
47,2026-07-01 11:30:00,28.598882179036135,77.2005785103083,5
47,2026-07-01 11:35:00,28.599406040097644,77.20131317818354,3
47,2026-07-01 11:40:00,28.598874401927517,77.20173057746108,1
47,2026-07-01 11:45:00,28.599836264758167,77.20024492196158,0
47,2026-07-01 11:50:00,28.599698355365522,77.19996326599795,0
47,2026-07-01 11:55:00,28.597540871536335,77.20020255611273,0
47,2026-07-01 12:00:00,28.596130179725108,77.2015290862706,2
47,2026-07-01 12:05:00,28.595271085397194,77.201845096856,2
47,2026-07-01 12:10:00,28.595926065191108,77.2035232822349,0
47,2026-07-01 12:15:00,28.595926580621445,77.20293352460509,1
47,2026-07-01 12:20:00,28.59642176106229,77.20232724335624,0
47,2026-07-01 12:25:00,28.59637784777175,77.20321471799177,2
47,2026-07-01 12:30:00,28.596362801767707,77.20273757697605,0
47,2026-07-01 12:35:00,28.597243593137037,77.20337552836538,1
47,2026-07-01 12:40:00,28.596886100289765,77.20416605792882,5
47,2026-07-01 12:45:00,28.59550143089673,77.2034840464754,4
47,2026-07-01 12:50:00,28.594225850300408,77.20254342380494,6
47,2026-07-01 12:55:00,28.594437943344584,77.20252556310396,6
47,2026-07-01 13:00:00,28.596043689633575,77.20216073975122,11
47,2026-07-01 13:05:00,28.59688687385282,77.20286865309028,6
47,2026-07-01 13:10:00,28.595171058203793,77.20115069590105,10
47,2026-07-01 13:15:00,28.594975729912992,77.20233142284438,14
47,2026-07-01 13:20:00,28.594381606303028,77.20057070353113,12
47,2026-07-01 13:25:00,28.59446457237166,77.20014618878662,10
47,2026-07-01 13:30:00,28.595260582341666,77.20110787683855,12
47,2026-07-01 13:35:00,28.595577294685423,77.20091056270427,16
47,2026-07-01 13:40:00,28.59540999026359,77.20102718724428,21
47,2026-07-01 13:45:00,28.59483259506534,77.1998711896905,19
47,2026-07-01 13:50:00,28.595475526397763,77.19974302052023,14
47,2026-07-01 13:55:00,28.5976240365269,77.20086054300741,15
47,2026-07-01 14:00:00,28.59742585418687,77.2017736239469,17
47,2026-07-01 14:05:00,28.599226897632413,77.20173385991383,16
47,2026-07-01 14:10:00,28.59845264152735,77.20085385701982,18
47,2026-07-01 14:15:00,28.598450382380534,77.20114668118975,19
47,2026-07-01 14:20:00,28.59885519536495,77.19992743326704,20
47,2026-07-01 14:25:00,28.598830138965038,77.19927981293303,23
47,2026-07-01 14:30:00,28.598271856572026,77.20049558768943,25
47,2026-07-01 14:35:00,28.599290092372854,77.20099052292618,21
47,2026-07-01 14:40:00,28.598382712517267,77.20025319487516,17
47,2026-07-01 14:45:00,28.59863770798777,77.20000039386923,18
47,2026-07-01 14:50:00,28.5987866607192,77.19826111000583,23
47,2026-07-01 14:55:00,28.599140217500857,77.19697049776806,27
47,2026-07-01 15:00:00,28.599488005535083,77.19714299190471,30
47,2026-07-01 15:05:00,28.60113923950679,77.20018127351834,26
47,2026-07-01 15:10:00,28.60194073369442,77.19981099794596,28
47,2026-07-01 15:15:00,28.602653706721547,77.20145541604334,30
47,2026-07-01 15:20:00,28.60293867163671,77.2005658395584,31
47,2026-07-01 15:25:00,28.60373904823609,77.20121676855612,31
47,2026-07-01 15:30:00,28.603505205020955,77.20074054467541,26
47,2026-07-01 15:35:00,28.604776818875237,77.20108311404452,26
47,2026-07-01 15:40:00,28.604091618644947,77.20037677366676,27
47,2026-07-01 15:45:00,28.603281563011915,77.2001637887553,31
47,2026-07-01 15:50:00,28.601703809784116,77.19938204828308,32
47,2026-07-01 15:55:00,28.59998292007163,77.20058090054133,35
47,2026-07-01 16:00:00,28.599269670943546,77.20095651441846,40
47,2026-07-01 16:05:00,28.600542768757784,77.20106373690554,44
47,2026-07-01 16:10:00,28.599993411326107,77.2003462838331,41
47,2026-07-01 16:15:00,28.60025762245276,77.20096087309015,38
47,2026-07-01 16:20:00,28.60014055577526,77.20110161665346,35
47,2026-07-01 16:25:00,28.600298332378603,77.20113629257827,39
47,2026-07-01 16:30:00,28.60036615503459,77.20115573515943,40
47,2026-07-01 16:35:00,28.598631247557936,77.20039134746158,39
48,2026-07-01 00:00:00,28.61766509511306,77.19844801663656,61
48,2026-07-01 00:05:00,28.6179943895827,77.19903172418555,56
48,2026-07-01 00:10:00,28.619170180141957,77.19853532017781,52
48,2026-07-01 00:15:00,28.618472148637316,77.1991562417347,48
48,2026-07-01 00:20:00,28.61799307519313,77.19949906464882,50
48,2026-07-01 00:25:00,28.618306792047157,77.1994618387483,52
48,2026-07-01 00:30:00,28.619817484979496,77.19960943631713,48
48,2026-07-01 00:35:00,28.61993442793284,77.20007083210503,44
48,2026-07-01 00:40:00,28.62035332114199,77.20157698871918,42
48,2026-07-01 00:45:00,28.620369341289386,77.20125599065128,37
48,2026-07-01 00:50:00,28.619813620827237,77.20195347174209,40
48,2026-07-01 00:55:00,28.620606695199257,77.20115227747036,40
48,2026-07-01 01:00:00,28.619106453807575,77.20141721686525,41
48,2026-07-01 01:05:00,28.61909091564884,77.2031803689799,42
48,2026-07-01 01:10:00,28.62032193769953,77.20405858758653,43
48,2026-07-01 01:15:00,28.619790510816955,77.20492316449051,39
48,2026-07-01 01:20:00,28.619009228600145,77.20571300630506,42
48,2026-07-01 01:25:00,28.618547169129368,77.20360256981868,40
48,2026-07-01 01:30:00,28.62085638600482,77.20386938681277,37
48,2026-07-01 01:35:00,28.62252303555801,77.20262415109127,33
48,2026-07-01 01:40:00,28.62315876309314,77.20161757265832,29
48,2026-07-01 01:45:00,28.62176583045555,77.20102208225151,30
48,2026-07-01 01:50:00,28.62047335065796,77.2009895561016,34
48,2026-07-01 01:55:00,28.620576029056185,77.20229511007997,39
48,2026-07-01 02:00:00,28.62275198321802,77.2003170459381,42
48,2026-07-01 02:05:00,28.623960700515596,77.19898998354599,37
48,2026-07-01 02:10:00,28.62313836088145,77.19841875400606,42
48,2026-07-01 02:15:00,28.624572706683082,77.19768839914508,37
48,2026-07-01 02:20:00,28.625125083876092,77.1974034296363,41
48,2026-07-01 02:25:00,28.62313588889738,77.19808553762665,36
48,2026-07-01 02:30:00,28.62192878441171,77.19788052314055,33
48,2026-07-01 02:35:00,28.621809868760234,77.19656186723134,28
48,2026-07-01 02:40:00,28.621392182885568,77.19542515322594,33
48,2026-07-01 02:45:00,28.62215469349826,77.19698709396313,32
48,2026-07-01 02:50:00,28.62125846910144,77.19701758277742,35
48,2026-07-01 02:55:00,28.621744369107628,77.19626059645323,38
48,2026-07-01 03:00:00,28.621420193348605,77.19590887769489,42
48,2026-07-01 03:05:00,28.621960650153394,77.1948593312354,39
48,2026-07-01 03:10:00,28.620426559983443,77.19398871209785,38
48,2026-07-01 03:15:00,28.620161609512905,77.19325803402054,43
48,2026-07-01 03:20:00,28.619213771574948,77.19409087275633,41
48,2026-07-01 03:25:00,28.620263137171968,77.1935346177922,39
48,2026-07-01 03:30:00,28.619181004392654,77.19439631140568,35
48,2026-07-01 03:35:00,28.618679618303577,77.19467894526194,37
48,2026-07-01 03:40:00,28.617623462897264,77.19440518370207,42
48,2026-07-01 03:45:00,28.618178228686357,77.19276390882888,37
48,2026-07-01 03:50:00,28.61884970523082,77.19293161810367,40
48,2026-07-01 03:55:00,28.61868455110779,77.1944679356775,38
48,2026-07-01 04:00:00,28.618246472376306,77.1963765188826,40
48,2026-07-01 04:05:00,28.61700175923993,77.1965145417277,37
48,2026-07-01 04:10:00,28.616347200192813,77.1962875843088,38
48,2026-07-01 04:15:00,28.616091618052288,77.19639628295614,43
48,2026-07-01 04:20:00,28.61498356349499,77.19510138306563,44
48,2026-07-01 04:25:00,28.61517834359928,77.19372944273138,44
48,2026-07-01 04:30:00,28.613573018317926,77.19433659377216,46
48,2026-07-01 04:35:00,28.61269946488617,77.19362534300751,48
48,2026-07-01 04:40:00,28.61265782246797,77.1952113878643,43
48,2026-07-01 04:45:00,28.613303677458315,77.19470276800574,41
48,2026-07-01 04:50:00,28.613401285599444,77.19380014821436,45
48,2026-07-01 04:55:00,28.613686745092124,77.19480126018411,48
48,2026-07-01 05:00:00,28.613195185035973,77.19625933557914,47
48,2026-07-01 05:05:00,28.61088988213163,77.19742745246263,51
48,2026-07-01 05:10:00,28.61051521982256,77.19855225876933,53
48,2026-07-01 05:15:00,28.609859968532948,77.1991909980488,51
48,2026-07-01 05:20:00,28.610021306054648,77.19906835522916,51
48,2026-07-01 05:25:00,28.61216285373153,77.19996782185966,54
48,2026-07-01 05:30:00,28.61244030031414,77.20145732522327,51
48,2026-07-01 05:35:00,28.611586513934114,77.20296143806098,51
48,2026-07-01 05:40:00,28.61214049001444,77.20220150881923,50
48,2026-07-01 05:45:00,28.61236993191736,77.20403800253916,50
48,2026-07-01 05:50:00,28.61260866525876,77.203807007833,45
48,2026-07-01 05:55:00,28.612602921663246,77.20387811169033,43
48,2026-07-01 06:00:00,28.61497433237617,77.20427754473226,46
48,2026-07-01 06:05:00,28.615460165523096,77.20423319852011,43
48,2026-07-01 06:10:00,28.61514197836877,77.2043604828529,42
48,2026-07-01 06:15:00,28.614573336057827,77.20518092099707,47
48,2026-07-01 06:20:00,28.61481620898653,77.20519048125081,52
48,2026-07-01 06:25:00,28.613409923275714,77.20556199868388,53
48,2026-07-01 06:30:00,28.610913093284495,77.20557219636588,55
48,2026-07-01 06:35:00,28.612192162475278,77.20523950155554,56
48,2026-07-01 06:40:00,28.612370157402456,77.20585467845511,59
48,2026-07-01 06:45:00,28.61333187336297,77.20636130062506,63
48,2026-07-01 06:50:00,28.61304809659795,77.20684667463989,64
48,2026-07-01 06:55:00,28.612473299301705,77.2075194364808,60
48,2026-07-01 07:00:00,28.612136440952415,77.2071274885736,58
48,2026-07-01 07:05:00,28.61086598606931,77.20746539492211,62
48,2026-07-01 07:10:00,28.61203232578087,77.2083745242747,63
48,2026-07-01 07:15:00,28.611332139090074,77.20969207375788,59
48,2026-07-01 07:20:00,28.611082981158507,77.20926487802514,61
48,2026-07-01 07:25:00,28.61119131801934,77.21028417847158,57
48,2026-07-01 07:30:00,28.612047731525347,77.21010172846871,61
48,2026-07-01 07:35:00,28.61285805380955,77.20992795542179,61
48,2026-07-01 07:40:00,28.613463229864916,77.20849466835121,60
48,2026-07-01 07:45:00,28.613157812644886,77.20991306521972,59
48,2026-07-01 07:50:00,28.612492705875756,77.21125786056548,57
48,2026-07-01 07:55:00,28.61290759475473,77.21227079472239,62
48,2026-07-01 08:00:00,28.613101487270832,77.21159195217803,61
48,2026-07-01 08:05:00,28.614228210907612,77.21010523370812,56
48,2026-07-01 08:10:00,28.615746710084224,77.21203021033686,59
48,2026-07-01 08:15:00,28.617054519413582,77.21059609193931,64
48,2026-07-01 08:20:00,28.616468557020703,77.21093183764208,61
48,2026-07-01 08:25:00,28.616699483784743,77.21109245946717,58
48,2026-07-01 08:30:00,28.615851705471066,77.21140164435856,62
48,2026-07-01 08:35:00,28.617288956057536,77.20917192774372,65
48,2026-07-01 08:40:00,28.615963138794218,77.20891738116849,70
48,2026-07-01 08:45:00,28.616019962856367,77.20908396766765,71
48,2026-07-01 08:50:00,28.615775967856774,77.20982102917888,70
48,2026-07-01 08:55:00,28.615822003666885,77.20909153906813,75
48,2026-07-01 09:00:00,28.614826001794647,77.20914589526288,78
48,2026-07-01 09:05:00,28.61473809763284,77.20932815370647,83
48,2026-07-01 09:10:00,28.614556234975467,77.2076567331998,88
48,2026-07-01 09:15:00,28.614973552633835,77.20645922779474,89
48,2026-07-01 09:20:00,28.61691023239612,77.20491322525052,88
48,2026-07-01 09:25:00,28.615965686125236,77.20553789889831,90
48,2026-07-01 09:30:00,28.617571982768197,77.20459499869038,89
48,2026-07-01 09:35:00,28.61624477249379,77.20291790413191,90
48,2026-07-01 09:40:00,28.617948131855094,77.20333920714643,89
48,2026-07-01 09:45:00,28.618130102946974,77.20198460171227,88
48,2026-07-01 09:50:00,28.61855731811436,77.20327387002044,83
48,2026-07-01 09:55:00,28.6187031543806,77.20407956149437,87
48,2026-07-01 10:00:00,28.61896810397451,77.20411227752781,89
48,2026-07-01 10:05:00,28.61887711783647,77.2044176802097,90
48,2026-07-01 10:10:00,28.617215393888834,77.2038100826954,91
48,2026-07-01 10:15:00,28.61507079232636,77.20393442053225,92
48,2026-07-01 10:20:00,28.614685119729238,77.20435200891389,96
48,2026-07-01 10:25:00,28.615709872340897,77.20346243516674,99
48,2026-07-01 10:30:00,28.615485340703128,77.20285219985963,100
48,2026-07-01 10:35:00,28.615829567469987,77.20146511691824,97
48,2026-07-01 10:40:00,28.615399336224588,77.20244970645763,97
48,2026-07-01 10:45:00,28.617610806177563,77.20088484826665,95
48,2026-07-01 10:50:00,28.618234871564685,77.20191607223272,95
48,2026-07-01 10:55:00,28.61980575803868,77.20255640934364,91
48,2026-07-01 11:00:00,28.618889683078926,77.20254182661036,93
48,2026-07-01 11:05:00,28.61946811518993,77.20284978032005,89
48,2026-07-01 11:10:00,28.620658119763046,77.20444108913124,85
48,2026-07-01 11:15:00,28.620501562756296,77.20528231663796,84
48,2026-07-01 11:20:00,28.622247137589707,77.20593329445033,89
48,2026-07-01 11:25:00,28.62305736542201,77.20572797680553,84
48,2026-07-01 11:30:00,28.622112205066657,77.20465506868226,89
48,2026-07-01 11:35:00,28.622998149390256,77.20496281923846,94
48,2026-07-01 11:40:00,28.623349362671874,77.205312230829,94
48,2026-07-01 11:45:00,28.62229727240181,77.20545223787028,95
48,2026-07-01 11:50:00,28.622601809800326,77.20469764430125,100
48,2026-07-01 11:55:00,28.62230245412651,77.2065491106855,105
48,2026-07-01 12:00:00,28.62192510794343,77.20652822653588,100
48,2026-07-01 12:05:00,28.62185485704767,77.20716239357816,100
48,2026-07-01 12:10:00,28.620974956321025,77.20735740976535,100
48,2026-07-01 12:15:00,28.620835048348518,77.20738719644613,101
48,2026-07-01 12:20:00,28.62098103870968,77.20503752458832,99
48,2026-07-01 12:25:00,28.620751553149212,77.20528312847463,95
48,2026-07-01 12:30:00,28.61996921974936,77.20503620963846,98
48,2026-07-01 12:35:00,28.62096154191603,77.20605797662745,103
48,2026-07-01 12:40:00,28.62173092867407,77.20696867759847,107
48,2026-07-01 12:45:00,28.621434204661075,77.20702745354939,110
48,2026-07-01 12:50:00,28.61945248194238,77.20634427326769,110
48,2026-07-01 12:55:00,28.619520735510683,77.20664740272076,111
48,2026-07-01 13:00:00,28.61844077758351,77.20732758938566,116
48,2026-07-01 13:05:00,28.61963482456717,77.20770903091098,121
48,2026-07-01 13:10:00,28.620155270593113,77.206817384464,119
48,2026-07-01 13:15:00,28.619697681687853,77.2075057450732,121
48,2026-07-01 13:20:00,28.61839580783598,77.20845978848467,119
48,2026-07-01 13:25:00,28.6176071832473,77.2084841362024,124
48,2026-07-01 13:30:00,28.617053319519115,77.2089398804249,128
48,2026-07-01 13:35:00,28.61713912661904,77.20759093008017,123
48,2026-07-01 13:40:00,28.617873460502793,77.2080689081783,120
48,2026-07-01 13:45:00,28.618892722804198,77.20592357995194,123
48,2026-07-01 13:50:00,28.618076586314146,77.20469827227842,128
48,2026-07-01 13:55:00,28.619293119986708,77.20398847407904,126
48,2026-07-01 14:00:00,28.62000602134979,77.20292338719486,125
48,2026-07-01 14:05:00,28.618918060250945,77.20134551227731,128
48,2026-07-01 14:10:00,28.619785459792435,77.20295790289947,129
48,2026-07-01 14:15:00,28.62034706347563,77.20376406399808,133
48,2026-07-01 14:20:00,28.62057563556196,77.20298819249864,128
48,2026-07-01 14:25:00,28.620442669853425,77.20431239741312,132
48,2026-07-01 14:30:00,28.621712348094434,77.20524990344977,130
48,2026-07-01 14:35:00,28.623833357314705,77.20564240735929,132
48,2026-07-01 14:40:00,28.62497001519084,77.20326130744364,133
48,2026-07-01 14:45:00,28.626186269907222,77.20200424489131,138
48,2026-07-01 14:50:00,28.626580221916218,77.2011412377533,142
48,2026-07-01 14:55:00,28.62623633616647,77.20174546740718,142
48,2026-07-01 15:00:00,28.624951425136178,77.2022558515898,144
48,2026-07-01 15:05:00,28.62456009473095,77.20200957717837,145
48,2026-07-01 15:10:00,28.623963222187175,77.20029984908247,143
48,2026-07-01 15:15:00,28.624463353837996,77.19986522156046,143
48,2026-07-01 15:20:00,28.624883161758948,77.19877434019037,140
48,2026-07-01 15:25:00,28.626099213484178,77.19802734981216,144
48,2026-07-01 15:30:00,28.62748375605403,77.19864585941431,144
48,2026-07-01 15:35:00,28.626672318971263,77.19931401404429,140
48,2026-07-01 15:40:00,28.626052426962605,77.1995403889408,136
48,2026-07-01 15:45:00,28.625810370123894,77.19871510869119,132
48,2026-07-01 15:50:00,28.62655954455397,77.19901870956474,136
48,2026-07-01 15:55:00,28.627812695954823,77.19950662231687,136
48,2026-07-01 16:00:00,28.628596432011417,77.19876183050465,138
48,2026-07-01 16:05:00,28.62699947593572,77.19857580484144,138
48,2026-07-01 16:10:00,28.627182741804543,77.19808256097615,141
48,2026-07-01 16:15:00,28.626935686475147,77.19822555193333,140
48,2026-07-01 16:20:00,28.626786945760347,77.19807920326316,137
48,2026-07-01 16:25:00,28.625336112065558,77.19713245527524,142
48,2026-07-01 16:30:00,28.624715936442044,77.19694262014717,138
48,2026-07-01 16:35:00,28.625499715892353,77.1975722681606,138
49,2026-07-01 00:00:00,28.60609410053151,77.20031404096041,23
49,2026-07-01 00:05:00,28.606948506755593,77.20151804131277,23
49,2026-07-01 00:10:00,28.607918592741772,77.20061690392204,18
49,2026-07-01 00:15:00,28.606998644283927,77.20119399794987,13
49,2026-07-01 00:20:00,28.60635363936982,77.20191675162185,16
49,2026-07-01 00:25:00,28.605507948550056,77.20266867262148,12
49,2026-07-01 00:30:00,28.6036365985208,77.20299431994528,13
49,2026-07-01 00:35:00,28.603668672848357,77.2029813262666,11
49,2026-07-01 00:40:00,28.605160163114522,77.20163766509785,11
49,2026-07-01 00:45:00,28.6052723428943,77.1999146811082,15
49,2026-07-01 00:50:00,28.605672980747496,77.19826537258093,14
49,2026-07-01 00:55:00,28.603835642794152,77.19961071167427,11
49,2026-07-01 01:00:00,28.60474173203633,77.20014807820313,8
49,2026-07-01 01:05:00,28.605059063696594,77.20008897565425,10
49,2026-07-01 01:10:00,28.60524473325564,77.20004961502944,6
49,2026-07-01 01:15:00,28.606814487938365,77.2008179431503,1
49,2026-07-01 01:20:00,28.60625419746138,77.20171480031453,0
49,2026-07-01 01:25:00,28.606325368257746,77.20282352541592,4
49,2026-07-01 01:30:00,28.606798492134146,77.20270447185652,7
49,2026-07-01 01:35:00,28.60487497146326,77.20282352789752,8
49,2026-07-01 01:40:00,28.60613458945243,77.2028152117345,4
49,2026-07-01 01:45:00,28.606375592590094,77.20198462121417,4
49,2026-07-01 01:50:00,28.605817246581804,77.20059304498237,1
49,2026-07-01 01:55:00,28.60546884962596,77.2014482361717,4
49,2026-07-01 02:00:00,28.606775885057917,77.20123113042467,0
49,2026-07-01 02:05:00,28.60704171558255,77.20318191612822,0
49,2026-07-01 02:10:00,28.608561727923334,77.20127227801768,5
49,2026-07-01 02:15:00,28.607942819798712,77.20219050889816,5
49,2026-07-01 02:20:00,28.607255074735104,77.20167394131546,7
49,2026-07-01 02:25:00,28.606247494819844,77.20025882690594,12
49,2026-07-01 02:30:00,28.604747780008935,77.20023784694853,11
49,2026-07-01 02:35:00,28.606058158857202,77.20132692857588,16
49,2026-07-01 02:40:00,28.607729835463843,77.20196016516468,11
49,2026-07-01 02:45:00,28.60671313451109,77.20166212099048,7
49,2026-07-01 02:50:00,28.60663421996862,77.20264720889855,12
49,2026-07-01 02:55:00,28.60741362833725,77.20349818021649,9
49,2026-07-01 03:00:00,28.608019560431575,77.20318442327122,13
49,2026-07-01 03:05:00,28.60792227639608,77.20267142442287,15
49,2026-07-01 03:10:00,28.607450617261218,77.20256521123929,10
49,2026-07-01 03:15:00,28.605542395140375,77.20265473121374,13
49,2026-07-01 03:20:00,28.605774408228783,77.20396901305676,9
49,2026-07-01 03:25:00,28.605737060509792,77.20486196899394,13
49,2026-07-01 03:30:00,28.607610922058562,77.20583045799472,15
49,2026-07-01 03:35:00,28.608936294317353,77.20582369340107,17
49,2026-07-01 03:40:00,28.608147839428455,77.20618219835826,21
49,2026-07-01 03:45:00,28.607774562103216,77.20461031293162,21
49,2026-07-01 03:50:00,28.60828275275807,77.20475276469067,20
49,2026-07-01 03:55:00,28.608926206069967,77.20632654027301,18
49,2026-07-01 04:00:00,28.606838355866852,77.20630300811195,17
49,2026-07-01 04:05:00,28.607442660146553,77.20498928876715,15
49,2026-07-01 04:10:00,28.6073706181442,77.20636334412148,19
49,2026-07-01 04:15:00,28.608774400341094,77.20573550924698,15
49,2026-07-01 04:20:00,28.608333026727397,77.20560124357354,10
49,2026-07-01 04:25:00,28.607674483878466,77.20639185845106,15
49,2026-07-01 04:30:00,28.607782476425626,77.20578882185464,19
49,2026-07-01 04:35:00,28.605424238227226,77.20662161072676,20
49,2026-07-01 04:40:00,28.60486821516907,77.20476258951116,19
49,2026-07-01 04:45:00,28.6041279309713,77.20464187015021,19
49,2026-07-01 04:50:00,28.605624686933712,77.20564767172843,17
49,2026-07-01 04:55:00,28.605008705590627,77.20604125237877,18
49,2026-07-01 05:00:00,28.604766493457685,77.20711311001082,18
49,2026-07-01 05:05:00,28.605558990549163,77.20541372493581,14
49,2026-07-01 05:10:00,28.60782221807779,77.20636926096157,15
49,2026-07-01 05:15:00,28.609238801901135,77.20667265333677,10
49,2026-07-01 05:20:00,28.609187704841727,77.20551892085977,12
49,2026-07-01 05:25:00,28.608013886802418,77.20709231148977,15
49,2026-07-01 05:30:00,28.609533391719406,77.20789825571461,14
49,2026-07-01 05:35:00,28.609188442404193,77.20607134541065,14
49,2026-07-01 05:40:00,28.609913475678585,77.20600073670536,15
49,2026-07-01 05:45:00,28.60888932875031,77.20562812854824,17
49,2026-07-01 05:50:00,28.607596599253615,77.20598318512417,14
49,2026-07-01 05:55:00,28.608382787694897,77.20553962034356,10
49,2026-07-01 06:00:00,28.610342278251657,77.20578938155184,13
49,2026-07-01 06:05:00,28.610967895683395,77.20664584223967,9
49,2026-07-01 06:10:00,28.61078966693871,77.2073238331367,8
49,2026-07-01 06:15:00,28.611826099294458,77.20757260429674,9
49,2026-07-01 06:20:00,28.6119583159871,77.2076732840375,12
49,2026-07-01 06:25:00,28.612161879836766,77.20633631399832,14
49,2026-07-01 06:30:00,28.612417117792805,77.20663064704345,12
49,2026-07-01 06:35:00,28.613141082259382,77.20713047351668,13
49,2026-07-01 06:40:00,28.613638876858403,77.20796205543992,10
49,2026-07-01 06:45:00,28.61289301688272,77.20841471962429,8
49,2026-07-01 06:50:00,28.611417470106172,77.2080885542162,11
49,2026-07-01 06:55:00,28.610093079441448,77.20845741913762,9
49,2026-07-01 07:00:00,28.608355751378884,77.20808800196633,8
49,2026-07-01 07:05:00,28.60848600616203,77.20870908020981,13
49,2026-07-01 07:10:00,28.60900324554871,77.20739235147076,11
49,2026-07-01 07:15:00,28.610418813515725,77.20754426747528,7
49,2026-07-01 07:20:00,28.610854387498602,77.20678760718386,12
49,2026-07-01 07:25:00,28.61054779297396,77.20745151751142,7
49,2026-07-01 07:30:00,28.60931399335408,77.20997405420904,3
49,2026-07-01 07:35:00,28.608978925082152,77.20866055081578,1
49,2026-07-01 07:40:00,28.60926054920442,77.21041100366091,0
49,2026-07-01 07:45:00,28.611031431412083,77.21058505970025,2
49,2026-07-01 07:50:00,28.61135766012259,77.20952789638065,6
49,2026-07-01 07:55:00,28.6105498170206,77.2091966592364,6
49,2026-07-01 08:00:00,28.61091271100107,77.20944122147762,6
49,2026-07-01 08:05:00,28.611536404211247,77.20945680605018,4
49,2026-07-01 08:10:00,28.611527636927608,77.21059221713564,4
49,2026-07-01 08:15:00,28.609871239301214,77.20977042113499,0
49,2026-07-01 08:20:00,28.610362080926706,77.20964425900601,2
49,2026-07-01 08:25:00,28.612248209597357,77.21025160920908,0
49,2026-07-01 08:30:00,28.61081874989703,77.20980078579801,0
49,2026-07-01 08:35:00,28.608996840007475,77.20956349014024,5
49,2026-07-01 08:40:00,28.608314455422004,77.20807775067452,10
49,2026-07-01 08:45:00,28.60755062885387,77.2083533836424,9
49,2026-07-01 08:50:00,28.60832647280094,77.2080190318161,9
49,2026-07-01 08:55:00,28.60947891967672,77.20579748805224,5
49,2026-07-01 09:00:00,28.609529327255935,77.20484298220373,8
49,2026-07-01 09:05:00,28.60882407594579,77.20541343977153,9
49,2026-07-01 09:10:00,28.60724934657245,77.20429488881199,11
49,2026-07-01 09:15:00,28.60789961280941,77.20515522338769,6
49,2026-07-01 09:20:00,28.607164796189963,77.20597286911377,3
49,2026-07-01 09:25:00,28.608645566394102,77.20673705544999,0
49,2026-07-01 09:30:00,28.609533619248147,77.20617998525637,0
49,2026-07-01 09:35:00,28.609350561520248,77.20715940100263,1
49,2026-07-01 09:40:00,28.61118456193853,77.20894928531818,6
49,2026-07-01 09:45:00,28.61031307387035,77.20869222141556,6
49,2026-07-01 09:50:00,28.610313437705194,77.20771772395169,5
49,2026-07-01 09:55:00,28.610521664567347,77.20740175156632,3
49,2026-07-01 10:00:00,28.611102349061053,77.20685607321258,8
49,2026-07-01 10:05:00,28.610838533778058,77.20798073866837,5
49,2026-07-01 10:10:00,28.610805448176677,77.20789693561042,5
49,2026-07-01 10:15:00,28.609782992275928,77.20681064643682,4
49,2026-07-01 10:20:00,28.611140661756956,77.20691080892136,0
49,2026-07-01 10:25:00,28.612347396451504,77.20706918151959,0
49,2026-07-01 10:30:00,28.61316238148691,77.20669767229408,0
49,2026-07-01 10:35:00,28.61356014367621,77.20937357302361,3
49,2026-07-01 10:40:00,28.61286746399693,77.2098482642481,1
49,2026-07-01 10:45:00,28.613950230709346,77.21141586894088,6
49,2026-07-01 10:50:00,28.613220616890526,77.21062370114562,7
49,2026-07-01 10:55:00,28.61209276064438,77.21107411530694,11
49,2026-07-01 11:00:00,28.61318475566769,77.2088477028284,9
49,2026-07-01 11:05:00,28.61373088240906,77.20780206496119,4
49,2026-07-01 11:10:00,28.612701861560687,77.20858758260653,7
49,2026-07-01 11:15:00,28.612206537150144,77.20872871749727,6
49,2026-07-01 11:20:00,28.610999707030587,77.21015576179727,9
49,2026-07-01 11:25:00,28.610127366745285,77.20959984830095,8
49,2026-07-01 11:30:00,28.609175243003136,77.20951612586576,11
49,2026-07-01 11:35:00,28.606354976499706,77.20891817652074,12
49,2026-07-01 11:40:00,28.605725975397405,77.20860885621585,17
49,2026-07-01 11:45:00,28.604973137348416,77.2109534430359,13
49,2026-07-01 11:50:00,28.604858926652184,77.20865636103353,18
49,2026-07-01 11:55:00,28.604451654845988,77.20891569200488,22
49,2026-07-01 12:00:00,28.60519659857917,77.20914372907707,25
49,2026-07-01 12:05:00,28.60551304533775,77.20922834912547,22
49,2026-07-01 12:10:00,28.604943605748964,77.20823559982448,18
49,2026-07-01 12:15:00,28.606258542794304,77.20736290788857,17
49,2026-07-01 12:20:00,28.605839120518688,77.20716883599566,16
49,2026-07-01 12:25:00,28.605641002282578,77.20666497210436,17
49,2026-07-01 12:30:00,28.60650922387111,77.20537221568452,18
49,2026-07-01 12:35:00,28.605824979141023,77.20363542005254,13
49,2026-07-01 12:40:00,28.605292323867747,77.20392595214737,16
49,2026-07-01 12:45:00,28.60438284425378,77.20231700041805,21
49,2026-07-01 12:50:00,28.60328609274955,77.20230126609651,20
49,2026-07-01 12:55:00,28.602782208315926,77.20294655984132,19
49,2026-07-01 13:00:00,28.602607435185806,77.2021158938486,19
49,2026-07-01 13:05:00,28.602556499276215,77.202113212285,16
49,2026-07-01 13:10:00,28.60061852596173,77.20155411771289,19
49,2026-07-01 13:15:00,28.600825381029725,77.19985492661459,19
49,2026-07-01 13:20:00,28.599947652180884,77.19981649605383,18
49,2026-07-01 13:25:00,28.599237062183548,77.1996326716307,14
49,2026-07-01 13:30:00,28.598704596789542,77.20057782636636,14
49,2026-07-01 13:35:00,28.598685409302263,77.20015637804259,18
49,2026-07-01 13:40:00,28.599007664458433,77.19952897040427,18
49,2026-07-01 13:45:00,28.597797576381563,77.20004855820429,16
49,2026-07-01 13:50:00,28.59809172226545,77.20082181942571,17
49,2026-07-01 13:55:00,28.59693471647501,77.19988276648579,14
49,2026-07-01 14:00:00,28.597217776021516,77.1986736551968,12
49,2026-07-01 14:05:00,28.59638291050937,77.19814943465553,13
49,2026-07-01 14:10:00,28.598335142729166,77.19903492792292,16
49,2026-07-01 14:15:00,28.598865366686265,77.19980903693549,18
49,2026-07-01 14:20:00,28.597937180485502,77.20040427529955,22
49,2026-07-01 14:25:00,28.59774727177843,77.20093754105453,20
49,2026-07-01 14:30:00,28.59628032405138,77.20245038777956,22
49,2026-07-01 14:35:00,28.594696834650268,77.20188658431526,23
49,2026-07-01 14:40:00,28.593390471712716,77.20236518317947,21
49,2026-07-01 14:45:00,28.593103828666386,77.20273588169033,17
49,2026-07-01 14:50:00,28.592793345102073,77.20169828981884,12
49,2026-07-01 14:55:00,28.591653442888365,77.20136496672154,7
49,2026-07-01 15:00:00,28.593360142018938,77.20243208005351,6
49,2026-07-01 15:05:00,28.59276038778078,77.20272937168122,10
49,2026-07-01 15:10:00,28.593821628906063,77.20276077557799,10
49,2026-07-01 15:15:00,28.595224393216643,77.20344823197587,13
49,2026-07-01 15:20:00,28.594589133937756,77.2033079602176,11
49,2026-07-01 15:25:00,28.59298647566707,77.20396984982112,11
49,2026-07-01 15:30:00,28.591055414175038,77.2048597999172,16
49,2026-07-01 15:35:00,28.590896584983653,77.2035520573283,15
49,2026-07-01 15:40:00,28.59031884784942,77.20452717184942,15
49,2026-07-01 15:45:00,28.59018584313713,77.20445188045512,20
49,2026-07-01 15:50:00,28.589456501278168,77.20473573774495,21
49,2026-07-01 15:55:00,28.58997081319642,77.20540906002049,19
49,2026-07-01 16:00:00,28.588820452953374,77.20471005483027,21
49,2026-07-01 16:05:00,28.589947104516412,77.20456764447012,19
49,2026-07-01 16:10:00,28.590014174016424,77.20462392848964,19
49,2026-07-01 16:15:00,28.589820254969847,77.20583319367914,17
49,2026-07-01 16:20:00,28.59036813020684,77.20685098666634,15
49,2026-07-01 16:25:00,28.59044818816935,77.20817555648453,18
49,2026-07-01 16:30:00,28.588970283786765,77.20717954130312,16
49,2026-07-01 16:35:00,28.587506465202612,77.20838565589231,18
50,2026-07-01 00:00:00,28.61046585671029,77.20327486794456,42
50,2026-07-01 00:05:00,28.60959010338538,77.20199115368688,40
50,2026-07-01 00:10:00,28.60874614134781,77.20216682987055,36
50,2026-07-01 00:15:00,28.610500184398138,77.20270481414309,39
50,2026-07-01 00:20:00,28.611562299198603,77.20373306631167,39
50,2026-07-01 00:25:00,28.613058755257974,77.20456159908879,36
50,2026-07-01 00:30:00,28.613728333688478,77.20407645482337,38
50,2026-07-01 00:35:00,28.61462980849964,77.20408546604544,36
50,2026-07-01 00:40:00,28.61342427989503,77.20590283437522,41
50,2026-07-01 00:45:00,28.613660238598417,77.20586537738801,45
50,2026-07-01 00:50:00,28.616474011816027,77.20732271746184,43
50,2026-07-01 00:55:00,28.61712825257081,77.20839325103539,46
50,2026-07-01 01:00:00,28.616783254991176,77.20946739389225,49
50,2026-07-01 01:05:00,28.618795626438384,77.20959110614388,46
50,2026-07-01 01:10:00,28.619069034092625,77.20921038832905,47
50,2026-07-01 01:15:00,28.620111281925674,77.20946360741961,52
50,2026-07-01 01:20:00,28.619945247908372,77.21031832048824,54
50,2026-07-01 01:25:00,28.61895779743965,77.21081658519543,52
50,2026-07-01 01:30:00,28.619265122470964,77.20983464196064,55
50,2026-07-01 01:35:00,28.619171333282576,77.20954525882587,55
50,2026-07-01 01:40:00,28.618809742816712,77.20903960254769,55
50,2026-07-01 01:45:00,28.616298530148228,77.20872660596554,53
50,2026-07-01 01:50:00,28.616414191165838,77.20797804274544,58
50,2026-07-01 01:55:00,28.615111474859077,77.2062041968117,55
50,2026-07-01 02:00:00,28.616591967011747,77.20684494319269,52
50,2026-07-01 02:05:00,28.618475709784327,77.20740968130944,47
50,2026-07-01 02:10:00,28.61941501511496,77.20880955318816,47
50,2026-07-01 02:15:00,28.620105158681493,77.20818424959275,43
50,2026-07-01 02:20:00,28.618868265493923,77.20813235220592,38
50,2026-07-01 02:25:00,28.618727957339647,77.2073516766012,37
50,2026-07-01 02:30:00,28.61852372385358,77.20725678529652,38
50,2026-07-01 02:35:00,28.617479124064204,77.20774662606127,35
50,2026-07-01 02:40:00,28.617027721350823,77.20766582861337,37
50,2026-07-01 02:45:00,28.618097602655496,77.20715560369747,40
50,2026-07-01 02:50:00,28.617012876418205,77.2046594236755,44
50,2026-07-01 02:55:00,28.6171275865406,77.20689096507368,40
50,2026-07-01 03:00:00,28.61569859480309,77.20651708840764,41
50,2026-07-01 03:05:00,28.614283986054822,77.20899553159083,42
50,2026-07-01 03:10:00,28.61420547435006,77.2092263001295,37
50,2026-07-01 03:15:00,28.61360069356403,77.21007603112513,42
50,2026-07-01 03:20:00,28.61412536317376,77.20996347429285,45
50,2026-07-01 03:25:00,28.61479684084519,77.20928485367531,40
50,2026-07-01 03:30:00,28.614565203649143,77.20833623380756,43
50,2026-07-01 03:35:00,28.61443672430633,77.2072762461991,48
50,2026-07-01 03:40:00,28.616618992116024,77.2074790265619,46
50,2026-07-01 03:45:00,28.61592833362146,77.20833448725814,43
50,2026-07-01 03:50:00,28.61655386286516,77.20836871057783,39
50,2026-07-01 03:55:00,28.615928563385083,77.20863974354967,42
50,2026-07-01 04:00:00,28.61696765380706,77.20810602878963,43
50,2026-07-01 04:05:00,28.615462646447476,77.20955601817461,40
50,2026-07-01 04:10:00,28.615708826681313,77.20891148986398,40
50,2026-07-01 04:15:00,28.617812799487844,77.21020011834133,35
50,2026-07-01 04:20:00,28.618857510729608,77.20923217812707,40
50,2026-07-01 04:25:00,28.61941017969663,77.21038531300574,38
50,2026-07-01 04:30:00,28.61838721181176,77.21199177137372,36
50,2026-07-01 04:35:00,28.618799246349358,77.21036538739006,34
50,2026-07-01 04:40:00,28.618049905049237,77.21011296766831,32
50,2026-07-01 04:45:00,28.617442958886187,77.20877244517914,36
50,2026-07-01 04:50:00,28.618537452238712,77.20865051983408,40
50,2026-07-01 04:55:00,28.61551687631688,77.20933010298347,38
50,2026-07-01 05:00:00,28.61499356989514,77.20958632796241,39
50,2026-07-01 05:05:00,28.615895961635,77.20991264054587,35
50,2026-07-01 05:10:00,28.61644006928852,77.20853295828674,30
50,2026-07-01 05:15:00,28.616121235068217,77.2077469674743,25
50,2026-07-01 05:20:00,28.615809706051838,77.20623233280514,20
50,2026-07-01 05:25:00,28.61726599134075,77.20512263480329,18
50,2026-07-01 05:30:00,28.617644187562636,77.20521900283842,13
50,2026-07-01 05:35:00,28.61746329710771,77.20497676267935,8
50,2026-07-01 05:40:00,28.61729757528514,77.20573823178691,7
50,2026-07-01 05:45:00,28.616637525794633,77.20570164036178,5
50,2026-07-01 05:50:00,28.616970060196056,77.20506630222872,7
50,2026-07-01 05:55:00,28.617226573936048,77.20560181477359,12
50,2026-07-01 06:00:00,28.61827575014238,77.20468119683962,14
50,2026-07-01 06:05:00,28.619788444400474,77.20619074851392,13
50,2026-07-01 06:10:00,28.618484982843245,77.20750808076181,11
50,2026-07-01 06:15:00,28.617603321872146,77.20912171397438,16
50,2026-07-01 06:20:00,28.617072325022587,77.20955612712481,17
50,2026-07-01 06:25:00,28.61643412243686,77.20934338394603,16
50,2026-07-01 06:30:00,28.617677055852763,77.20848699302759,13
50,2026-07-01 06:35:00,28.61585108240043,77.20751548738174,17
50,2026-07-01 06:40:00,28.615560967035428,77.20668288296974,17
50,2026-07-01 06:45:00,28.614783808689747,77.2066770108926,16
50,2026-07-01 06:50:00,28.614801584206973,77.20600118755603,13
50,2026-07-01 06:55:00,28.615002424045652,77.20598875620385,12
50,2026-07-01 07:00:00,28.61640504699898,77.20607121323376,13
50,2026-07-01 07:05:00,28.61659583693567,77.20445562453529,9
50,2026-07-01 07:10:00,28.61514109296416,77.20599986937513,10
50,2026-07-01 07:15:00,28.6144081096209,77.20507379734744,11
50,2026-07-01 07:20:00,28.61385614767205,77.20412464624832,14
50,2026-07-01 07:25:00,28.613011685925496,77.20604496951053,15
50,2026-07-01 07:30:00,28.61329938286242,77.20515535069988,19
50,2026-07-01 07:35:00,28.61343503815335,77.20520502178321,14
50,2026-07-01 07:40:00,28.612162419259377,77.20466468265349,15
50,2026-07-01 07:45:00,28.611881341015856,77.20497327287244,19
50,2026-07-01 07:50:00,28.611792493554862,77.20509794852103,17
50,2026-07-01 07:55:00,28.612792382267514,77.20536306002182,12
50,2026-07-01 08:00:00,28.61357772394445,77.2062949148399,13
50,2026-07-01 08:05:00,28.612108011579775,77.20613853936254,9
50,2026-07-01 08:10:00,28.6111453819518,77.20712012169514,13
50,2026-07-01 08:15:00,28.609141916508833,77.20741726388407,11
50,2026-07-01 08:20:00,28.608322668996102,77.20859119213142,8
50,2026-07-01 08:25:00,28.60546466343625,77.20953422847072,4
50,2026-07-01 08:30:00,28.60698566308539,77.21010800224315,1
50,2026-07-01 08:35:00,28.60763233728858,77.21176291647788,0
50,2026-07-01 08:40:00,28.608284379361844,77.21286890687416,1
50,2026-07-01 08:45:00,28.607437541883048,77.21210048512042,1
50,2026-07-01 08:50:00,28.606262268988445,77.21375637819669,2
50,2026-07-01 08:55:00,28.607228574437837,77.21559237862127,0
50,2026-07-01 09:00:00,28.607383522998663,77.21562330344194,0
50,2026-07-01 09:05:00,28.60719994070917,77.21599173325038,0
50,2026-07-01 09:10:00,28.60865170228751,77.21750633636705,0
50,2026-07-01 09:15:00,28.60938780284335,77.21649792247699,0
50,2026-07-01 09:20:00,28.608962889304742,77.21838950281538,2
50,2026-07-01 09:25:00,28.607802113039664,77.21953802645093,0
50,2026-07-01 09:30:00,28.60798809415616,77.21909774406755,1
50,2026-07-01 09:35:00,28.608341368726432,77.21881290297625,2
50,2026-07-01 09:40:00,28.609638081624894,77.21902444110968,2
50,2026-07-01 09:45:00,28.611330795057974,77.21887961361563,1
50,2026-07-01 09:50:00,28.611638211587156,77.21806458235149,0
50,2026-07-01 09:55:00,28.613258323192163,77.2189199335585,0
50,2026-07-01 10:00:00,28.614465675564936,77.21781430161336,0
50,2026-07-01 10:05:00,28.612182801699817,77.2190249984534,3
50,2026-07-01 10:10:00,28.613551478693175,77.21939082901048,3
50,2026-07-01 10:15:00,28.61300611659919,77.21813503842256,6
50,2026-07-01 10:20:00,28.61215751553176,77.21684204190917,7
50,2026-07-01 10:25:00,28.61255034199262,77.21607199122342,5
50,2026-07-01 10:30:00,28.613537836424133,77.21651330459312,10
50,2026-07-01 10:35:00,28.613042506526025,77.21712650243461,14
50,2026-07-01 10:40:00,28.611936726239964,77.2175350184996,11
50,2026-07-01 10:45:00,28.611832015999052,77.21772415119847,12
50,2026-07-01 10:50:00,28.611096808443197,77.21669639094752,14
50,2026-07-01 10:55:00,28.610376963663263,77.21538845495807,15
50,2026-07-01 11:00:00,28.610242912227065,77.21559995922041,20
50,2026-07-01 11:05:00,28.609603860174754,77.21440986086533,25
50,2026-07-01 11:10:00,28.60894524531075,77.21244548992097,28
50,2026-07-01 11:15:00,28.609467725133843,77.21286841852948,33
50,2026-07-01 11:20:00,28.609541815535362,77.21242411877053,35
50,2026-07-01 11:25:00,28.610204135126605,77.2132666294591,33
50,2026-07-01 11:30:00,28.60932072896627,77.21372409814519,32
50,2026-07-01 11:35:00,28.611052750040145,77.21323438356237,33
50,2026-07-01 11:40:00,28.612058989596903,77.21229964235712,31
50,2026-07-01 11:45:00,28.61194516178244,77.21355192230264,30
50,2026-07-01 11:50:00,28.610577132703128,77.2162395699577,33
50,2026-07-01 11:55:00,28.611511550312,77.21643114099177,28
50,2026-07-01 12:00:00,28.611708909897157,77.21797348617464,33
50,2026-07-01 12:05:00,28.611281511394328,77.21877651375922,37
50,2026-07-01 12:10:00,28.60912614872327,77.21920446119981,34
50,2026-07-01 12:15:00,28.609500166723638,77.21888714045713,38
50,2026-07-01 12:20:00,28.608986496894303,77.21961798948837,42
50,2026-07-01 12:25:00,28.60948775902567,77.22253732879726,45
50,2026-07-01 12:30:00,28.60891366836608,77.22227400034465,43
50,2026-07-01 12:35:00,28.60698770042017,77.22251730856995,44
50,2026-07-01 12:40:00,28.606726064222887,77.22268504336691,49
50,2026-07-01 12:45:00,28.608125986349908,77.2218071302833,46
50,2026-07-01 12:50:00,28.60741347037726,77.22085969313137,46
50,2026-07-01 12:55:00,28.60769758367261,77.22047291793407,50
50,2026-07-01 13:00:00,28.607120691683697,77.22117034340617,48
50,2026-07-01 13:05:00,28.607013623897416,77.22063120096473,46
50,2026-07-01 13:10:00,28.6085532585652,77.21934780898778,44
50,2026-07-01 13:15:00,28.609112870518043,77.21908229350922,42
50,2026-07-01 13:20:00,28.609398688152393,77.21926922132667,39
50,2026-07-01 13:25:00,28.60875083969984,77.2195639196875,44
50,2026-07-01 13:30:00,28.60887415322067,77.21965154451331,43
50,2026-07-01 13:35:00,28.608520303027106,77.21968472555452,44
50,2026-07-01 13:40:00,28.608989805508298,77.21923504143122,47
50,2026-07-01 13:45:00,28.60892311398069,77.22000033635516,50
50,2026-07-01 13:50:00,28.607851234989862,77.22098281478193,55
50,2026-07-01 13:55:00,28.607540319770496,77.22042569078425,55
50,2026-07-01 14:00:00,28.606931020375992,77.2217419460005,56
50,2026-07-01 14:05:00,28.603824094356792,77.22128993832744,54
50,2026-07-01 14:10:00,28.603585643948822,77.22206390069721,50
50,2026-07-01 14:15:00,28.602679147829747,77.22207093249506,49
50,2026-07-01 14:20:00,28.602659213719658,77.22260621287585,48
50,2026-07-01 14:25:00,28.603213917258145,77.22350106920457,47
50,2026-07-01 14:30:00,28.603507053364368,77.2247815878414,46
50,2026-07-01 14:35:00,28.603130724990613,77.22432338960556,48
50,2026-07-01 14:40:00,28.604989839795255,77.22456751662645,53
50,2026-07-01 14:45:00,28.605063197772456,77.22346606328539,54
50,2026-07-01 14:50:00,28.604100306412832,77.2239799723504,56
50,2026-07-01 14:55:00,28.603492283776642,77.22492563541498,57
50,2026-07-01 15:00:00,28.604251610967026,77.22462833182087,54
50,2026-07-01 15:05:00,28.60399562704245,77.22512646901114,49
50,2026-07-01 15:10:00,28.604265948288294,77.22499479522868,48
50,2026-07-01 15:15:00,28.603783935689663,77.22443523176261,49
50,2026-07-01 15:20:00,28.60524128428831,77.2255938502073,51
50,2026-07-01 15:25:00,28.604020684181084,77.2258732347007,56
50,2026-07-01 15:30:00,28.60444182004293,77.22447056872913,55
50,2026-07-01 15:35:00,28.604935904510672,77.22383683353554,52
50,2026-07-01 15:40:00,28.604704365087553,77.22381774478531,54
50,2026-07-01 15:45:00,28.60578489115049,77.22563933452386,54
50,2026-07-01 15:50:00,28.606504176908995,77.22539713573805,50
50,2026-07-01 15:55:00,28.60591826059292,77.22234181779173,47
50,2026-07-01 16:00:00,28.60553021797507,77.2224230052629,48
50,2026-07-01 16:05:00,28.605283029987866,77.2231217212108,52
50,2026-07-01 16:10:00,28.60407477853707,77.22425832709733,54
50,2026-07-01 16:15:00,28.60472853684251,77.22259090276243,49
50,2026-07-01 16:20:00,28.605882889363368,77.22395625548702,47
50,2026-07-01 16:25:00,28.606481990996446,77.22272409746228,49
50,2026-07-01 16:30:00,28.60781722778617,77.22403643462383,45
50,2026-07-01 16:35:00,28.608608755522898,77.22458161079946,42
